--
-- Script was generated by Devart dbForge Studio 2020 for MySQL, Version 9.0.338.0
-- Product home page: http://www.devart.com/dbforge/mysql/studio
-- Script date 9/17/2021 4:03:44 PM
-- Server version: 8.0.26
-- Client version: 4.1
--

-- 
-- Disable foreign keys
-- 
/*!40014 SET @OLD_FOREIGN_KEY_CHECKS=@@FOREIGN_KEY_CHECKS, FOREIGN_KEY_CHECKS=0 */;

-- 
-- Set SQL mode
-- 
/*!40101 SET @OLD_SQL_MODE=@@SQL_MODE, SQL_MODE='NO_AUTO_VALUE_ON_ZERO' */;

-- 
-- Set character set the client will use to send SQL statements to the server
--
SET NAMES 'utf8';

--
-- Set default database
--
USE emis;

--
-- Drop table `employee_equipment_room`
--
DROP TABLE IF EXISTS employee_equipment_room;

--
-- Drop table `equipment_room`
--
DROP TABLE IF EXISTS equipment_room;

--
-- Drop table `employee_subject`
--
DROP TABLE IF EXISTS employee_subject;

--
-- Drop table `subject`
--
DROP TABLE IF EXISTS subject;

--
-- Drop table `employee`
--
DROP TABLE IF EXISTS employee;

--
-- Drop procedure `Proc_GetDepartments`
--
DROP PROCEDURE IF EXISTS Proc_GetDepartments;

--
-- Drop procedure `Proc_InsertDepartment`
--
DROP PROCEDURE IF EXISTS Proc_InsertDepartment;

--
-- Drop table `department`
--
DROP TABLE IF EXISTS department;

--
-- Set default database
--
USE emis;

--
-- Create table `department`
--
CREATE TABLE department (
  DepartmentId char(36) NOT NULL DEFAULT '' COMMENT 'Id tổ bộ môn',
  DepartmentName varchar(255) NOT NULL DEFAULT '' COMMENT 'Tên tổ bộ môn',
  Description varchar(255) DEFAULT NULL COMMENT 'Mô tả tổ bộ môn',
  CreatedBy varchar(100) DEFAULT NULL COMMENT 'Người tạo',
  CreatedDate datetime DEFAULT NULL COMMENT 'Thời gian tạo',
  ModifiedBy varchar(100) DEFAULT NULL COMMENT 'Người sửa',
  ModifiedDate datetime DEFAULT NULL COMMENT 'Thời gian sửa',
  PRIMARY KEY (DepartmentId)
)
ENGINE = INNODB,
CHARACTER SET utf8mb4,
COLLATE utf8mb4_0900_ai_ci,
COMMENT = 'Bảng tổ bộ môn';

DELIMITER $$

--
-- Create procedure `Proc_InsertDepartment`
--
CREATE DEFINER = 'root'@'localhost'
PROCEDURE Proc_InsertDepartment (IN DepartmentId char(36), IN DepartmentName varchar(255), IN Description varchar(255))
BEGIN
  INSERT INTO department (DepartmentId,
  DepartmentName,
  Description,
  CreatedDate,
  ModifiedDate)
    VALUES (UUID(), DepartmentName, Description, CURRENT_TIMESTAMP(), CURRENT_TIMESTAMP());
END
$$

--
-- Create procedure `Proc_GetDepartments`
--
CREATE DEFINER = 'root'@'localhost'
PROCEDURE Proc_GetDepartments ()
BEGIN
  SELECT
    *
  FROM department d;
END
$$

DELIMITER ;

--
-- Create table `employee`
--
CREATE TABLE employee (
  EmployeeId char(36) NOT NULL DEFAULT '' COMMENT 'Id cán bộ, giáo viên',
  EmployeeCode varchar(20) NOT NULL DEFAULT '' COMMENT 'Số hiệu cán bộ',
  EmployeeImageUrl varchar(255) DEFAULT NULL COMMENT 'Đường dẫn ảnh',
  FullName varchar(100) NOT NULL DEFAULT '' COMMENT 'Họ và tên',
  PhoneNumber varchar(20) DEFAULT NULL COMMENT 'Số điện thoại',
  Email varchar(50) DEFAULT NULL COMMENT 'Email',
  IsTrained tinyint DEFAULT NULL COMMENT 'Trình độ nghiệp vụ QLTB',
  IsActive tinyint DEFAULT NULL COMMENT 'Đang làm việc',
  EndJobDate date DEFAULT NULL COMMENT 'Ngày nghỉ việc',
  DepartmentId char(36) DEFAULT NULL COMMENT 'ID tổ bộ môn',
  CreateDate datetime DEFAULT NULL COMMENT 'Thời gian tạo',
  CreateBy varchar(100) DEFAULT NULL COMMENT 'Người tạo',
  ModifiedDate datetime DEFAULT NULL COMMENT 'Thời gian sửa',
  ModifiedBy varchar(100) DEFAULT NULL COMMENT 'Người sửa',
  PRIMARY KEY (EmployeeId)
)
ENGINE = INNODB,
CHARACTER SET utf8mb4,
COLLATE utf8mb4_0900_ai_ci,
COMMENT = 'Bảng cán bộ, giáo viên';

--
-- Create index `UK_Employee_EmployeeCode` on table `employee`
--
ALTER TABLE employee
ADD UNIQUE INDEX UK_Employee_EmployeeCode (EmployeeCode);

--
-- Create foreign key
--
ALTER TABLE employee
ADD CONSTRAINT FK_Employee_Department FOREIGN KEY (DepartmentId)
REFERENCES department (DepartmentId) ON UPDATE CASCADE;

--
-- Create table `subject`
--
CREATE TABLE subject (
  SubjectId char(36) NOT NULL DEFAULT '' COMMENT 'Id môn học',
  SubjectName varchar(255) DEFAULT '' COMMENT 'Tên môn học',
  CreatedBy varchar(100) DEFAULT NULL COMMENT 'Người tạo',
  CreatedDate datetime DEFAULT NULL COMMENT 'Thời gian tạo',
  ModifiedBy varchar(100) DEFAULT NULL COMMENT 'Người sửa',
  ModifiedDate datetime DEFAULT NULL COMMENT 'Thời gian sửa',
  PRIMARY KEY (SubjectId)
)
ENGINE = INNODB,
CHARACTER SET utf8mb4,
COLLATE utf8mb4_0900_ai_ci,
COMMENT = 'Bảng môn học';

--
-- Create table `employee_subject`
--
CREATE TABLE employee_subject (
  EmployeeSubjectId char(36) NOT NULL DEFAULT '' COMMENT 'Id môn cán bộ',
  SubjectId char(36) DEFAULT NULL COMMENT 'Id môn học',
  EmployeeId char(36) DEFAULT NULL COMMENT 'Id cán bộ',
  PRIMARY KEY (EmployeeSubjectId)
)
ENGINE = INNODB,
CHARACTER SET utf8mb4,
COLLATE utf8mb4_0900_ai_ci,
COMMENT = 'Bảng môn của cán bộ';

--
-- Create foreign key
--
ALTER TABLE employee_subject
ADD CONSTRAINT FK_employee_subject_SubjectId FOREIGN KEY (SubjectId)
REFERENCES subject (SubjectId) ON UPDATE CASCADE;

--
-- Create foreign key
--
ALTER TABLE employee_subject
ADD CONSTRAINT FK_EmployeeSubject_Employee FOREIGN KEY (EmployeeId)
REFERENCES employee (EmployeeId) ON UPDATE CASCADE;

--
-- Create table `equipment_room`
--
CREATE TABLE equipment_room (
  EquipmentRoomId char(36) NOT NULL DEFAULT '' COMMENT 'Id kho, phòng',
  EquipmentRoomName varchar(255) DEFAULT NULL COMMENT 'Tên kho, phòng',
  CreatedBy varchar(100) DEFAULT NULL COMMENT 'Người tạo',
  CreatedDate datetime DEFAULT NULL COMMENT 'Thời gian tạo',
  ModifiedBy varchar(100) DEFAULT NULL COMMENT 'Người sửa',
  ModifiedDate datetime DEFAULT NULL COMMENT 'Thời gian sửa',
  PRIMARY KEY (EquipmentRoomId)
)
ENGINE = INNODB,
CHARACTER SET utf8mb4,
COLLATE utf8mb4_0900_ai_ci,
COMMENT = 'Bảng kho, phòng';

--
-- Create table `employee_equipment_room`
--
CREATE TABLE employee_equipment_room (
  EmployeeEquipmentRoomId char(36) NOT NULL DEFAULT '' COMMENT 'Id cán bộ quản lý kho, phòng',
  EquipmentRoomId char(36) DEFAULT NULL COMMENT 'Id kho, phòng',
  EmployeeId char(36) DEFAULT NULL COMMENT 'Id cán bộ',
  PRIMARY KEY (EmployeeEquipmentRoomId)
)
ENGINE = INNODB,
CHARACTER SET utf8mb4,
COLLATE utf8mb4_0900_ai_ci,
COMMENT = 'Bảng cán bộ quản lý kho, phòng';

--
-- Create foreign key
--
ALTER TABLE employee_equipment_room
ADD CONSTRAINT FK_employee_equipment_room_EquipmentRoomId FOREIGN KEY (EquipmentRoomId)
REFERENCES equipment_room (EquipmentRoomId) ON UPDATE CASCADE;

--
-- Create foreign key
--
ALTER TABLE employee_equipment_room
ADD CONSTRAINT FK_EmployeeEquipmentRoom_Employee FOREIGN KEY (EmployeeId)
REFERENCES employee (EmployeeId) ON UPDATE CASCADE;

-- 
-- Dumping data for table department
--
INSERT INTO department VALUES
('11452b0c-768e-5ff7-0d63-eeb1d8ed8cef', 'Tổ Âm nhạc - Mĩ thuật', 'Quo et consectetur. Omnis dolorem delectus quo corporis suscipit officiis; incidunt saepe vel nostrum ex et sed.', 'Adolph Francisco', '1978-01-14 13:32:11', 'Jason Blackmon', '2008-11-15 03:32:55'),
('142cb08f-7c31-21fa-8e90-67245e8b283e', 'Tổ toán - tin', 'Praesentium excepturi architecto ipsum possimus. Dolore molestiae omnis nihil. Aliquid perspiciatis qui. Ea sed nam; accusantium ipsam ut. Soluta.', 'Letha Bolt', '1970-01-01 00:07:13', 'Abraham Acevedo', '1970-01-01 00:00:04'),
('17120d02-6ab5-3e43-18cb-66948daf6128', 'Tổ Sử - Địa - GDCD', 'Neque amet ut. Natus quis ratione. Itaque tempore ut. Enim impedit magnam. Quo consectetur temporibus! Excepturi debitis perspiciatis. Quis et expedita!', 'Miyoko Mckinney', '2020-10-28 11:46:15', 'Hong Beaudoin', '2006-07-28 15:47:36'),
('4577565a-7e3e-493a-74dd-867949feb8b5', 'Tổ Anh văn', 'Et dolorem minus. Quasi non nesciunt! Minus alias suscipit. Laboriosam tenetur consectetur. Quia eaque enim! Minus nam vel. Voluptatum veniam fuga. Ipsum.', 'Felix Alba', '2003-11-23 01:44:16', 'Tiny Card', '1995-08-26 13:26:28'),
('469b3ece-744a-45d5-957d-e8c757976496', 'Ban Giám hiệu', 'Quam odit provident dolor. Natus error velit consequatur hic vero ut! Est nemo molestiae adipisci qui quia ipsam.', 'Vanita Kelleher', '1979-11-17 01:23:49', 'Retta Lord', '1981-07-17 19:25:25'),
('4e272fc4-7875-78d6-7d32-6a1673ffca7c', 'Tổ Lý - Công nghệ', 'Qui tempora nisi similique laboriosam illum nesciunt. Unde similique omnis voluptatem sit nisi ipsum. Illum accusantium sit quia quidem; in et fuga.', 'Marcos Abraham', '1975-11-20 09:56:29', 'Treena Lind', '1970-01-01 00:00:08'),
('59d19422-6657-452e-a7db-e5d54223c257', 'Tổ Hóa - Sinh', NULL, NULL, NULL, 'Maynard Brockman', '2020-06-19 08:52:00'),
('7686595d-16d5-33b3-0080-e8e2a817c80e', 'Tổ Thể dục - Âm nhạc - Mỹ thuật', 'Unde quia dolorem. Molestias fuga dolor. Laudantium commodi dolor. Qui dicta mollitia. Tempore qui ut. Quia facere nesciunt! Veniam possimus nihil; nihil.', 'Eusebia Noland', '1970-04-23 03:19:54', 'Carroll Binder', '2001-05-15 01:39:24'),
('768f8e64-7d10-20c9-967d-e8c757976496', 'Tổ Văn phòng', 'Unde ipsa sint fugit. Et tenetur error deserunt aspernatur sit error. Perspiciatis voluptas nobis dolor eos illum dolor!', 'Oma Lawler', '1981-01-19 14:33:10', NULL, NULL);

-- 
-- Dumping data for table subject
--
INSERT INTO subject VALUES
('112f44cf-4800-2ee8-7f5b-5b97e23db0bb', 'Toán', 'Devora Acker', '1995-11-22 21:19:23', 'Evan Strauss', '2012-08-30 10:56:15'),
('2dc25166-685c-4bc3-dd49-fe4bedd9e894', 'Âm Nhạc', 'Ambrose Tavares', '2004-09-30 13:48:06', 'Lyle Kirchner', '1992-09-17 15:59:51'),
('3af97028-144d-3632-fe0b-72dcf4babcff', 'Mỹ thuật', 'Trinidad Wright', '1974-09-12 10:49:30', 'Ewa Gallegos', '2015-11-21 14:28:02'),
('3b880afd-77ba-69c9-6510-dde5fda516a2', 'Tin học', 'Carina Summers', '2015-07-10 23:38:56', 'Delana Devito', '1977-12-25 07:36:26'),
('3cac9e93-6ba9-5ebf-1cb3-db767732063a', 'Lịch sử', 'Odilia Archer', '1976-10-28 04:12:06', 'Hassan Nutt', '2006-01-27 19:00:27'),
('4f610a3d-21c1-4b2b-c4fe-7f9a08424f7b', 'Hóa học', 'Dina Dykes', '1970-01-01 00:00:04', 'Luise Nugent', '1991-10-28 01:40:44'),
('4fe5ee09-2c89-580a-dc49-fe4bedd9e894', 'Giáo dục công dân', 'Rocky Souza', '1989-01-11 10:37:22', 'Eusebio Amaral', '1996-10-04 16:14:42'),
('541c96a6-4e24-27fe-6610-dde5fda516a2', 'Thể dục', 'Joella Oconnell', '1988-08-29 22:55:40', 'Ruthann Yanez', '1986-04-11 03:34:04'),
('5eb78adb-60fd-65e0-c5fe-7f9a08424f7b', 'Sinh học', 'David Plante', '1970-01-01 00:09:49', 'Anibal Steward', '1975-03-07 00:00:05'),
('61e3cc06-6237-222a-7e5b-5b97e23db0bb', 'Tiếng Anh', 'Jed Feliciano', '1970-01-01 01:40:13', 'Margaret Lytle', '1970-01-01 00:00:03'),
('73b4303a-1d86-4f9c-6710-dde5fda516a2', 'Kỹ thuật', 'Brigid Jaramillo', '1979-04-18 08:01:45', 'Grady Abreu', '2006-06-21 15:56:19'),
('7461553a-1f2b-56a6-e8c0-f32a102323e6', 'Văn học', 'Abe Sims', '1970-01-01 00:00:02', 'Ronald Burleson', '1997-11-22 21:29:18'),
('791677d3-77fe-14fe-34fe-59285cca9f53', 'Công nghệ', NULL, NULL, 'Alecia Card', '1985-01-10 14:22:06');

-- 
-- Dumping data for table equipment_room
--
INSERT INTO equipment_room VALUES
('174ffc6c-4080-4bc3-a126-71cca92946bf', 'Phòng thực hành Tin', 'Ward Provost', '1970-01-01 02:39:05', 'Maria Abney', '1987-08-04 19:18:58'),
('2102924a-510c-7251-a026-71cca92946bf', 'Kho thiết bị dùng chung', 'Lonna Mccurdy', '2015-01-27 10:20:32', 'Alane Patrick', '1977-10-30 17:14:07'),
('3541ff76-58f0-6d1a-e836-63d5d5eff719', 'Phòng học nhạc', 'Araceli Kingsley', '1970-01-01 00:01:22', 'Gale Elliott', '1983-10-19 02:34:32'),
('39446ba3-3071-7af6-a5a9-deaf32c96293', 'Kho thiết bị ', NULL, NULL, 'Damien Gibbs', '1992-06-26 09:20:49'),
('423d5b84-2191-6cce-df3d-c9e9e9038fe2', 'Phòng thí nghiệm Hóa', 'Althea Heath', '2004-07-30 06:35:12', 'Alonzo Calvin', '2013-08-29 15:44:12'),
('447816de-6069-15bf-de3d-c9e9e9038fe2', 'Phòng học vẽ', 'Trent Dobbins', '1997-10-05 17:03:28', NULL, NULL),
('48b51439-3625-6c0c-7532-03c92da59c43', 'Phòng thực hành chung', 'Colton Ackerman', '2019-11-01 02:01:08', 'Trudie Abney', '1981-08-23 21:33:20'),
('71952621-23c8-61d2-d0eb-e423f1575e00', 'Nhà thể chất', 'Brett Abney', '2015-12-03 13:20:49', 'Houston Contreras', '1980-12-05 18:44:35'),
('74b4ef62-677e-21c3-88db-f21ac591aca5', 'Phòng thực hành Lý', 'Abigail Mclemore', '1970-01-01 00:00:04', 'Berry Pedersen', '1970-01-01 00:03:18'),
('79aca385-65e3-1ebe-f488-479bce9b28fc', 'Phòng thực hành Sinh', 'Kim Charlton', '1974-08-19 01:40:59', 'Kareem Culver', '1979-04-22 13:45:23');

-- 
-- Dumping data for table employee
--
INSERT INTO employee VALUES
('11131abd-1b99-688b-96f6-423b4e874d0f', 'SHCB81559', '38', 'Phạm Thanh Nhung', '0308480291', 'ngohien@gmail.com', 1, 0, '2018-11-02', '17120d02-6ab5-3e43-18cb-66948daf6128', '1990-01-01 00:00:35', '5JFAG52NS8HV538516H28QH', '1990-01-01 00:00:07', 'Nicholas Chalmers'),
('1170a168-2949-6f39-dfd2-89b22d10517e', 'SHCB18013', '22', 'Ngô Văn Bảo', '0345003064', 'unghuyen@outlook.com', 1, 1, '2011-01-06', '469b3ece-744a-45d5-957d-e8c757976496', '1990-01-01 00:00:40', '8V589O12B6DBLDVCE5LN900138T27GXW8Q05', '1999-03-08 02:13:03', 'Argelia Pineda'),
('11a8748f-3464-740c-28c2-579daad24557', 'SHCB95490', '52', 'Trịnh Bảo Huy', '0362496319', 'ungngan@icloud.com', 0, 1, '2009-12-10', '768f8e64-7d10-20c9-967d-e8c757976496', '1990-01-01 01:00:32', 'Z14HNAX1300S294C04R3RH', '1990-01-01 02:05:18', 'Amiee Pond'),
('11e8faef-6121-695a-86f6-423b4e874d0f', 'SHCB81992', '32', 'Phan Gia Trung', '0378959714', 'anhoa@gmail.com', 0, 0, '2016-10-25', '7686595d-16d5-33b3-0080-e8e2a817c80e', '2001-03-08 21:56:45', '8U1LI4H08I6T5I803675R1BEOI25TD3FDZ21H37PN', '2008-09-01 10:06:34', 'Bethann Gomes'),
('11ea67a8-36b3-7e4b-3e80-de64d090a2c2', 'SHCB18087', '40', 'Phạm Gia Nam', '0371650190', 'anbac@icloud.com', 1, 0, '2000-03-17', '142cb08f-7c31-21fa-8e90-67245e8b283e', '1999-07-04 02:33:53', 'YM377O77C4RGZA4F20KY07MCW45PH7J0NW7S53A4', '2011-10-13 16:27:54', 'Antione Pendleton'),
('1208b54a-66ee-355a-46c2-579daad24557', 'SHCB16039', '43', 'Hoàng Thanh Duy', '0372492666', 'dieungan@icloud.com', 0, 1, '2015-09-17', '11452b0c-768e-5ff7-0d63-eeb1d8ed8cef', '1990-01-01 00:00:35', 'M2U76OD476576PGR4R1G7NS7ZG9CXOMSEM0', '2011-08-01 16:01:56', 'Augustine Lerma'),
('1219e510-59ef-36fc-45c2-579daad24557', 'SHCB88550', '22', 'Ngô Vân Mai', '0327667813', NULL, 0, 1, '2005-05-20', '142cb08f-7c31-21fa-8e90-67245e8b283e', '1990-01-01 02:13:47', 'GBD', '2018-03-14 16:00:06', 'Laurence George'),
('124cf514-442e-23dd-3880-de64d090a2c2', 'SHCB57263', '58', 'Phạm Thị  Hương', '0397639092', 'nongbinh@icloud.com', 0, 0, '2021-06-30', '142cb08f-7c31-21fa-8e90-67245e8b283e', '2018-06-23 20:02:38', '73', '2001-05-14 08:23:55', 'Luther Adair'),
('12693b29-274c-35ce-d11d-086412a8ea97', 'SHCB97232', '42', 'Phan Ngọc Oanh', '0383472044', 'tonnghia@gmail.com', 1, 0, '2007-05-12', '4e272fc4-7875-78d6-7d32-6a1673ffca7c', '2007-11-25 07:45:00', '42DPF52GM0FGR37ESU7SO1A', '2000-07-04 16:23:42', 'Rodger Crawford'),
('129d7247-1da3-5f84-f91d-086412a8ea97', 'SHCB39432', '18', 'Trần Đức Hùng', '0390993015', NULL, 1, 0, '2007-04-22', '768f8e64-7d10-20c9-967d-e8c757976496', '2009-06-29 17:34:11', 'TW66SKU1MZRU5V5MB3U1W50E6', '2019-04-06 00:40:18', 'Tom Ruby'),
('12e12a5c-6e3a-503a-d71d-086412a8ea97', 'SHCB38031', '23', 'Đường Bảo Long', '0381067497', 'kimmai@outlook.com', 0, 0, '2007-10-17', '768f8e64-7d10-20c9-967d-e8c757976496', '2011-11-28 12:49:40', '0XH64ZY2V5I53XC642X85CER77142UP34J91S64', '2019-02-03 02:09:13', 'Sanda Colvin'),
('12e1b096-3542-127a-1077-d9ebc53aac3d', 'SHCB98360', '49', 'Vương Đức Tùng', '0380380123', 'vuonguyen@gmail.com', 1, 0, '2016-12-23', '59d19422-6657-452e-a7db-e5d54223c257', '1997-10-11 13:35:25', '9RL4V9ROQ80JMU730S89I97141D92', '1991-11-27 12:28:43', 'Nerissa Word'),
('13241f9b-34c5-6720-9641-c1ec321fe728', 'SHCB06786', '44', 'Phan Bảo Bắc', '0307594856', 'damuyen@icloud.com', 0, 0, '2000-02-01', '59d19422-6657-452e-a7db-e5d54223c257', '1990-08-16 19:12:43', '04MOKERZX94L1JULF3F96GXPZA0C', '2017-12-07 11:07:05', 'Stephan Garvey'),
('1343d389-1cc2-4ab7-88f6-423b4e874d0f', 'SHCB03929', '36', 'Đoàn Minh Trung', '0345502816', 'duylong@outlook.com', 0, 0, '2005-07-15', '4577565a-7e3e-493a-74dd-867949feb8b5', '2015-04-24 14:45:54', NULL, '1990-01-01 00:44:02', NULL),
('134608bd-48c2-5fd7-1435-60b3ebf808a9', 'SHCB78943', '45', 'Nguyễn Hoàng Bắc', '0329862060', 'bachnga@gmail.com', 0, 0, '2003-10-04', '4577565a-7e3e-493a-74dd-867949feb8b5', '2005-12-20 16:44:46', 'G3G5T973C9K68XPKC4E8FT94Y3UYUU42SH154M02778MNJCLAKTWT6Z0I51Q', '2017-10-25 02:28:54', 'Shaina Fairchild'),
('13c9dea8-7958-5341-2935-60b3ebf808a9', 'SHCB10888', '24', 'Lương Khánh Nam', '0384914015', 'hatrung@outlook.com', 1, 1, '2006-01-15', '17120d02-6ab5-3e43-18cb-66948daf6128', '2003-12-12 05:51:50', 'I66HS21LRF1R4CPRT045A7BIA44GYTP1K6893D5R4N185GDK25RCS5U5Y8V8020CIV24M44F63HU0', '1990-01-01 01:11:43', 'Reuben Drake'),
('13e1d857-71ca-355c-5835-0028ed526dd0', 'SHCB68762', '22', 'Lương Minh Tuấn', '0368670210', 'kimduyen@icloud.com', 1, 0, '2019-04-15', '7686595d-16d5-33b3-0080-e8e2a817c80e', '2020-04-10 21:29:38', '33E1GJEFA', '2002-04-05 17:13:59', 'Adan Ponder'),
('13ede5b6-19dd-563e-1980-de64d090a2c2', 'SHCB42925', '44', 'Ngô Bảo Huy', '0304615255', 'luongbac@gmail.com', 1, 0, '2013-03-13', '7686595d-16d5-33b3-0080-e8e2a817c80e', '1993-10-31 08:24:17', 'MWW7UO76PV40Y8RN453O19B66', '2006-11-28 22:59:38', 'Christian Abernathy'),
('1431bd98-52a5-6694-2635-60b3ebf808a9', 'SHCB09428', '38', 'Trịnh Bảo Duy', '0382527764', 'mahuyen@icloud.com', 1, 0, '2001-05-01', '59d19422-6657-452e-a7db-e5d54223c257', '2002-02-19 13:29:55', '957MUW516SN5AB236827Q8I049', '1993-08-07 19:33:48', 'Cheryle Christenson'),
('143e4110-751a-5474-1f80-de64d090a2c2', 'SHCB49644', '33', 'Đường Thị Yến', '0371411247', 'lathao@outlook.com', 1, 1, '2016-07-06', '59d19422-6657-452e-a7db-e5d54223c257', '1990-01-01 01:40:32', 'AY486V20UA81', '1990-06-02 11:11:38', 'Jerrold Berg'),
('144bec4f-4d46-65b1-b141-c1ec321fe728', 'SHCB01840', '38', 'Đặng Gia Nam', '0314287587', 'luongnga@gmail.com', 0, 0, '2002-06-23', '7686595d-16d5-33b3-0080-e8e2a817c80e', '2003-03-21 20:56:00', '198889PSWX54IH0Q8T7ONBJWQ4YNKIM66R81J5WK4H80FB', '2013-12-21 12:27:37', 'Adela Romo'),
('147f0f39-505a-4f6c-6735-0028ed526dd0', 'SHCB09187', '31', 'Dương Bảo Nghĩa', '0366498665', 'bacchi@outlook.com', 1, 0, '2000-01-05', '11452b0c-768e-5ff7-0d63-eeb1d8ed8cef', '2019-08-27 18:14:43', '5A79H1MR88S8Z43RTX6', '2004-07-14 14:43:23', 'Carisa Schroeder'),
('14aa1334-3d35-32c4-30c2-579daad24557', 'SHCB75248', NULL, 'Đào Thảo Anh', NULL, NULL, 1, 1, '2007-10-01', '469b3ece-744a-45d5-957d-e8c757976496', '2017-03-09 00:54:37', '67Z2TW643I77D06Y2601Z7NPAZ25I3KNGQF2990U292P0352V084W855O2T0LKY7762WMU4GDUT6HPZ6EQ4877KGFCUEZED9DSGO', '2008-06-22 14:24:37', 'Eugene Valadez'),
('14c94a56-1938-315e-2235-60b3ebf808a9', 'SHCB77570', '22', 'Bùi Ngọc Hiền', '0352111247', 'tahung@gmail.com', 0, 0, '2008-08-25', '768f8e64-7d10-20c9-967d-e8c757976496', '1990-01-01 02:40:18', NULL, '2015-05-02 01:57:53', NULL),
('14eefd80-16e7-2f31-fd1d-086412a8ea97', 'SHCB69379', '23', 'Triệu Thanh Hùng', '0313621428', 'trinhhien@gmail.com', 1, 1, '2019-11-03', '17120d02-6ab5-3e43-18cb-66948daf6128', '1990-01-01 00:00:07', NULL, '1990-01-01 00:01:18', NULL),
('1518ced5-6993-37f8-6180-7ed9d1ea06ea', 'SHCB78596', '30', 'Phạm Thanh Chí', '0342836205', 'ngohuong@icloud.com', 0, 1, '2013-02-01', '142cb08f-7c31-21fa-8e90-67245e8b283e', '2018-02-14 04:50:33', '2CHSS', '1990-06-15 23:29:58', 'Everett Mccullough'),
('151fd6bf-23e6-1487-ec1d-086412a8ea97', 'SHCB10321', '27', 'Ngô Gia Bách', '0363074687', NULL, 1, 1, '2013-12-13', '7686595d-16d5-33b3-0080-e8e2a817c80e', '1999-09-27 05:46:48', '04Y5M10V535UH', '1990-01-01 00:08:26', 'Augusta Harms'),
('156bb711-53c6-12ee-5d80-7ed9d1ea06ea', 'SHCB27034', '27', 'Phan Thanh Nhung', '0380750158', 'dieungan@gmail.com', 0, 0, '2014-02-21', '469b3ece-744a-45d5-957d-e8c757976496', '2019-01-12 11:28:12', NULL, '2010-07-01 01:15:36', NULL),
('15882a38-218c-7556-3280-de64d090a2c2', 'SHCB93846', '53', 'Trần Thùy Ánh', '0332437809', 'damhoa@icloud.com', 0, 1, '2020-08-09', '142cb08f-7c31-21fa-8e90-67245e8b283e', '1991-01-23 14:45:54', '3E8Z0J', '1993-07-09 18:03:53', 'Dino Bassett'),
('15acfdfd-12d7-52f6-2777-d9ebc53aac3d', 'SHCB94834', '42', 'Hồ Thùy Liên', '0353247236', 'trieungan@gmail.com', 0, 1, '2003-05-12', '11452b0c-768e-5ff7-0d63-eeb1d8ed8cef', '1990-01-01 00:01:16', NULL, '2004-12-08 17:52:30', NULL),
('15f7fc94-6dce-3bce-2680-de64d090a2c2', 'SHCB55898', '35', 'Dương Thị  Trang', '0398608387', 'nhukhoi@outlook.com', 0, 1, '2000-01-20', '142cb08f-7c31-21fa-8e90-67245e8b283e', '1990-01-01 00:12:33', NULL, '2012-10-29 15:42:36', NULL),
('1630913e-76d8-4524-f71d-086412a8ea97', 'SHCB32761', '20', 'Hoàng Bảo Khôi', '0322839829', 'doannguyet@outlook.com', 1, 1, '2000-02-12', '17120d02-6ab5-3e43-18cb-66948daf6128', '1996-03-22 11:58:30', NULL, '1990-01-01 02:40:00', NULL),
('1737c16a-1277-1be3-3bc2-579daad24557', 'SHCB43006', '30', 'Trịnh Thùy Ánh', '0394050939', 'doanmai@gmail.com', 0, 1, '2004-09-17', '11452b0c-768e-5ff7-0d63-eeb1d8ed8cef', '1991-09-25 03:30:45', '9SPWPG97Z156FWO6NCPB9836Y24HM2Y6C960IPZ1', '1996-03-04 13:41:56', 'Elvia Hager'),
('17533c84-1985-633c-83f6-423b4e874d0f', 'SHCB51310', '47', 'Trương Thùy Nhung', '0368097675', 'hoahoang@icloud.com', 1, 1, '2008-03-31', '469b3ece-744a-45d5-957d-e8c757976496', '1990-01-01 01:11:48', '7CL95OU2K3G4SRT2UR5I6J', '2016-11-28 13:21:23', 'Cathie Ellison'),
('17872e95-3d24-6d1a-32c2-579daad24557', 'SHCB66583', '28', 'Nguyễn Thảo Hân', '0336822527', 'bachuy@gmail.com', 0, 0, '2015-01-01', '142cb08f-7c31-21fa-8e90-67245e8b283e', '2019-08-29 10:37:43', 'VYPQD1204', '1991-03-24 11:32:25', 'Beverlee Aponte'),
('17f16893-6d79-4a46-b041-c1ec321fe728', 'SHCB33402', '47', 'Vương Bảo Huy', '0316966214', 'duyhuyen@outlook.com', 0, 1, '2000-01-07', '4e272fc4-7875-78d6-7d32-6a1673ffca7c', '1990-01-01 00:05:46', 'G28W29H965I46WE18ITJG5VN2HOVNV4220X9H3MZ7A0OD47AXTBN18T', '2019-09-01 19:49:10', 'Kayce Abney'),
('183d7fea-247d-172e-3677-d9ebc53aac3d', 'SHCB31507', '41', 'Dương Thùy Ngân', '0378431187', 'lieudiem@gmail.com', 0, 1, '2010-08-09', '7686595d-16d5-33b3-0080-e8e2a817c80e', '2009-08-19 12:32:36', '7GD65BY72FEI47359EX70XAA4', '1990-01-01 01:05:51', 'Felicia Christman'),
('184de98f-2046-1e3f-3377-d9ebc53aac3d', 'SHCB65904', '45', 'Đoàn Thị Hiền', '0343368620', 'lydiem@outlook.com', 0, 0, '2016-04-17', '7686595d-16d5-33b3-0080-e8e2a817c80e', '2021-06-17 00:22:33', '01L3N9L779Q469Z64ER7K45VR047F1FXD6RTWFBI8725', '1998-07-06 00:15:10', 'Andrew Beckett'),
('188ea19d-5d0a-5e5d-e6d2-89b22d10517e', 'SHCB63938', NULL, 'Đào Văn Trung', NULL, 'tongbach@gmail.com', 0, 0, '2000-10-15', '142cb08f-7c31-21fa-8e90-67245e8b283e', '2011-01-03 01:46:44', '7400407O7M158C6453K9E7I18F96UD7038NPF3FQZS3BW5Y9219RX5', '2002-04-04 01:57:57', 'Krystal Mcintire'),
('1894486a-2191-4a91-ccd2-89b22d10517e', 'SHCB91022', '51', 'Nguyễn Thùy Huyền', '0369387987', 'daohuy@outlook.com', 1, 1, '2013-02-07', '469b3ece-744a-45d5-957d-e8c757976496', '1990-01-01 00:01:08', '4VH87A35Q46CZ9OTGCFFI2NJJ', '2011-07-07 02:27:51', 'Hunter Marroquin'),
('18baaac1-2b18-2317-b9d2-89b22d10517e', 'SHCB24422', '57', 'Nguyễn Văn Khôi', '0358774246', 'nonghan@icloud.com', 0, 0, '2011-02-04', '4577565a-7e3e-493a-74dd-867949feb8b5', '2010-06-29 09:57:06', 'BSZYZD8KX', '1999-10-14 16:03:49', 'Abby Marcum'),
('18bbd5d8-6c2d-154c-bad2-89b22d10517e', 'SHCB85916', '19', 'Hoàng Mai Hân', '0398947993', NULL, 0, 0, '2013-01-03', '142cb08f-7c31-21fa-8e90-67245e8b283e', '2017-08-13 10:50:41', '8EB3188B1LOW5HNT03Q42987H8407D', '1990-03-20 16:24:06', 'Aline Carlos'),
('18d2ec1b-61c5-1896-2ec2-579daad24557', 'SHCB60083', '22', 'Nguyễn Thị  Hương', '0330527877', 'chungbinh@outlook.com', 1, 1, '2009-04-05', '59d19422-6657-452e-a7db-e5d54223c257', '2019-01-05 12:58:51', 'VD8BDBY80WR46XACS3O6', '2013-11-03 08:09:23', 'Annemarie Hammer'),
('1906737f-3aed-5704-1777-d9ebc53aac3d', 'SHCB84779', '33', 'Bùi Khánh Thành', '0383361044', NULL, 0, 0, '2006-03-26', '4e272fc4-7875-78d6-7d32-6a1673ffca7c', '1997-05-08 07:46:26', '45', '1990-01-01 00:35:58', 'Alonzo Agee'),
('190d326c-39c7-2e98-8280-7ed9d1ea06ea', 'SHCB76541', '34', 'Đường Thị Liên', '0303777786', 'bathao@gmail.com', 1, 0, '2004-08-08', '7686595d-16d5-33b3-0080-e8e2a817c80e', '2019-11-13 05:53:57', '1YV', '2012-03-19 04:47:18', 'Fernando Abel'),
('19208572-271c-6122-3177-d9ebc53aac3d', 'SHCB55522', '42', 'Hồ Phương Thảo', '0352835796', 'trieuhoai@outlook.com', 1, 0, '2010-06-21', '4577565a-7e3e-493a-74dd-867949feb8b5', '1990-01-01 00:05:55', NULL, '1990-01-01 00:00:05', NULL),
('19256041-7623-2834-6df6-423b4e874d0f', 'SHCB56177', '19', 'Triệu Hoàng Hoàng', '0320934964', 'bacoanh@icloud.com', 1, 1, '2013-02-14', '768f8e64-7d10-20c9-967d-e8c757976496', '2013-04-12 16:51:20', NULL, '1990-01-01 00:06:47', NULL),
('192b3b9d-5e60-3b13-5b80-7ed9d1ea06ea', 'SHCB17455', NULL, 'Vương Khánh Nam', NULL, NULL, 1, 1, '2001-01-06', '469b3ece-744a-45d5-957d-e8c757976496', '1990-01-01 00:06:12', '0379FRE3', '2005-05-30 00:29:55', 'Idalia Moye'),
('197fda97-5a35-781d-0e77-d9ebc53aac3d', 'SHCB09385', NULL, 'Trịnh Minh Huy', NULL, NULL, 0, 0, '2004-04-13', '4577565a-7e3e-493a-74dd-867949feb8b5', '1991-07-19 04:58:58', '78EHT8F6K9F82O54L6TD4JYE10F67', '1999-01-29 07:45:42', 'Rodrick Paulsen'),
('199db575-444b-2633-6880-7ed9d1ea06ea', 'SHCB28814', '44', 'Vũ Thị Mai', '0378765762', 'tongchinh@gmail.com', 0, 1, '2017-06-22', '768f8e64-7d10-20c9-967d-e8c757976496', '1998-01-05 04:09:24', 'V662M19C5D3I5PF4ZR787X488WH0NZKP5RO7TIC66VN4J6HF9B3X7V', '1990-01-01 00:00:06', 'Mitzie Ross'),
('19ba0efd-5fb7-60c5-5d35-0028ed526dd0', 'SHCB68944', '23', 'Trần Thùy Quỳnh', '0316725093', 'nhuhuyen@outlook.com', 1, 1, '2008-08-31', '7686595d-16d5-33b3-0080-e8e2a817c80e', '1990-01-01 00:01:00', 'Z', '2016-10-19 08:12:01', 'Lindsey Tang'),
('1a03b81f-4e62-61a7-56c2-579daad24557', 'SHCB29931', '27', 'Trương Vân Ánh', '0358278838', 'mabach@icloud.com', 0, 0, '2014-08-08', '17120d02-6ab5-3e43-18cb-66948daf6128', '2014-09-11 12:43:26', '9IX3T54DN46ZC2RC', '1990-01-01 00:07:17', 'Derrick Henry'),
('1a1775e2-2a1b-1605-4080-de64d090a2c2', 'SHCB50280', NULL, 'Phan Khánh Nguyệt', NULL, NULL, 0, 1, '2000-09-12', '469b3ece-744a-45d5-957d-e8c757976496', '1990-01-01 00:15:27', 'NTW89599B91P7AXZ46885T', '2014-08-31 14:51:00', 'Tobie Basham'),
('1a5e12b6-47bc-2bc1-7380-7ed9d1ea06ea', 'SHCB34642', '45', 'Triệu Bảo Duy', '0306678418', 'nghiemchi@icloud.com', 0, 1, '2020-04-28', '142cb08f-7c31-21fa-8e90-67245e8b283e', '1993-07-08 05:44:18', '61MAN0', '1992-05-04 16:17:36', 'Andrew Kuntz'),
('1a7000fc-53a9-670b-1b35-60b3ebf808a9', 'SHCB71819', '62', 'Đoàn Thanh Ngân', '0332436743', 'lyduyen@icloud.com', 1, 0, '2016-09-17', '17120d02-6ab5-3e43-18cb-66948daf6128', '2000-09-30 08:14:23', 'U', '2015-10-11 03:25:06', 'Columbus Snow'),
('1aae7de9-58a5-49fe-3a77-d9ebc53aac3d', 'SHCB75407', NULL, 'Đặng Khánh Duyên', NULL, NULL, 1, 1, '2000-01-07', '142cb08f-7c31-21fa-8e90-67245e8b283e', '1996-10-14 09:20:55', NULL, '2015-08-22 03:54:48', NULL),
('1b05fdba-145b-7ab0-8d41-c1ec321fe728', 'SHCB99522', '26', 'Dương Hoàng Khang', '0300675334', 'mathao@outlook.com', 0, 0, '2000-07-30', '4e272fc4-7875-78d6-7d32-6a1673ffca7c', '1990-07-23 07:23:33', '24', '2010-01-01 10:34:10', 'Randy Ackerman'),
('1b44b340-6210-3522-8780-7ed9d1ea06ea', 'SHCB93589', NULL, 'Đoàn Ngọc Tâm', NULL, 'bachdiem@outlook.com', 0, 0, '2018-10-10', '59d19422-6657-452e-a7db-e5d54223c257', '1990-01-01 00:26:31', 'Q7GF', '1990-01-01 00:00:02', 'Dawn Anaya'),
('1b972dfb-67eb-5f25-39c2-579daad24557', 'SHCB15981', '23', 'Phan Thanh Duy', '0384115626', 'dinhuyen@icloud.com', 0, 0, '2000-06-09', '4e272fc4-7875-78d6-7d32-6a1673ffca7c', '2020-11-26 04:55:55', 'M5Y548C79989F09E31PC09', '1990-01-01 00:11:41', 'Raymundo Alarcon'),
('1bcadda9-15da-3352-4477-d9ebc53aac3d', 'SHCB02931', '21', 'Triệu Thị  Anh', '0335695652', 'kimlien@gmail.com', 1, 0, '2005-01-16', '4577565a-7e3e-493a-74dd-867949feb8b5', '1993-01-09 15:40:50', 'S4MV0R', '2009-11-09 04:29:25', 'Benedict Walston'),
('1bd700df-4b1c-4b0b-2d35-60b3ebf808a9', 'SHCB41082', '59', 'Đặng Hoàng Tùng', '0361759990', 'dongchi@icloud.com', 1, 1, '2010-01-12', '17120d02-6ab5-3e43-18cb-66948daf6128', '1990-01-01 00:00:26', '2HRF843M8BQ6O322XH4T', '1995-08-22 01:57:55', 'Blanca Ainsworth'),
('1bfa435a-7feb-1a6b-3b80-de64d090a2c2', 'SHCB30431', '22', 'Bùi Thanh Tùng', '0368640579', 'nghiemhan@outlook.com', 1, 1, '2000-01-08', '142cb08f-7c31-21fa-8e90-67245e8b283e', '2012-03-07 01:42:13', 'J8XSYX597VBT', '1990-01-01 00:00:13', 'Serita Barrows'),
('1c786aba-42d4-53cc-3580-de64d090a2c2', 'SHCB19218', '36', 'Hoàng Hoàng Bách', '0361738052', NULL, 1, 1, '2019-10-22', '59d19422-6657-452e-a7db-e5d54223c257', '1998-10-03 11:36:17', 'I07SF139UXA267G08O0SG27G6G1EUBJ6', '2011-11-25 16:41:17', 'Danny Chambers'),
('1c81ee21-5452-337b-3c77-d9ebc53aac3d', 'SHCB29708', '36', 'Nguyễn Thanh Chí', '0378654094', 'lieutam@outlook.com', 0, 0, '2021-06-23', '59d19422-6657-452e-a7db-e5d54223c257', '1999-02-16 06:50:52', 'H', '1996-07-08 11:29:56', 'Alexander Rutherford'),
('1c903ec2-2941-7cc6-dcd2-89b22d10517e', 'SHCB07543', '22', 'Nguyễn Hoàng Thành', '0347634748', 'anthanh@gmail.com', 1, 0, '2016-09-12', '11452b0c-768e-5ff7-0d63-eeb1d8ed8cef', '2016-07-10 23:22:54', '1CC42A7FLJ310FIGLHP83RJ456QT89DD9T6V6AO49B3QVCD1G2AM6A5S9493M56D0L05E2J83UZ7852H8W8U9BRSEQBA5M35', '1990-01-01 00:00:05', 'Merlin Felder'),
('1c98cac7-2784-73af-43c2-579daad24557', 'SHCB24053', NULL, 'Ngô Phương Linh', NULL, NULL, 1, 1, '2001-03-23', '59d19422-6657-452e-a7db-e5d54223c257', '1990-01-01 00:00:29', '5P17UJHX070Y3I9B0U9GI1B1A7', '1991-10-25 17:22:43', 'Johna Abreu'),
('1ca4f185-7203-2a84-40c2-579daad24557', 'SHCB49624', NULL, 'Đặng Mai Quỳnh', NULL, NULL, 1, 1, '2012-04-08', '768f8e64-7d10-20c9-967d-e8c757976496', '1991-01-23 02:50:47', 'U', '1990-07-24 15:34:50', 'Adam Cousins'),
('1d05a704-5376-15ba-1477-d9ebc53aac3d', 'SHCB69519', '44', 'Lê Thị Huyền', '0345263505', 'tontrang@outlook.com', 0, 0, '2016-05-03', '17120d02-6ab5-3e43-18cb-66948daf6128', '2009-06-11 16:50:41', '377K3VFPBDRGQQ8IN6WGV22RD0541GD', '1990-01-01 00:16:16', 'Adolph Braxton'),
('1d21993b-3612-2485-1035-60b3ebf808a9', 'SHCB45807', NULL, 'Vương Gia Hùng', NULL, NULL, 0, 1, '2000-11-29', '17120d02-6ab5-3e43-18cb-66948daf6128', '1990-01-01 00:00:58', '5KUJPO37T3WSZ4WH8W23AQ1YA608085GMQJW84SX', '2009-03-08 14:27:55', 'Emanuel Martins'),
('1dc115ba-6479-33a7-44c2-579daad24557', 'SHCB22978', '18', 'Trịnh Bảo Bắc', '0308615767', 'nhuhuong@outlook.com', 1, 1, '2014-03-11', '4e272fc4-7875-78d6-7d32-6a1673ffca7c', '1995-05-02 19:56:00', 'S8D53DLJ0F4M07R3HNZT97ZTWQ1F28963', '1999-11-26 10:51:23', 'Eboni Christianson'),
('1e0613d9-772c-28c1-9541-c1ec321fe728', 'SHCB37600', '48', 'Lê Đức Hùng', '0343193150', 'hanguyet@icloud.com', 1, 1, '2002-04-07', '17120d02-6ab5-3e43-18cb-66948daf6128', '1990-01-01 00:00:07', 'GEN6041K0OAV6B6E47OEPCH', '1996-05-10 06:22:57', 'Eleanor Denham'),
('1e2dfa96-54fc-3a0e-5f35-0028ed526dd0', 'SHCB16938', '21', 'Đoàn Vân Tâm', '0397735816', 'luongoanh@icloud.com', 0, 0, '2000-02-18', '4e272fc4-7875-78d6-7d32-6a1673ffca7c', '2005-10-06 08:14:20', '5P4I6OJ82M3XX9Z1GW5E157DF809J526PJ140QM463163UMN9POX40A7DHBJ43SGT492FKF2LH55X62', '1990-01-01 00:00:10', 'Adrianne Mcculloch'),
('1e5ce342-2eec-79a4-5380-7ed9d1ea06ea', 'SHCB75614', '33', 'Phan Thị Quỳnh', '0398960184', 'ngotrung@outlook.com', 0, 1, '2016-10-12', '142cb08f-7c31-21fa-8e90-67245e8b283e', '2001-08-29 20:34:31', 'YS', '1999-05-30 04:20:27', 'Trudy Ferry'),
('1e5e96fa-5d7a-599d-27c2-579daad24557', 'SHCB20373', '33', 'Dương Đức Bắc', '0368669412', 'hoahuyen@icloud.com', 0, 1, '2018-01-15', '11452b0c-768e-5ff7-0d63-eeb1d8ed8cef', '1996-08-02 02:10:44', '9Y4FL7Q8538XX09VN059QYV47K7EC4YH7K76BN28NVRA1G71H61J', '1990-01-01 00:08:53', 'Carline Mccall'),
('1e80d89e-6fae-4a9d-d8d2-89b22d10517e', 'SHCB23382', '57', 'Đường Văn Bình', '0394937995', 'maclien@gmail.com', 0, 1, '2000-03-06', '17120d02-6ab5-3e43-18cb-66948daf6128', '1990-01-01 00:04:16', '27CVI42ZL5P8PH4221G866ULR1IYMK3JNI26J4D77L88S10W1', '1990-01-01 00:29:15', 'Leo Dortch'),
('1e909628-6e06-401f-8480-7ed9d1ea06ea', 'SHCB00799', '19', 'Lương Đức Bắc', '0340984591', 'damnam@outlook.com', 0, 1, '2015-05-27', '768f8e64-7d10-20c9-967d-e8c757976496', '2015-04-21 20:37:04', 'GLNS', '2012-01-01 14:46:10', 'Abe Oaks'),
('1f85f165-3ed3-370a-b7d2-89b22d10517e', 'SHCB89898', '47', 'Trần Thị  Duyên', '0320674506', 'damhuyen@outlook.com', 0, 0, '2009-11-25', '11452b0c-768e-5ff7-0d63-eeb1d8ed8cef', '2020-03-27 15:19:20', '61C9WABPY0GML53', '1990-01-01 00:00:04', 'Cassi Atkinson'),
('1f88699a-3e19-718a-d81d-086412a8ea97', 'SHCB42945', '51', 'Trương Bảo Hòa', '0331219522', 'damhuy@gmail.com', 1, 0, '2007-05-04', '142cb08f-7c31-21fa-8e90-67245e8b283e', '2018-10-23 17:12:06', 'F8MDPU1UY464EX59G0O65I6HA71RL41S6A6TR1VR15V3EMT3', '1993-06-24 10:22:56', 'Irving Lusk'),
('1f8f0fbf-1f52-3ca3-55c2-579daad24557', 'SHCB60024', NULL, 'Bùi Thị Trang', NULL, NULL, 1, 1, '2016-09-22', '768f8e64-7d10-20c9-967d-e8c757976496', '2021-07-25 05:05:38', 'QHT96KR7890W5495673Z8Y00A9P5IWZUFAJL285PZD1451', '2020-08-20 04:29:55', 'Alfred Florez'),
('1fbf8e6f-17d3-6a04-2180-de64d090a2c2', 'SHCB96590', '27', 'Trịnh Khánh Hùng', '0334333703', NULL, 0, 1, '2013-12-24', '4e272fc4-7875-78d6-7d32-6a1673ffca7c', '1995-10-17 13:20:25', 'B6U5MS8N27JFN85IP4GD4J3EQ24A81XD4TKRO0WP6W610H72NYPOP8', '1990-01-01 00:00:05', 'Francisco Polanco'),
('1fecd07f-2488-638c-8141-c1ec321fe728', 'SHCB13797', '43', 'Ngô Thị Linh', '0385834154', 'bachuyen@gmail.com', 0, 0, '2003-11-06', '59d19422-6657-452e-a7db-e5d54223c257', '2010-12-13 19:17:23', 'B218', '2001-01-25 10:38:14', 'Eldridge Cornett'),
('20185adb-3016-3207-ac41-c1ec321fe728', 'SHCB96884', NULL, 'Bùi Bảo Hoàng', NULL, NULL, 0, 1, '2000-04-05', '768f8e64-7d10-20c9-967d-e8c757976496', '1990-01-01 00:01:08', '5J97236U17V50CHPZ6UF6GQ49IQ95Z4M3QYOHGXL1RWBIRN61J33JJ766465IRHNTBZZ9W5SKCIBZR60I8FJF84WK5M0NKL91F22', '1990-01-01 02:00:53', 'Ezra Andre'),
('201b9639-5997-303c-5880-7ed9d1ea06ea', 'SHCB09884', '32', 'Phạm Thùy Quỳnh', '0306532311', 'bachchi@outlook.com', 0, 0, '2021-04-12', '4e272fc4-7875-78d6-7d32-6a1673ffca7c', '2013-05-14 19:09:55', NULL, '2003-08-21 14:31:59', NULL),
('20aa876a-25c5-7bfa-3977-d9ebc53aac3d', 'SHCB44202', '41', 'Đỗ Hoàng Thành', '0360510165', 'luongmai@icloud.com', 0, 1, '2000-02-29', '59d19422-6657-452e-a7db-e5d54223c257', '1992-04-20 22:12:18', '56A1DQBQL4QAFN0', '2017-05-19 15:07:32', 'Addie Waller'),
('2107e2a5-49f8-237b-5780-7ed9d1ea06ea', 'SHCB12727', NULL, 'Vũ Đức Chí', NULL, NULL, 1, 1, '2020-06-26', '469b3ece-744a-45d5-957d-e8c757976496', '2007-02-20 17:03:21', '56O9235HD8MO5SRFNBR1K55A81650N9', '1990-01-01 00:00:39', 'Norine Mackey'),
('2111e63d-50f8-6b2b-6980-7ed9d1ea06ea', 'SHCB95834', '46', 'Lê Minh Nam', '0399197252', NULL, 1, 0, '2018-09-27', '7686595d-16d5-33b3-0080-e8e2a817c80e', '1990-01-01 00:00:49', '2C4159U0QC82J', '1992-11-21 11:25:09', 'Mozella Logue'),
('212a5f62-4eb8-203c-4035-0028ed526dd0', 'SHCB76212', '25', 'Đỗ Thị Liên', '0392327652', 'ungchi@icloud.com', 0, 0, '2017-07-17', '768f8e64-7d10-20c9-967d-e8c757976496', '2009-10-18 00:46:35', '146I5BGNDF', '2013-12-12 04:15:46', 'Tawny Lister'),
('214977d8-66ff-5762-1335-60b3ebf808a9', 'SHCB53482', NULL, 'Hồ Thị  Ngân', NULL, NULL, 1, 1, '2018-03-14', '59d19422-6657-452e-a7db-e5d54223c257', '1990-01-01 00:01:15', '32Q082P8N4W47U0BTAO6', '1993-01-24 00:30:09', 'Gregorio Lindsay'),
('215aec27-30a3-7cbd-3d77-d9ebc53aac3d', 'SHCB13037', '65', 'Triệu Minh Hùng', '0333232771', 'luongyen@gmail.com', 0, 0, '2000-01-04', '17120d02-6ab5-3e43-18cb-66948daf6128', '2020-08-17 23:23:12', '48EPN', '1993-03-01 13:35:58', 'Eldridge Graves'),
('21ae5078-5e68-3790-6af6-423b4e874d0f', 'SHCB47582', '45', 'Ngô Khánh Nam', '0384648527', 'bachlien@icloud.com', 0, 1, '2000-01-12', '142cb08f-7c31-21fa-8e90-67245e8b283e', '1990-01-01 00:00:12', 'R7', '2003-09-29 04:06:36', 'Carmine Newell'),
('21c73cb5-1e05-4664-84f6-423b4e874d0f', 'SHCB34660', '48', 'Đỗ Minh Duy', '0327077359', 'nghiemlien@icloud.com', 0, 0, '2021-06-25', '17120d02-6ab5-3e43-18cb-66948daf6128', '2017-08-07 13:36:12', 'WSAKXI58O38172SM781Y8UWE438T4Q2X563LR68P550U5YCW7TNG3BK', '2016-08-28 06:27:04', 'Georgeanna Allison'),
('224d0e4c-6e50-468c-fe1d-086412a8ea97', 'SHCB17219', '58', 'Phan Thị Ngân', '0362296082', 'damchi@outlook.com', 1, 0, '2008-03-05', '4e272fc4-7875-78d6-7d32-6a1673ffca7c', '1996-06-30 16:55:18', '7828D6927I24344U68ZFW74455E20', '1997-06-18 02:20:31', 'Bret Fry'),
('22732821-2015-1da3-4335-0028ed526dd0', 'SHCB70387', '41', 'Trần Mai Linh', '0381933915', 'tontrang@icloud.com', 0, 1, '2017-01-27', '4e272fc4-7875-78d6-7d32-6a1673ffca7c', '1996-10-14 06:33:08', NULL, '2008-05-12 21:29:58', NULL),
('22855139-75a6-5c36-a341-c1ec321fe728', 'SHCB62391', NULL, 'Lương Thanh Nam', NULL, NULL, 1, 1, '2019-02-12', '7686595d-16d5-33b3-0080-e8e2a817c80e', '1990-01-01 01:14:25', NULL, '1993-10-25 03:37:41', NULL),
('22bba567-6206-6bf1-0c35-60b3ebf808a9', 'SHCB72598', '30', 'Đỗ Thị Thảo', '0346354125', 'tonanh@outlook.com', 1, 0, '2018-06-25', '7686595d-16d5-33b3-0080-e8e2a817c80e', '2000-08-15 21:22:53', '2W5905UN5G3PK240NGN88M7ZM5EFM870F0071LR2K64Q3I71AZN5OC3V158481LSLKR6T3IF33N3T48A5839A1Z6G3441XY0QH3C', '1990-01-01 00:00:08', 'Adriene Carnahan'),
('22bfe5ef-6c16-31e4-4577-d9ebc53aac3d', 'SHCB91328', '54', 'Dương Văn Hòa', '0349793156', 'unghuyen@gmail.com', 1, 0, '2011-06-24', '142cb08f-7c31-21fa-8e90-67245e8b283e', '1995-06-24 12:55:38', NULL, '1990-01-01 00:00:02', NULL),
('22cb30ef-3311-51f7-e21d-086412a8ea97', 'SHCB56806', '21', 'Hồ Minh Nam', '0305170310', 'daoanh@gmail.com', 1, 1, '2015-04-01', '59d19422-6657-452e-a7db-e5d54223c257', '2008-09-18 16:44:00', '9', '1993-03-03 15:01:46', 'Ricarda Venable'),
('22df58b0-55d2-6108-2480-de64d090a2c2', 'SHCB77337', '24', 'Đoàn Ngọc Nguyệt', '0370011640', 'doankhang@icloud.com', 1, 1, '2015-10-25', '4577565a-7e3e-493a-74dd-867949feb8b5', '1990-01-01 01:36:17', '1955Z31HZE09K0AAJRW', '2020-01-23 09:41:17', 'Elton Strauss'),
('22e1c5f6-3888-6d33-6435-0028ed526dd0', 'SHCB02302', NULL, 'Trần Phương Uyên', NULL, NULL, 1, 1, '2012-11-07', '768f8e64-7d10-20c9-967d-e8c757976496', '1990-01-01 02:26:38', 'P005S9U73YX', '2006-04-25 08:21:48', 'Denny Buchanan'),
('22ef197e-5586-3911-a741-c1ec321fe728', 'SHCB45752', '37', 'Trần Thanh Khôi', '0302886777', 'tongkhang@outlook.com', 1, 1, '2020-08-02', '11452b0c-768e-5ff7-0d63-eeb1d8ed8cef', '2007-09-07 20:16:30', 'MND33', '1994-07-12 02:03:38', 'Sherman Christman'),
('22f0091b-523a-6c8e-4c35-0028ed526dd0', 'SHCB14455', NULL, 'Trần Thị Nguyệt', NULL, NULL, 0, 0, '2006-02-16', '17120d02-6ab5-3e43-18cb-66948daf6128', '1990-01-01 02:41:11', '95JT5L0V3HX38MO25X90UL0026', '2005-01-24 21:58:32', 'Romana Blanco'),
('231ea7f8-1468-6e29-5235-0028ed526dd0', 'SHCB85056', '32', 'Đường Gia Hùng', '0340712862', 'dananh@icloud.com', 0, 0, '2000-03-25', '4e272fc4-7875-78d6-7d32-6a1673ffca7c', '1990-01-01 00:25:09', '07CD345R8K', '2012-08-01 19:07:36', 'Cecil Dorsey'),
('23309faa-2375-4675-d5d2-89b22d10517e', 'SHCB05965', '38', 'Lê Khánh Hương', '0359507985', 'doanhan@outlook.com', 0, 1, '2000-01-02', '768f8e64-7d10-20c9-967d-e8c757976496', '1992-10-06 17:15:10', '14J', '1993-07-30 08:01:47', 'Cori Ali'),
('233d36ab-4bd0-431e-78f6-423b4e874d0f', 'SHCB17164', '32', 'Nguyễn Thùy Ngân', '0357899734', NULL, 1, 0, '2000-03-29', '17120d02-6ab5-3e43-18cb-66948daf6128', '1998-10-12 13:24:27', '34L9IZPR5133ZV39570LFB8N59JP9O333G8J63KB79S65373', '2013-07-16 04:32:47', 'Miyoko Beard'),
('233ecbc6-1cc1-3923-6c35-0028ed526dd0', 'SHCB48202', '20', 'Ngô Bảo Hoàng', '0312039979', 'luonghoa@gmail.com', 1, 1, '2002-10-08', '768f8e64-7d10-20c9-967d-e8c757976496', '1990-01-01 00:15:06', 'ADBTWK2', '1997-01-14 04:12:39', 'Reda Zapata'),
('234865cb-5d80-7244-70f6-423b4e874d0f', 'SHCB86758', '47', 'Bùi Gia Duy', '0390949502', 'danduyen@outlook.com', 0, 0, '2000-02-10', '469b3ece-744a-45d5-957d-e8c757976496', '1990-01-01 00:00:41', '47859598750Q', '1998-04-08 19:27:38', 'Cole Alvarado'),
('2356a2d8-7751-6f97-66f6-423b4e874d0f', 'SHCB39173', '32', 'Trương Vân Hoài', '0355405910', 'ngohuy@icloud.com', 0, 0, '2001-10-30', '469b3ece-744a-45d5-957d-e8c757976496', '2001-07-13 02:51:01', '0C4F3L8A7LSMXY41B659TSD0IAN986VLB65', '1998-03-13 18:25:22', 'Emmett Musgrove'),
('237092c3-5684-7bb6-0a35-60b3ebf808a9', 'SHCB00333', '54', 'Đoàn Thị  Thảo', '0395439654', NULL, 1, 1, '2001-03-16', '11452b0c-768e-5ff7-0d63-eeb1d8ed8cef', '2001-08-25 02:14:48', 'R1U1182KC1CUMMY34O5H961452KZE8', '2001-04-10 06:21:53', 'Robbie Ali'),
('23fe9ba6-680a-2bb3-7a80-7ed9d1ea06ea', 'SHCB84267', NULL, 'Ngô Bảo Chí', NULL, NULL, 0, 0, '2015-01-21', '469b3ece-744a-45d5-957d-e8c757976496', '1990-01-01 00:00:08', 'O3J981TD9F8SX24RO5QH86A5RMN3UN00XQIYUI361S2KKNE75CGJ541883X0BV71Y380H', '2002-12-27 15:07:39', 'Raquel Calloway'),
('2418250c-546d-6ca6-6a35-0028ed526dd0', 'SHCB30394', '21', 'Vương Thanh Thành', '0370319853', NULL, 1, 1, '2000-01-04', '768f8e64-7d10-20c9-967d-e8c757976496', '1990-01-01 00:08:34', '603461F20WKVWQ0RUS9K5CF332907PYHX9742IMU1C319G7186S597WW1Z37PJXS6WWUO1J679O2U7OA5H4QIUKJ211IN2MHFS8T', '2006-08-30 14:05:54', 'Berta Doty'),
('244b1b16-56fc-1f92-73f6-423b4e874d0f', 'SHCB21414', '49', 'Phạm Minh Chính', '0319825453', 'lieuduyen@icloud.com', 1, 1, '2012-01-06', '17120d02-6ab5-3e43-18cb-66948daf6128', '1998-02-03 01:39:23', '6573B', '1990-01-01 00:00:13', 'Basil Mahon'),
('24610a21-3494-40b6-d9d2-89b22d10517e', 'SHCB06154', '50', 'Phạm Thùy Phương', '0315717718', 'dinhlinh@outlook.com', 0, 0, '2010-11-27', '469b3ece-744a-45d5-957d-e8c757976496', '1990-01-01 00:01:06', 'M0K4872', '1990-01-01 00:01:17', 'Jose Archer'),
('248d8b12-75d2-2c81-af41-c1ec321fe728', 'SHCB73167', '26', 'Hồ Thị Huyền', '0308759168', 'kimkhoi@gmail.com', 1, 1, '2020-09-27', '7686595d-16d5-33b3-0080-e8e2a817c80e', '2003-04-15 04:01:24', '47EXVK53DU', '1990-01-01 00:01:20', 'Lavonne Christian'),
('249a9a28-17fd-6149-ee1d-086412a8ea97', 'SHCB28941', '38', 'Trần Thanh Chí', '0369083337', 'macnhung@gmail.com', 0, 1, '2000-10-31', '17120d02-6ab5-3e43-18cb-66948daf6128', '2013-12-04 06:01:19', '18EB4T38OA05WR446004DPG', '2011-03-16 06:05:44', 'Noel Maestas'),
('255b28ba-2177-6baf-0835-60b3ebf808a9', 'SHCB32581', '55', 'Trần Hoàng Trung', '0319597875', 'ninhkhoi@gmail.com', 1, 0, '2018-01-02', '4e272fc4-7875-78d6-7d32-6a1673ffca7c', '1999-07-21 17:31:17', 'QMGJ', '1997-04-29 04:47:45', 'Herman Lindgren'),
('256c7bfd-6225-4caa-3077-d9ebc53aac3d', 'SHCB31391', '58', 'Phan Thảo Ngân', '0380196277', 'dieuthanh@gmail.com', 1, 0, '2003-02-17', '4e272fc4-7875-78d6-7d32-6a1673ffca7c', '2011-01-11 20:43:04', '09443W1WF26JA7F8B5AIZ87KH2J3751012I1LB30X4C0P23LS6S2G6', '1995-06-25 08:03:22', 'Albertha Kirkpatrick'),
('257199aa-33bb-3156-3680-de64d090a2c2', 'SHCB74726', '25', 'Nguyễn Khánh Chính', '0335289728', 'vuonghuong@outlook.com', 0, 0, '2011-10-17', '4577565a-7e3e-493a-74dd-867949feb8b5', '2019-11-17 20:26:18', 'JBENB5285KK9L2', '1990-01-01 00:00:07', 'Ryan Leak'),
('257f267d-1259-4c3b-2e80-de64d090a2c2', 'SHCB88473', '28', 'Phan Thị Yến', '0304524043', 'lahuyen@outlook.com', 1, 0, '2021-09-06', '469b3ece-744a-45d5-957d-e8c757976496', '2017-11-24 18:31:52', 'AO04WP641S97I1641P', '1990-01-01 00:01:33', 'Maynard Goebel'),
('26942456-25a8-5ec2-8b41-c1ec321fe728', 'SHCB46205', '44', 'Đường Thị Ngân', '0358655955', 'chungmai@gmail.com', 0, 1, '2006-03-18', '59d19422-6657-452e-a7db-e5d54223c257', '1992-12-16 08:26:37', 'ZW6Q7F2474H22VJM3624', '1990-01-01 00:01:31', 'Ike Hernandez'),
('26cb2a41-172b-4e63-8380-7ed9d1ea06ea', 'SHCB47641', '26', 'Phạm Mai Hiền', '0307830179', 'bacduy@gmail.com', 1, 0, '2017-11-17', '11452b0c-768e-5ff7-0d63-eeb1d8ed8cef', '2000-03-17 23:24:08', 'QMUX', '1996-04-26 19:00:04', 'Tommye Abernathy'),
('26cf1651-7aed-7c9d-6035-0028ed526dd0', 'SHCB94578', '27', 'Dương Ngọc Ánh', '0300256652', 'luongphuong@gmail.com', 1, 1, '2001-12-14', '17120d02-6ab5-3e43-18cb-66948daf6128', '2017-04-08 11:31:33', 'S030IA8DTTJR14MK6H990R97496958U57HODD4M46Z1WY45N1X45AY5I2UAMI8OD35N70YS2643UXO694', '2013-11-29 10:49:41', 'Andrew Adamson'),
('27318165-703a-31a0-3277-d9ebc53aac3d', 'SHCB78138', NULL, 'Trương Thị Tâm', NULL, NULL, 0, 0, '2000-01-03', '7686595d-16d5-33b3-0080-e8e2a817c80e', '2005-01-08 05:35:01', '9Q7Q671', '1995-08-24 00:56:48', 'William Bergman'),
('2767c0cb-250d-4ac9-99f6-423b4e874d0f', 'SHCB71256', '47', 'Trần Minh Bảo', '0313042609', 'lolinh@gmail.com', 1, 0, '2001-02-22', '4e272fc4-7875-78d6-7d32-6a1673ffca7c', '1991-11-08 03:58:16', 'M981MR9A9J329187', '2015-08-23 04:17:00', 'Abigail Lindstrom'),
('27852fe9-2bc5-1399-3f80-de64d090a2c2', 'SHCB87655', '26', 'Đường Gia Nghĩa', '0354449418', 'latrung@outlook.com', 1, 1, '2000-10-20', '11452b0c-768e-5ff7-0d63-eeb1d8ed8cef', '2017-07-30 21:58:42', 'S34X3X1H2L2199V06Y192CE26Z8M7FCR5524EL555AS1789E4K1U2ZH526WI0JYYT147', '2011-11-21 08:30:58', 'Jeanette Blackwood'),
('27e60da2-385e-6804-8441-c1ec321fe728', 'SHCB37030', '23', 'Trương Đức Hùng', '0365702871', 'mangan@icloud.com', 1, 1, '2016-11-15', '768f8e64-7d10-20c9-967d-e8c757976496', '2011-04-18 17:58:39', 'ID511P2XL', '2001-10-22 22:02:57', 'Iesha Jimenez'),
('281af570-5697-2b8d-6b80-7ed9d1ea06ea', 'SHCB48686', '48', 'Vương Phương Hiền', '0364851247', 'loduy@icloud.com', 0, 0, '2000-12-20', '4e272fc4-7875-78d6-7d32-6a1673ffca7c', '2005-11-18 10:42:56', '110518D23PAFWET1UW6H1NA64U', '2005-03-26 00:09:05', 'Albertine Gilchrist'),
('285d6b44-3b0c-4697-e01d-086412a8ea97', 'SHCB53743', '23', 'Đỗ Thị  Nguyệt', '0330845523', 'trinhhuyen@icloud.com', 0, 1, '2020-02-11', '17120d02-6ab5-3e43-18cb-66948daf6128', '1990-01-01 00:00:04', 'H8QP1', '1990-01-01 00:01:20', 'Abe Matteson'),
('28655a7f-2f9a-1b7d-d3d2-89b22d10517e', 'SHCB25420', '58', 'Nguyễn Phương Huyền', '0349185072', NULL, 1, 0, '2020-02-09', '11452b0c-768e-5ff7-0d63-eeb1d8ed8cef', '2002-10-19 10:29:59', 'LKV724B2OH80GQA45583XHER188VE5L44KBA', '1990-01-01 00:00:11', 'Grayce Evers'),
('28692b18-2ec1-574b-6780-7ed9d1ea06ea', 'SHCB38822', '54', 'Bùi Thanh Chính', '0322145503', 'ngongan@outlook.com', 0, 1, '2002-02-04', '469b3ece-744a-45d5-957d-e8c757976496', '1992-05-11 07:03:52', NULL, '2012-05-06 23:13:34', NULL),
('2872c174-68d3-29c1-4935-0028ed526dd0', 'SHCB79014', '41', 'Vương Thanh Hoài', '0352112691', 'vuonganh@icloud.com', 0, 0, '2001-10-04', '59d19422-6657-452e-a7db-e5d54223c257', '1990-01-01 00:10:43', 'PQM733367W98B3', '2016-10-08 16:01:14', 'Ada Dailey'),
('28a16581-1fd1-546b-1677-d9ebc53aac3d', 'SHCB84072', '19', 'Đường Mai Liên', '0340776995', 'nongnhung@gmail.com', 1, 1, '2007-07-01', '4577565a-7e3e-493a-74dd-867949feb8b5', '2012-12-13 10:59:23', '63OQ6S1U9', '2001-09-03 02:44:04', 'Adeline Levesque'),
('28cd1599-63bf-785f-4f80-7ed9d1ea06ea', 'SHCB65532', '39', 'Đỗ Thùy Hoài', '0360869655', 'donghien@outlook.com', 0, 0, '2019-05-11', '59d19422-6657-452e-a7db-e5d54223c257', '2017-09-16 21:28:25', 'Q41HY19LP6152AL6CE86P20S082', '2005-06-25 08:13:30', 'Marco Horn'),
('28de1588-1208-2352-5935-0028ed526dd0', 'SHCB28062', '29', 'Phạm Ngọc Thảo', '0397082015', 'vuongmai@icloud.com', 0, 0, '2001-12-03', '11452b0c-768e-5ff7-0d63-eeb1d8ed8cef', '2014-02-08 07:52:00', '4D9KCD38KQ7TJG1Y7CU0LI1KX4UGHZ2O91Y2P867B2K4213AWPH41S58B22DH4H4YTC33QM1FT88G94828G77R1TKD', '2014-05-23 00:11:04', 'Jospeh Cook'),
('295adb49-7177-6f84-7280-7ed9d1ea06ea', 'SHCB51943', '25', 'Phạm Văn Chính', '0339981193', 'nhuhung@gmail.com', 1, 1, '2002-08-14', '17120d02-6ab5-3e43-18cb-66948daf6128', '1990-01-01 00:00:02', '7ZKGDM2W4NH20PUG68T1H5', '2019-03-16 23:22:47', 'Harvey Hadden'),
('2964c159-5671-2d36-7b80-7ed9d1ea06ea', 'SHCB98974', '34', 'Trịnh Thị Nguyệt', '0328521362', 'lieubinh@outlook.com', 1, 1, '2017-12-19', '11452b0c-768e-5ff7-0d63-eeb1d8ed8cef', '1990-01-01 00:04:54', 'GVNE49NJODF8044Z1BSU44233G3R37T8H7736T5JOS783YDY2YG021BQBJE8UA8V', '1990-01-01 00:00:22', 'Irvin Coon'),
('29dcec4b-6bba-5878-1735-60b3ebf808a9', 'SHCB84104', '44', 'Trần Bảo Khang', '0318192456', 'lieubac@outlook.com', 0, 0, '2007-08-21', '4e272fc4-7875-78d6-7d32-6a1673ffca7c', '2013-06-20 13:40:51', '3180096J31N5734T5UW20S9U5ECR7YN72IQFZ024QJ11R6QXQ6ZY36C79HLH4B39945TN6DR5GG78LP', '1991-10-29 05:21:16', 'Anton Marvin'),
('2a5fb073-323d-114a-7980-7ed9d1ea06ea', 'SHCB67762', '25', 'Phan Minh Chí', '0374835828', 'nhunhung@outlook.com', 0, 0, '2000-11-14', '768f8e64-7d10-20c9-967d-e8c757976496', '2008-03-27 15:32:26', '67INNE2JXW3498DNV8U4', '2021-04-18 10:01:27', 'Casandra Hyatt'),
('2a771cb6-54d6-7640-4dc2-579daad24557', 'SHCB01789', '35', 'Hồ Văn Chính', '0362373736', NULL, 1, 0, '2010-02-18', '469b3ece-744a-45d5-957d-e8c757976496', '1990-05-14 23:14:03', 'V683ZJF8RMF56DN9N8DT', '1990-09-10 13:47:50', 'Katelyn Stallings'),
('2afb2146-430d-394b-3d35-0028ed526dd0', 'SHCB04145', '59', 'Đào Phương Quỳnh', '0371048581', 'lynguyet@outlook.com', 0, 0, '2007-01-24', '17120d02-6ab5-3e43-18cb-66948daf6128', '1991-11-05 13:56:57', '44469330CDH2B5LA87C8G3D5F9S0J46GCC8VO7584DI4YJ613CSUB18US9D84', '1990-01-01 00:00:44', 'Hilma Bower'),
('2b02c531-6d94-2852-2b35-60b3ebf808a9', 'SHCB47369', '34', 'Đường Hoàng Khôi', '0381046976', 'bachthanh@icloud.com', 1, 0, '2010-04-17', '469b3ece-744a-45d5-957d-e8c757976496', '2011-01-13 00:49:24', 'S1QD8ZUX946Y8SMB96JM76O8J0C62V76C', '2013-08-30 17:27:18', 'Rodolfo Henning'),
('2b45c492-5011-1aed-4380-de64d090a2c2', 'SHCB48587', '30', 'Vương Gia Huy', '0336380789', 'bathao@gmail.com', 1, 0, '2021-09-16', '142cb08f-7c31-21fa-8e90-67245e8b283e', '1999-05-25 04:55:09', '8ONY2LKL7X95E6KT635RRX6554SZYKG5F0D9O477JR41FP2', '1990-01-01 00:01:03', 'Adela Drew'),
('2b941a5a-1297-627d-e5d2-89b22d10517e', 'SHCB63509', '20', 'Trịnh Vân Uyên', '0328846010', 'lobao@outlook.com', 0, 1, '2009-12-21', '768f8e64-7d10-20c9-967d-e8c757976496', '1996-01-12 10:59:15', '7Q50Q9Q218N54F39832LZ87J685LC9AE', '1999-01-17 08:13:10', 'Patrica Chang'),
('2bd27090-2727-2b8e-2f80-de64d090a2c2', 'SHCB90457', '36', 'Phan Khánh Trung', '0361048319', 'trinhthanh@outlook.com', 1, 1, '2000-02-23', '4577565a-7e3e-493a-74dd-867949feb8b5', '1990-01-01 00:13:48', 'QVMD825WQO344ZI569A0QMWPVY1DL91EQY6H3A1N558M706OELV632L4INUVIL9', '1990-01-01 02:02:20', 'Sarina Drayton'),
('2bd927cf-7faf-452e-4535-0028ed526dd0', 'SHCB14193', NULL, 'Nguyễn Thùy Yến', NULL, NULL, 1, 0, '2009-11-04', '59d19422-6657-452e-a7db-e5d54223c257', '2002-04-04 20:55:10', 'SH6', '2010-10-27 06:52:29', 'Javier Daley'),
('2c06d3cb-7ef7-4462-5e80-7ed9d1ea06ea', 'SHCB40724', '55', 'Vũ Thị Hương', '0354528016', NULL, 0, 0, '2000-08-22', '142cb08f-7c31-21fa-8e90-67245e8b283e', '1990-01-01 00:03:55', 'K76P45YNQ788LV2A01QK72379ULTTZB4KX3A653IP9CD8506852E867M098HOC5KJS667QV4SK3Q2N98Y3BG70T85QJ054D7ICS9', '2010-09-12 22:13:34', 'Bernie Neil'),
('2c14d4bf-4fdf-22d0-cbd2-89b22d10517e', 'SHCB81480', '59', 'Hồ Thùy Hoài', '0317085492', 'tontrang@outlook.com', 1, 1, '2007-08-18', '4e272fc4-7875-78d6-7d32-6a1673ffca7c', '2010-12-09 14:09:09', '7T1LCJ6LMS3607SA', '2017-10-02 02:00:29', 'Steven Acuna'),
('2c3624a3-5c41-65f0-3c80-de64d090a2c2', 'SHCB35428', '51', 'Lương Thùy Yến', '0380854369', 'ninhthao@icloud.com', 1, 1, '2009-09-24', '768f8e64-7d10-20c9-967d-e8c757976496', '1990-01-01 02:15:35', 'C8Q4S71SYOZ43Z583W38480J86ONU3PRS8629R3XL60904527J301N4J5ZW3LC77T', '2002-01-02 09:45:37', 'Benita Hindman'),
('2c380a42-1611-28c2-3ac2-579daad24557', 'SHCB50227', '47', 'Dương Thanh Uyên', '0333398345', 'tonmai@icloud.com', 1, 1, '2011-08-31', '768f8e64-7d10-20c9-967d-e8c757976496', '2015-05-11 01:00:45', 'F3NY2S47U6FXD3DH1KDG0H44G40YQ2W', '1996-11-03 03:48:45', 'Andy Tennant'),
('2c3863b6-1318-357f-d4d2-89b22d10517e', 'SHCB54216', '33', 'Phan Thị Liên', '0378564108', NULL, 0, 0, '2008-09-12', '17120d02-6ab5-3e43-18cb-66948daf6128', '2021-07-01 19:41:31', 'Y7G8RT796R3VU1476324O706U4UO284336LR4239X45Q0II06L16P7LD0D06', '1990-01-01 00:01:35', 'Manual Chamberlain'),
('2c4dd6d5-5224-4e6e-8cf6-423b4e874d0f', 'SHCB01829', '21', 'Vũ Đức Bảo', '0385253974', NULL, 0, 1, '2003-10-23', '11452b0c-768e-5ff7-0d63-eeb1d8ed8cef', '2017-09-20 20:51:14', NULL, '2011-11-25 23:07:29', NULL),
('2cc54220-681e-2f38-1e35-60b3ebf808a9', 'SHCB45728', '18', 'Đặng Thảo Trang', '0380103461', 'dongquynh@icloud.com', 0, 0, '2000-01-02', '4577565a-7e3e-493a-74dd-867949feb8b5', '1990-01-01 00:02:41', NULL, '2013-04-05 05:21:14', NULL),
('2d3ae261-2b44-7713-41c2-579daad24557', 'SHCB55132', '33', 'Đỗ Ngọc Quỳnh', '0347384262', 'mahuy@gmail.com', 1, 1, '2009-01-21', '4e272fc4-7875-78d6-7d32-6a1673ffca7c', '1999-02-21 07:44:10', '81XPT0A7EK6BH6D6F4Z0SFQ8GD971926Q', '1993-12-25 18:58:53', 'Anita Somers'),
('2da0cbfc-13ad-7ad2-82f6-423b4e874d0f', 'SHCB56891', '42', 'Phan Thị  Nguyệt', '0374545965', 'anyen@outlook.com', 1, 1, '2000-02-22', '17120d02-6ab5-3e43-18cb-66948daf6128', '1990-01-01 00:00:03', 'MAN324PEQR5N8XN600I', '2009-07-27 21:13:11', 'Winford Mixon'),
('2da5cb9b-6b25-1316-f41d-086412a8ea97', 'SHCB23588', '33', 'Đỗ Đức Khang', '0373792074', 'nongphuong@icloud.com', 1, 1, '2000-03-02', '17120d02-6ab5-3e43-18cb-66948daf6128', '2009-10-12 02:43:15', NULL, '2005-01-08 23:31:07', NULL),
('2dd6b3a0-2350-1230-1835-60b3ebf808a9', 'SHCB51495', NULL, 'Lê Bảo Bảo', NULL, NULL, 1, 1, '2008-01-24', '59d19422-6657-452e-a7db-e5d54223c257', '1990-01-01 00:00:26', NULL, '2001-10-14 20:11:57', NULL),
('2e25af01-3568-3517-7580-7ed9d1ea06ea', 'SHCB75275', '19', 'Hoàng Khánh Uyên', '0390048324', 'nhulien@gmail.com', 0, 1, '2013-08-06', '4e272fc4-7875-78d6-7d32-6a1673ffca7c', '1990-01-01 00:01:15', '5S', '1990-01-01 00:01:40', 'Kristal Calkins'),
('2e9c0c0f-1a6d-3055-3f77-d9ebc53aac3d', 'SHCB40955', NULL, 'Dương Khánh Khang', NULL, NULL, 1, 1, '2002-06-12', '7686595d-16d5-33b3-0080-e8e2a817c80e', '1991-10-23 20:42:05', 'OI7Z2V9XL4WTG48ZT27', '1994-09-08 20:41:44', 'Bernardo Mack'),
('2ee950fb-4256-49aa-e41d-086412a8ea97', 'SHCB96777', '58', 'Vũ Thùy Nga', '0352317276', NULL, 1, 0, '2000-03-08', '469b3ece-744a-45d5-957d-e8c757976496', '1990-01-01 01:57:25', 'H3N3I1R96', '2012-09-10 20:23:20', 'Darrick Kohn'),
('2efc0ff3-37c0-286f-bbd2-89b22d10517e', 'SHCB14186', '42', 'Trương Phương Tâm', '0308124186', 'hanhung@gmail.com', 1, 0, '2001-12-22', '4e272fc4-7875-78d6-7d32-6a1673ffca7c', '2000-07-11 19:13:26', '8NOHTVC0Y2QP9YBB9', '2008-11-30 00:27:45', 'Debroah Lombard'),
('2f25e35e-15fb-71e4-4e35-0028ed526dd0', 'SHCB10612', '33', 'Bùi Thị  Mai', '0302579937', 'nongchi@outlook.com', 1, 1, '2005-12-28', '768f8e64-7d10-20c9-967d-e8c757976496', '1990-01-01 00:00:06', 'T28Q25JA514O9E8489SSO4H64J191W0M87N70WVD85U2075549489PN81GC7J', '2021-01-05 07:55:01', 'John Bello'),
('2f43fc9d-1f7a-25fc-5280-7ed9d1ea06ea', 'SHCB28188', '53', 'Phan Thanh Hương', '0354530673', 'trieungan@gmail.com', 1, 1, '2012-09-12', '7686595d-16d5-33b3-0080-e8e2a817c80e', '2009-10-31 14:37:03', '9GLS6', '2006-04-21 02:07:52', 'Everette Anders'),
('2f4cc91d-6f13-4b4c-1c80-de64d090a2c2', 'SHCB84730', '58', 'Đoàn Bảo Khôi', '0330975248', 'damtrang@outlook.com', 0, 1, '2002-08-02', '7686595d-16d5-33b3-0080-e8e2a817c80e', '1990-01-01 00:15:45', 'QLNMJ1BK2GAJLPZL1G3V52UNYWK61X332G9BN1QV89I9G4688X55MRPV', '2010-01-05 21:59:34', 'Samual Sheffield'),
('2fde0921-432c-64c5-0935-60b3ebf808a9', 'SHCB24571', '20', 'Phạm Hoàng Bách', '0378686485', 'nghiemphuong@gmail.com', 0, 1, '2019-12-03', '11452b0c-768e-5ff7-0d63-eeb1d8ed8cef', '2014-03-03 12:52:23', 'Y7KUD5', '2009-01-11 12:13:38', 'Deena Carrier'),
('3005c4c5-6a2d-70db-58c2-579daad24557', 'SHCB81767', '49', 'Phạm Phương Linh', '0397181211', 'danthao@gmail.com', 0, 0, '2020-04-06', '17120d02-6ab5-3e43-18cb-66948daf6128', '2014-11-26 03:18:49', '0LM62', '1990-01-01 00:00:08', 'Foster Beal'),
('3017e692-73fb-6331-6a80-7ed9d1ea06ea', 'SHCB07832', '50', 'Đặng Hoàng Hùng', '0345220829', 'luonghien@icloud.com', 1, 1, '2018-06-26', '4577565a-7e3e-493a-74dd-867949feb8b5', '2017-06-10 14:51:38', '46M796D6TBT1R6BC', '1993-04-03 01:17:03', 'Aubrey Mares'),
('30442797-494e-6678-8bf6-423b4e874d0f', 'SHCB49424', '29', 'Hoàng Khánh Hoàng', '0310482026', 'duyhan@icloud.com', 0, 0, '2011-06-06', '469b3ece-744a-45d5-957d-e8c757976496', '2019-02-01 19:21:30', '4T98OTJRG399AZOU6Y0B25522UJ50QL4NK71ZO4BTI1174OX1A3ICL6045XA8B', '1990-01-01 00:05:40', 'Delmer Beane'),
('3045ede0-4b2b-73eb-64c2-579daad24557', 'SHCB60496', '31', 'Đoàn Thanh Trang', '0396733785', 'bachmai@gmail.com', 0, 0, '2004-05-09', '59d19422-6657-452e-a7db-e5d54223c257', '2017-12-25 01:16:21', NULL, '1997-08-02 21:32:19', NULL),
('30f13ea5-7711-72be-63c2-579daad24557', 'SHCB69338', '40', 'Lương Đức Khang', '0318641538', 'bacnguyet@outlook.com', 1, 1, '2007-10-17', '11452b0c-768e-5ff7-0d63-eeb1d8ed8cef', '1990-01-01 00:53:32', 'Q7X5ISTVN', '2013-07-30 13:06:15', 'Virgil Maclean'),
('314b2353-70d0-32a2-e3d2-89b22d10517e', 'SHCB40664', '31', 'Đỗ Ngọc Duyên', '0302872183', 'chungoanh@gmail.com', 1, 1, '2006-10-28', '17120d02-6ab5-3e43-18cb-66948daf6128', '1995-11-19 02:29:53', 'C7D3FET', '2015-06-13 17:18:21', 'Anette Alston'),
('31629133-61f6-7765-1535-60b3ebf808a9', 'SHCB21565', '24', 'Đoàn Thanh Bảo', '0379948928', 'kimhan@icloud.com', 0, 0, '2000-01-06', '768f8e64-7d10-20c9-967d-e8c757976496', '2002-03-16 05:59:21', '2AYQ419XK63KI9ESZ', '2012-08-06 09:32:52', 'Tamala Foust'),
('31ae1818-7baf-1872-1e77-d9ebc53aac3d', 'SHCB12495', '49', 'Vương Thị Linh', '0319687745', 'baanh@outlook.com', 0, 1, '2000-01-01', '7686595d-16d5-33b3-0080-e8e2a817c80e', '1990-01-01 00:00:01', '9O4JPHS26DF107798J5QQ', '1996-01-10 17:36:19', 'Waltraud Abbott'),
('31d2ab47-4838-535e-6f80-7ed9d1ea06ea', 'SHCB66844', '21', 'Đào Phương Trang', '0343043182', 'bachoai@outlook.com', 0, 1, '2000-01-03', '17120d02-6ab5-3e43-18cb-66948daf6128', '2004-10-26 21:26:04', '8F3V631TI5419EA9S54MCBG', '1990-01-01 01:10:50', 'Adalberto Phelan'),
('321cca36-5b09-7efa-52c2-579daad24557', 'SHCB44356', '54', 'Lương Ngọc Mai', '0391289411', 'mabach@icloud.com', 1, 0, '2011-10-25', '142cb08f-7c31-21fa-8e90-67245e8b283e', '1990-01-01 00:52:46', 'Y72R1I587U90TI758J23HYZ5J251W888ZQ9M20223PM182A8U8', '1996-11-11 17:34:15', 'Lina Gee'),
('322105dd-142f-392d-2fc2-579daad24557', 'SHCB25124', '59', 'Lê Khánh Bảo', '0358442937', 'longuyet@gmail.com', 1, 1, '2014-03-28', '17120d02-6ab5-3e43-18cb-66948daf6128', '1999-02-06 17:33:19', '2UB0V7B6Q00Z564HM16H891I4D4MLJ2251DCON81R63S92MG2TY6Z04CFU1', '2001-09-30 14:12:08', 'Myrl Combs'),
('323e9a2a-289d-273d-2535-60b3ebf808a9', 'SHCB08817', '25', 'Bùi Bảo Bắc', '0319273367', 'tonmai@gmail.com', 1, 1, '2017-09-12', '469b3ece-744a-45d5-957d-e8c757976496', '2013-01-20 13:27:39', '859M9547PD86P82Q600W479GPE51X', '1990-01-01 00:37:20', 'Larhonda Driver'),
('324ac33a-77c5-13a5-0535-60b3ebf808a9', 'SHCB91659', '49', 'Lê Vân Uyên', '0351116968', 'anyen@outlook.com', 0, 1, '2000-01-18', '469b3ece-744a-45d5-957d-e8c757976496', '1990-01-01 00:00:18', 'GID81Y7B1738MO3N', '1990-01-01 00:00:51', 'Benedict Mcdermott'),
('3277a4b3-5561-5d33-2a35-60b3ebf808a9', 'SHCB34086', '29', 'Phạm Mai Nhung', '0303084845', 'dantrang@gmail.com', 0, 1, '2006-11-22', '469b3ece-744a-45d5-957d-e8c757976496', '1996-01-27 22:18:20', '6GN60Y46TN78M', '2007-12-22 19:05:05', 'Harrison Lattimore'),
('3292f8e8-6f00-416f-2035-60b3ebf808a9', 'SHCB53385', '61', 'Hồ Văn Tùng', '0374942801', 'damhuong@outlook.com', 0, 0, '2006-04-21', '4577565a-7e3e-493a-74dd-867949feb8b5', '2005-01-06 22:52:49', 'YKC0D2890TVG', '1990-01-01 00:01:25', 'Ada Novak'),
('329b5332-34e3-1ae4-6ef6-423b4e874d0f', 'SHCB57286', '44', 'Đặng Vân Phương', '0351094465', 'bachien@outlook.com', 0, 0, '2000-01-26', '11452b0c-768e-5ff7-0d63-eeb1d8ed8cef', '2016-03-02 22:00:31', '4D4GUDG36', '1998-11-01 01:00:38', 'Archie Hooper'),
('32d0d11c-7c72-5daa-9f41-c1ec321fe728', 'SHCB76198', '30', 'Đoàn Minh Hòa', '0385988692', NULL, 1, 0, '2000-10-05', '59d19422-6657-452e-a7db-e5d54223c257', '2007-02-24 22:59:06', 'FK1AHO067F5H134M0N6JT7W3CPS14LRAL4A3VM96FTG51N', '1994-07-23 16:40:16', 'German Roderick'),
('32d33559-61a5-4afd-d91d-086412a8ea97', 'SHCB65965', '45', 'Nguyễn Gia Thành', '0358245028', 'bacchinh@outlook.com', 1, 0, '2010-08-19', '4577565a-7e3e-493a-74dd-867949feb8b5', '2019-11-15 05:33:49', '8TEIO', '2007-12-12 07:23:10', 'Tajuana Richard'),
('32e3be81-3548-6f8f-6380-7ed9d1ea06ea', 'SHCB33899', '45', 'Trương Khánh Anh', '0303728881', 'lathao@outlook.com', 1, 0, '2014-06-13', '4577565a-7e3e-493a-74dd-867949feb8b5', '2007-09-06 19:14:07', NULL, '2017-06-19 05:11:43', NULL),
('3304dddb-1b72-607f-25c2-579daad24557', 'SHCB03549', '55', 'Vũ Thùy Trang', '0322754942', 'batrang@gmail.com', 1, 1, '2000-09-03', '7686595d-16d5-33b3-0080-e8e2a817c80e', '2015-01-09 05:59:27', 'WX2706O1HVS83MC9P3', '2015-12-19 17:04:38', 'Vanita Edmonds'),
('33589ecb-33ac-28c7-9241-c1ec321fe728', 'SHCB73826', '55', 'Hồ Thanh Diễm', '0309547688', 'ninhthao@outlook.com', 1, 0, '2004-02-17', '142cb08f-7c31-21fa-8e90-67245e8b283e', '2002-03-20 04:10:37', 'TVQ5N83IXW66Y', '1990-01-01 00:01:25', 'Dirk Ennis'),
('337faf61-662b-461a-69f6-423b4e874d0f', 'SHCB51944', '27', 'Đoàn Mai Uyên', '0359527475', 'hanghia@icloud.com', 1, 0, '2000-02-16', '7686595d-16d5-33b3-0080-e8e2a817c80e', '1990-01-01 00:00:47', '002', '1995-05-28 16:43:06', 'Louie Freedman'),
('33ec4fea-4c03-3191-3ec2-579daad24557', 'SHCB01271', '26', 'Trương Thị  Huyền', '0312426874', 'duyhoa@outlook.com', 1, 0, '2010-01-21', '59d19422-6657-452e-a7db-e5d54223c257', '2005-06-06 17:06:53', '7E0B', '2002-12-12 23:17:06', 'Rufina Ali'),
('33f6a5c3-415a-1ee3-87f6-423b4e874d0f', 'SHCB91072', '59', 'Trương Mai Yến', '0330297785', 'ungnam@gmail.com', 0, 1, '2000-01-10', '4e272fc4-7875-78d6-7d32-6a1673ffca7c', '2006-01-02 05:31:38', 'WX6K76', '1992-06-19 10:44:48', 'Scottie Abraham'),
('341706d9-627c-345d-e91d-086412a8ea97', 'SHCB60228', '35', 'Lê Thùy Nguyệt', '0369554058', NULL, 1, 0, '2000-07-02', '59d19422-6657-452e-a7db-e5d54223c257', '2020-04-06 11:56:39', '9JYP4S', '1995-11-13 02:22:38', 'Aleisha Roland'),
('344bfdb0-4b01-6699-ab41-c1ec321fe728', 'SHCB86850', '56', 'Nguyễn Khánh Mai', '0311579716', 'ninhquynh@icloud.com', 1, 0, '2009-05-16', '4577565a-7e3e-493a-74dd-867949feb8b5', '1990-01-01 00:00:08', 'KD556FJO8956SO9L5ID2DBFT53840QKCAR2AVUX690IGE6FD0N30J8DMMQ9', '1990-01-01 00:00:10', 'Paris Antonio'),
('34d0e3b5-6d5f-1fd7-0635-60b3ebf808a9', 'SHCB71833', '42', 'Đặng Văn Hùng', '0354269735', 'dieumai@icloud.com', 0, 0, '2000-02-24', '17120d02-6ab5-3e43-18cb-66948daf6128', '1990-01-01 00:00:55', '1T7GXR8GAO661RR283Y3NFWMWP2198OAE084093A93Z3CJ5L615G', '2000-07-09 05:56:04', 'Donovan Buckley'),
('34e0b175-5b50-44af-8af6-423b4e874d0f', 'SHCB50435', '42', 'Vũ Bảo Thành', '0382180786', 'vuongtuan@gmail.com', 0, 0, '2010-02-28', '142cb08f-7c31-21fa-8e90-67245e8b283e', '2018-09-30 09:21:22', 'KNOCQ2818JM5LG987QY4U32V3KY2SYAUJXP418VK91AKO880CS174PTOHHI37TUP7M9C7HMP8F3R95G72G349D', '1990-01-01 00:27:48', 'Naomi Lentz'),
('34e55501-2213-19af-6d80-7ed9d1ea06ea', 'SHCB62110', '28', 'Vương Minh Bảo', '0361346424', 'kimhung@gmail.com', 0, 1, '2000-04-05', '4577565a-7e3e-493a-74dd-867949feb8b5', '1992-05-03 10:18:22', '4B620915I2IEMS571S6UE4KQZ480RS06UV52F102W14V5DBP696E2235R7OY7AA14750AUZ1EE1NK0AWOYGT329P56Z5X064', '2003-05-02 03:49:57', 'Rozella Andrews'),
('34f6dec3-6352-32d4-98f6-423b4e874d0f', 'SHCB48164', '46', 'Phạm Thanh Chính', '0361013201', NULL, 1, 1, '2021-03-15', '469b3ece-744a-45d5-957d-e8c757976496', '2021-05-09 00:53:28', '7772650OOEXUF08ZX67G897YY8EI6RZ2H', '1993-11-10 15:27:30', 'Antony Mccallum'),
('34fa6351-5e23-4402-8080-7ed9d1ea06ea', 'SHCB46112', '51', 'Đỗ Thị Tâm', '0390020051', 'ngohien@outlook.com', 1, 0, '2000-03-18', '4e272fc4-7875-78d6-7d32-6a1673ffca7c', '1990-01-01 00:00:04', 'X0127VYW91Z82Q2G356LDF4ROMYG5TM1CFV297C93SOK2IS2ZG41595ELM2W1T31BMTW8SLQW3WI6GYAO', '2009-12-29 16:04:48', 'Reid Cotter'),
('350cf027-3245-532d-bcd2-89b22d10517e', 'SHCB62175', '27', 'Phan Thùy Nguyệt', '0339278695', NULL, 1, 1, '2018-10-26', '59d19422-6657-452e-a7db-e5d54223c257', '1990-10-31 22:45:50', 'H8NG989608', '2007-11-21 21:13:11', 'Irwin Archibald'),
('3512583a-64ab-33c0-6c80-7ed9d1ea06ea', 'SHCB98108', '43', 'Phan Đức Nghĩa', '0333024072', 'bayen@outlook.com', 1, 1, '2002-01-27', '17120d02-6ab5-3e43-18cb-66948daf6128', '2017-07-23 02:35:12', '0A18RL51U7ZGD9QYW77DRB2SBA8KGL2RRGBYNE24100O14342DP15F79', '2005-03-27 13:52:15', 'Jerry Beaudoin'),
('35236925-67e9-5395-4177-d9ebc53aac3d', 'SHCB90924', '48', 'Ngô Minh Khôi', '0397766745', 'doantam@outlook.com', 1, 1, '2000-01-08', '17120d02-6ab5-3e43-18cb-66948daf6128', '2015-03-25 01:56:36', 'AW3AA6UD095H7WI19LA4HI6WCC5IDN1JDF7268PVZJ25RIO7N1B0KZ5C62483K010E883252TPICY5R8XP', '2005-08-19 01:08:29', 'Adolfo Cobb'),
('3582e86f-1b41-6262-7ef6-423b4e874d0f', 'SHCB35571', '21', 'Đỗ Thị Ngân', '0383581419', 'bacngan@outlook.com', 1, 0, '2002-03-15', '59d19422-6657-452e-a7db-e5d54223c257', '2002-01-03 05:06:24', 'J9030ST74H648GD2V74QD06XQ', '2019-01-14 22:27:02', 'Orlando Branson'),
('35992438-457c-3b07-1935-60b3ebf808a9', 'SHCB86951', '31', 'Phạm Thị Duyên', '0360730415', 'chungphuong@outlook.com', 0, 0, '2020-06-25', '142cb08f-7c31-21fa-8e90-67245e8b283e', '1990-01-01 00:01:21', '8267', '1990-01-01 00:00:09', 'Abraham Abbott'),
('35a11d1c-179b-2015-3a80-de64d090a2c2', 'SHCB72732', '40', 'Lương Gia Chí', '0342013208', 'mathanh@outlook.com', 0, 1, '2004-08-17', '4e272fc4-7875-78d6-7d32-6a1673ffca7c', '2012-09-07 20:16:07', '58568RP9W734F896M93', '2003-04-24 09:07:09', 'Abdul Brockman'),
('35c3a053-254d-33f3-1b80-de64d090a2c2', 'SHCB63875', '52', 'Trương Gia Trung', '0302799394', 'dinhkhang@outlook.com', 1, 0, '2002-06-15', '142cb08f-7c31-21fa-8e90-67245e8b283e', '1990-01-01 00:14:57', '207VC7U8HOTVLAK068J8F9F37AK3X5WUWG72R4KM727B8M7951N29UNKXBV4S64Z5SC49820536D', '1990-01-01 02:37:34', 'Olga Haag'),
('35ec2e7b-17b3-1b63-6080-7ed9d1ea06ea', 'SHCB68648', '53', 'Vũ Hoàng Bảo', '0341727306', 'chungthao@outlook.com', 0, 0, '2000-02-26', '17120d02-6ab5-3e43-18cb-66948daf6128', '1990-01-01 00:00:57', 'BSJQCLDSBAP91CQ0B05GYX0IP982Q4HA5TL6G677A22IW0O7FUL7GIW5ZG1I0', '2012-11-30 15:58:17', 'Rosette Means'),
('36093e33-5a04-66a2-97f6-423b4e874d0f', 'SHCB98840', '46', 'Ngô Thị Yến', '0357693747', 'macoanh@outlook.com', 1, 1, '2010-06-03', '4e272fc4-7875-78d6-7d32-6a1673ffca7c', '2006-03-31 18:04:22', 'U8CY69', '2010-09-09 22:59:22', 'Elizbeth Bonds'),
('360bd1e4-7bbf-3971-d41d-086412a8ea97', 'SHCB57095', '34', 'Lương Gia Huy', '0308182120', 'chungnga@gmail.com', 0, 0, '2016-08-30', '11452b0c-768e-5ff7-0d63-eeb1d8ed8cef', '2007-03-21 18:57:46', '8E5A3Q05FT24W1O7C217WZL3V4K5WOI02B88MY46Z7PA', '2017-08-13 08:37:09', 'Delorse Mayes'),
('363b67cb-40ae-552d-2b77-d9ebc53aac3d', 'SHCB27866', '19', 'Dương Thùy Hân', '0354204481', NULL, 1, 1, '2000-01-04', '768f8e64-7d10-20c9-967d-e8c757976496', '2002-02-14 11:22:02', NULL, '2012-09-10 06:34:46', NULL),
('36ac2df8-2b1e-368f-cc1d-086412a8ea97', 'SHCB12252', '30', 'Hoàng Gia Long', '0393213843', 'anduyen@icloud.com', 0, 0, '2014-03-10', '768f8e64-7d10-20c9-967d-e8c757976496', '1991-08-08 06:50:25', 'K9C14Q299Y73', '1990-01-01 00:04:54', 'Cora Pacheco'),
('3738ce93-1661-5628-2cc2-579daad24557', 'SHCB02492', '41', 'Lương Vân Hiền', '0320807954', 'macnguyet@outlook.com', 0, 1, '2020-02-11', '142cb08f-7c31-21fa-8e90-67245e8b283e', '1990-06-27 19:51:11', 'B2K3R5BW', '2014-01-24 10:23:20', 'Minh Withers'),
('373aae71-7e6b-6eff-c6d2-89b22d10517e', 'SHCB67814', '48', 'Đoàn Đức Nam', '0399829582', 'dankhang@gmail.com', 1, 0, '2001-10-11', '7686595d-16d5-33b3-0080-e8e2a817c80e', '2011-05-15 20:03:05', 'EH4ITJ8WFKM167LL8231I9ZETECF8U0NB6TYV577K5NNE68B0', '1994-08-24 12:28:23', 'Daniel Churchill'),
('375c0b70-28af-4afb-2735-60b3ebf808a9', 'SHCB09482', '54', 'Vũ Đức Thành', '0353779399', NULL, 1, 0, '2009-07-17', '4577565a-7e3e-493a-74dd-867949feb8b5', '1990-01-01 00:36:02', 'DO782R288MM716HTB0CD7TWJ3LH040ZMF45', '1991-10-20 02:41:09', 'Kareem Downey'),
('38085202-6473-26a9-7bf6-423b4e874d0f', 'SHCB27922', '49', 'Ngô Phương Diễm', '0316631893', 'takhang@gmail.com', 0, 0, '2018-06-03', '7686595d-16d5-33b3-0080-e8e2a817c80e', '2008-02-27 17:16:59', '7D8X1216HS1KSFUNU6Z5V55NCTQS1CZY92U0MKT23ILK5H8Q04GE44O7548M3032XRV4E68HL3', '1990-01-01 00:30:20', 'Larry Stallworth'),
('383760d5-6851-218b-4835-0028ed526dd0', 'SHCB23867', '26', 'Đoàn Gia Bắc', '0377210816', 'bachhoai@icloud.com', 0, 0, '2004-03-14', '11452b0c-768e-5ff7-0d63-eeb1d8ed8cef', '1995-06-27 17:01:06', 'IVJ234CTBDCET85IB8XU293O29D', '2017-11-05 02:40:13', 'Mae Abraham'),
('38dc720e-654a-29d5-34c2-579daad24557', 'SHCB78893', '47', 'Đường Thanh Khôi', '0370387268', 'duyhan@outlook.com', 0, 0, '2016-01-11', '4e272fc4-7875-78d6-7d32-6a1673ffca7c', '2007-05-13 16:56:04', '06HMNWF8O13QGL7HUVQ90KM8NYD6MLANQ72QM3B48D730EE4DQZTZU5XZ5H80Z18E40KTP', '1990-01-01 00:00:03', 'Rachel Enriquez'),
('3925af30-4d16-2b1f-93f6-423b4e874d0f', 'SHCB71229', '42', 'Triệu Thùy Yến', '0385660487', 'bachtung@outlook.com', 1, 0, '2000-03-08', '7686595d-16d5-33b3-0080-e8e2a817c80e', '1991-09-20 02:39:26', NULL, '1990-01-01 00:00:04', NULL),
('395826c8-15a0-31f9-5980-7ed9d1ea06ea', 'SHCB92445', '55', 'Nguyễn Thanh Duyên', '0336890462', 'anngan@gmail.com', 0, 1, '2016-01-29', '7686595d-16d5-33b3-0080-e8e2a817c80e', '1999-11-04 12:17:21', 'GOE9RRMW71A692W0D0966J1W6RVTDOS9YPX7YEOF9KV8M94DH0UI0MGZDE466TI23', '2002-06-25 06:25:26', 'Ambrose Crowley'),
('395fb299-3c5f-46fe-8841-c1ec321fe728', 'SHCB36910', '40', 'Trương Thị  Thảo', '0306666545', NULL, 1, 0, '2008-09-12', '4577565a-7e3e-493a-74dd-867949feb8b5', '2018-12-10 16:19:00', '1QRF2247JTVUYAQ45B2K4SG', '1990-01-01 00:08:22', 'Noel Acevedo'),
('39bd677c-589e-4690-4677-d9ebc53aac3d', 'SHCB57364', '50', 'Triệu Thị  Phương', '0353571615', 'nghiemnga@icloud.com', 1, 0, '2009-07-20', '4577565a-7e3e-493a-74dd-867949feb8b5', '2020-08-09 23:29:04', '03VNB0O1Z5R43YQWYH7WL1B06S5ILCUE94EZV2B', '2021-07-23 05:16:06', 'Ginette Schwab'),
('39f3c493-4680-145e-42c2-579daad24557', 'SHCB64319', '21', 'Đoàn Thanh Hùng', '0345702848', 'dinhyen@icloud.com', 0, 1, '2014-08-05', '17120d02-6ab5-3e43-18cb-66948daf6128', '1990-01-01 00:15:58', '84XFTN86OWV7FK1566HDX8I', '1990-01-01 00:00:09', 'Alecia Huskey'),
('3a2d000a-5ea1-3197-dbd2-89b22d10517e', 'SHCB28859', '44', 'Đường Thị Anh', '0357141096', 'makhoi@outlook.com', 1, 0, '2009-12-23', '4e272fc4-7875-78d6-7d32-6a1673ffca7c', '1990-01-01 00:00:03', '8965K3UC8O95XO50768V4L3A7YGH0UPIQ3ATY42Y8', '1990-01-01 02:39:34', 'Booker Downs'),
('3a425a4d-6066-116b-6bf6-423b4e874d0f', 'SHCB75766', '52', 'Nguyễn Bảo Tùng', '0367344894', 'nhuchi@gmail.com', 0, 0, '2005-04-11', '142cb08f-7c31-21fa-8e90-67245e8b283e', '2001-11-25 07:31:28', 'XQ4RH0645L189ELW8415GKH409WY', '1990-01-01 00:01:09', 'Gerry Hutchens'),
('3a59a55b-65fe-61b0-4780-de64d090a2c2', 'SHCB69191', '19', 'Trịnh Thùy Phương', '0331009279', 'dantrang@gmail.com', 1, 0, '2000-12-11', '469b3ece-744a-45d5-957d-e8c757976496', '2016-04-10 10:20:36', '16RKQBXM', '2007-04-21 05:02:38', 'Porfirio Ames'),
('3abffc51-2a43-18c6-6cf6-423b4e874d0f', 'SHCB09216', '51', 'Vũ Phương Anh', '0389033961', 'lynam@outlook.com', 0, 1, '2000-01-10', '7686595d-16d5-33b3-0080-e8e2a817c80e', '1990-01-01 00:00:10', '28435CPM13X0E3OMX1HA8MM6P8P2R0Y6J0JTZS57E0H7SD7ATMPV2L4I5Y', '2016-04-15 09:31:56', 'Janell Beale'),
('3ac85d96-49eb-7b1d-1135-60b3ebf808a9', 'SHCB58238', '33', 'Hoàng Khánh Trung', '0350929918', NULL, 1, 0, '2001-08-28', '59d19422-6657-452e-a7db-e5d54223c257', '1990-01-01 00:13:25', NULL, '1993-01-22 04:53:43', NULL),
('3b668e3c-742f-4876-8e41-c1ec321fe728', 'SHCB03473', '18', 'Nguyễn Thùy Oanh', '0392125235', 'nonganh@icloud.com', 1, 1, '2003-04-05', '7686595d-16d5-33b3-0080-e8e2a817c80e', '1991-10-24 01:09:25', '4M3E8', '2015-03-28 07:42:53', 'Truman Aiken'),
('3b740a7c-6139-720e-2c35-60b3ebf808a9', 'SHCB75326', '46', 'Phạm Thị Mai', '0371591839', 'luonguyen@gmail.com', 1, 0, '2009-11-25', '4e272fc4-7875-78d6-7d32-6a1673ffca7c', '1991-08-16 10:16:24', 'KLB6V82H01WR49Y', '1990-01-01 00:00:25', 'Kennith Cuellar'),
('3b9be541-2ef2-4000-4bc2-579daad24557', 'SHCB68563', '25', 'Nguyễn Văn Nghĩa', '0331841566', 'ninhkhang@gmail.com', 0, 0, '2007-11-20', '142cb08f-7c31-21fa-8e90-67245e8b283e', '1992-05-27 05:49:01', 'YMFA4', '2010-02-13 09:24:22', 'Janett Benavides'),
('3b9ddf67-2552-6683-5a80-7ed9d1ea06ea', 'SHCB18998', '31', 'Lê Phương Nhung', '0389407699', 'duynga@outlook.com', 1, 1, '2017-03-18', '59d19422-6657-452e-a7db-e5d54223c257', '2011-03-04 02:24:44', '8SOAR6TAU3P26RWL3IZ4ZDP627O26CPQI4B8DYL8D03HZX1I', '2003-01-01 02:52:46', 'Tamera Amaya'),
('3c2e4529-1ee5-7319-fb1d-086412a8ea97', 'SHCB72368', '18', 'Vương Thanh Hòa', '0323514237', 'dinhngan@gmail.com', 0, 0, '2014-07-05', '17120d02-6ab5-3e43-18cb-66948daf6128', '2001-10-31 02:05:53', 'NWP978292V', '2018-10-06 04:47:45', 'Jason Rojas'),
('3cb58bb5-2fd7-6c15-8741-c1ec321fe728', 'SHCB14179', '49', 'Đỗ Hoàng Khang', '0386486082', 'hoauyen@outlook.com', 1, 1, '2007-04-22', '142cb08f-7c31-21fa-8e90-67245e8b283e', '1992-12-05 21:29:47', 'KH78GE', '2008-02-18 22:13:45', 'Addie Goss'),
('3cc7be2d-6406-4b95-3cc2-579daad24557', 'SHCB88003', NULL, 'Phan Đức Long', NULL, NULL, 0, 1, '2001-02-25', '4577565a-7e3e-493a-74dd-867949feb8b5', '2014-12-21 00:05:43', 'Z8J8JS3648UL64PPZ', '1999-11-13 19:12:09', 'Nita Mcwhorter'),
('3ce2b324-5bd4-45a8-4b77-d9ebc53aac3d', 'SHCB77734', '24', 'Trần Văn Hùng', '0358422984', 'trinhmai@icloud.com', 0, 1, '2019-03-07', '469b3ece-744a-45d5-957d-e8c757976496', '1990-06-16 17:30:33', '6OUL7R1131Y5KAQK2N30DG07552VO156172P6P2GVF959UC90J579N537Z6CBB5H5983YG', '2005-12-24 18:37:08', 'Chris Connolly'),
('3d1266d8-49d7-3605-2477-d9ebc53aac3d', 'SHCB15315', '51', 'Nguyễn Thùy Mai', '0363579744', 'ninhmai@outlook.com', 0, 0, '2010-12-29', '142cb08f-7c31-21fa-8e90-67245e8b283e', '2013-10-01 12:51:52', 'V68Q83J', '1997-11-20 02:19:48', 'Isadora Beckham'),
('3d18d4c2-2f39-3dce-d61d-086412a8ea97', 'SHCB81821', '59', 'Lương Khánh Bách', '0346153969', 'lychi@gmail.com', 0, 1, '2007-12-04', '469b3ece-744a-45d5-957d-e8c757976496', '1995-07-01 15:18:12', 'T2WL4X2B006', '1997-01-28 03:31:17', 'Hung Ackerman'),
('3d7188e7-111a-58b0-6e35-0028ed526dd0', 'SHCB14832', '47', 'Phan Thị  Quỳnh', '0372724687', 'duynguyet@gmail.com', 0, 1, '2009-12-05', '469b3ece-744a-45d5-957d-e8c757976496', '1990-01-01 00:41:33', 'TX29885N6BS9', '1999-07-16 21:17:28', 'Willy Porter'),
('3d9b23c7-7369-2872-5635-0028ed526dd0', 'SHCB75330', '21', 'Lê Phương Duyên', '0334249056', 'nghiemmai@icloud.com', 1, 1, '2000-01-04', '4577565a-7e3e-493a-74dd-867949feb8b5', '2016-01-02 04:14:04', NULL, '2020-01-14 07:47:21', NULL),
('3dedab0b-2af0-6b4e-a041-c1ec321fe728', 'SHCB11925', '56', 'Đào Vân Mai', '0366180626', 'damanh@icloud.com', 1, 0, '2018-09-08', '7686595d-16d5-33b3-0080-e8e2a817c80e', '2018-05-17 08:38:46', 'O99ISH68Z6L61G4UIG92', '2002-09-12 22:27:54', 'Chante Frantz'),
('3df2ebcd-6d28-2729-57c2-579daad24557', 'SHCB27126', '51', 'Dương Đức Duy', '0327855968', 'lieukhang@icloud.com', 1, 1, '2000-04-02', '59d19422-6657-452e-a7db-e5d54223c257', '1990-01-01 00:06:07', '9P4414FJHE5W49575', '1990-01-01 00:03:20', 'Brigid Wilson'),
('3e2b2e81-5437-1a99-9441-c1ec321fe728', 'SHCB10224', NULL, 'Dương Thùy Hoài', NULL, NULL, 1, 0, '2000-01-07', '59d19422-6657-452e-a7db-e5d54223c257', '1994-06-02 22:34:30', '10QQOYU9', '1995-05-19 05:51:06', 'Evon Campbell'),
('3e51a46c-4153-229c-7f41-c1ec321fe728', 'SHCB09858', '41', 'Vương Bảo Tùng', '0391152395', 'donganh@gmail.com', 1, 1, '2020-05-10', '142cb08f-7c31-21fa-8e90-67245e8b283e', '2011-03-01 10:07:56', NULL, '1990-01-01 00:09:09', NULL),
('3e7dd0ec-7ee5-392a-1277-d9ebc53aac3d', 'SHCB02799', '28', 'Trương Mai Anh', '0314001201', 'tonyen@outlook.com', 1, 1, '2009-06-11', '11452b0c-768e-5ff7-0d63-eeb1d8ed8cef', '1996-03-22 09:50:30', 'K48Z598KR5J5', '1990-01-01 02:04:26', 'Adaline Ashley'),
('3e9b9b39-3e75-3a20-a941-c1ec321fe728', 'SHCB60761', '25', 'Dương Khánh Huy', '0354878499', 'chunglong@gmail.com', 1, 0, '2021-08-16', '17120d02-6ab5-3e43-18cb-66948daf6128', '1998-11-25 00:43:53', 'XTFA9R30L50903SD', '1992-12-27 12:46:52', 'Gino Almanza'),
('3f7028bf-3771-75c5-2380-de64d090a2c2', 'SHCB51003', '21', 'Hồ Gia Nam', '0399664258', 'bacbao@outlook.com', 0, 0, '2000-01-01', '469b3ece-744a-45d5-957d-e8c757976496', '1990-01-01 00:00:01', '3G1Y033N98Y7WAHXBP45MPI28ZB8ZGZY12SBG4BYPSEK33687FNT2AIBJ8TXQ51BH', '1990-01-01 00:00:07', 'Beverly Shepherd'),
('3f9e1122-6ac0-3e96-8680-7ed9d1ea06ea', 'SHCB70770', '41', 'Hoàng Thanh Thành', '0341627206', 'anthanh@gmail.com', 0, 0, '2003-07-14', '17120d02-6ab5-3e43-18cb-66948daf6128', '2013-06-22 02:23:24', '309B7E795WO3C5L23', '1998-07-02 07:40:01', 'Adriene Byers'),
('3fa724dd-431f-5032-2a80-de64d090a2c2', 'SHCB81196', '59', 'Bùi Thanh Ngân', '0352313897', NULL, 0, 0, '2014-03-17', '142cb08f-7c31-21fa-8e90-67245e8b283e', '2003-01-04 11:35:52', 'XLSWPM67', '1990-01-01 00:16:30', 'Jamie Sloan'),
('3fb8132d-20a5-711d-4880-de64d090a2c2', 'SHCB18271', '24', 'Vương Thảo Quỳnh', '0377493223', 'dinhlien@outlook.com', 0, 0, '2020-05-20', '142cb08f-7c31-21fa-8e90-67245e8b283e', '1990-01-01 02:00:47', 'GIC55Y4', '1999-09-30 23:32:56', 'Teresa Moyer'),
('3fc4ed08-1219-1c6d-5480-7ed9d1ea06ea', 'SHCB02526', '45', 'Trần Đức Chính', '0374231812', 'duytam@outlook.com', 1, 1, '2012-07-15', '17120d02-6ab5-3e43-18cb-66948daf6128', '2014-01-11 04:09:46', '2VG516N8991PJI908', '1990-01-15 20:54:03', 'Maria Anthony'),
('3fe616cc-3eb7-39c0-3035-60b3ebf808a9', 'SHCB69704', '52', 'Lương Ngọc Anh', '0381750372', 'doanlong@gmail.com', 0, 0, '2010-08-01', '768f8e64-7d10-20c9-967d-e8c757976496', '2005-09-18 10:00:08', 'W5937H9S269J4HE60RLS69W8G5FQM72KR8PM8U7UTH9', '2014-01-09 06:41:29', 'Ailene Combs'),
('3fed64ec-2f94-798f-0335-60b3ebf808a9', 'SHCB86526', '30', 'Phạm Thị Yến', '0395194059', 'trieuhan@outlook.com', 0, 0, '2011-10-28', '59d19422-6657-452e-a7db-e5d54223c257', '1995-09-30 11:03:19', 'C94Q58TBF5I9124537G32', '2003-11-07 02:57:53', 'Tim Howe'),
('3fee1b33-1871-1a41-6235-0028ed526dd0', 'SHCB29045', '27', 'Đặng Khánh Chí', '0355140853', 'trinhtrang@gmail.com', 0, 1, '2016-01-02', '768f8e64-7d10-20c9-967d-e8c757976496', '1992-04-27 07:39:49', '8E20ZABA1FNB0YY4T', '1990-01-01 02:20:37', 'Morton Batson'),
('40160288-72cf-185c-c8d2-89b22d10517e', 'SHCB42014', '50', 'Phan Đức Thành', '0361620776', 'dongkhang@outlook.com', 0, 0, '2001-07-05', '4577565a-7e3e-493a-74dd-867949feb8b5', '1990-01-01 01:38:10', '3O20X6C', '1990-01-01 02:33:48', 'Douglass Ackerman'),
('401e72cc-49b0-5b4a-5335-0028ed526dd0', 'SHCB54979', '55', 'Đào Thùy Anh', '0368777060', 'ngonhung@icloud.com', 1, 0, '2006-09-26', '17120d02-6ab5-3e43-18cb-66948daf6128', '2010-01-03 01:02:01', 'QSM7OJ7Q0HU0J02890LUOSM3089Z', '2000-09-09 09:19:07', 'Demetria Childers'),
('4029deb6-568c-284f-8941-c1ec321fe728', 'SHCB21908', '44', 'Trương Mai Mai', '0332477515', 'bachduyen@icloud.com', 1, 0, '2017-12-09', '7686595d-16d5-33b3-0080-e8e2a817c80e', '2005-07-25 22:14:53', '18SM017513PJ1349P7W02M88XOQ1237C251ZJ2UR74KG7J', '2007-03-23 17:43:08', 'Kena Edward'),
('405d596c-21be-7e1a-3dc2-579daad24557', 'SHCB52161', '53', 'Trần Thị  Mai', '0328472740', 'daoduyen@outlook.com', 0, 1, '2009-08-01', '768f8e64-7d10-20c9-967d-e8c757976496', '1990-01-01 00:58:21', '7A92', '2020-12-23 17:39:15', 'Joan Dodson'),
('407db4d1-222b-287d-0135-60b3ebf808a9', 'SHCB69226', '18', 'Đoàn Thùy Hoài', '0340458449', 'tongkhoi@icloud.com', 0, 1, '2012-01-15', '142cb08f-7c31-21fa-8e90-67245e8b283e', '2009-06-13 21:38:07', 'B5', '2004-11-15 00:42:46', 'Jeffry Pease'),
('40904e10-3084-1af7-2a77-d9ebc53aac3d', 'SHCB10830', '33', 'Đỗ Đức Duy', '0305835398', 'doankhoi@icloud.com', 0, 0, '2018-09-08', '142cb08f-7c31-21fa-8e90-67245e8b283e', '1990-01-01 00:01:22', '0091RTK4VP80N4RNFXI0J0710E0413P6004W9ZC57XE', '1997-05-16 02:39:56', 'Mckenzie Hailey'),
('409dcd1a-426a-23f7-3a35-0028ed526dd0', 'SHCB28469', '36', 'Đào Thanh Bảo', '0377303659', 'dongmai@icloud.com', 0, 1, '2012-02-24', '4e272fc4-7875-78d6-7d32-6a1673ffca7c', '2012-06-30 23:32:03', '415', '2009-02-19 15:49:32', 'Gus Sawyer'),
('40b34c4d-3992-6122-94f6-423b4e874d0f', 'SHCB86150', '26', 'Đoàn Khánh Nguyệt', '0354211327', NULL, 0, 0, '2012-08-03', '4e272fc4-7875-78d6-7d32-6a1673ffca7c', '2000-06-14 18:19:55', '5FH63G279T185VMKEK1UE288AC49YIKIP19S14566HS13KJZ', '1990-01-01 00:00:01', 'Cyrus Winfield'),
('40f19aac-7127-4022-7135-0028ed526dd0', 'SHCB13823', NULL, 'Phan Văn Hoàng', NULL, 'dieubach@icloud.com', 0, 1, '2014-03-15', '4e272fc4-7875-78d6-7d32-6a1673ffca7c', '2019-05-24 08:32:03', NULL, '2011-03-12 12:18:30', NULL),
('40fff47f-4425-60cb-5135-0028ed526dd0', 'SHCB70426', '48', 'Phan Khánh Hương', '0346426753', 'lymai@outlook.com', 0, 0, '2015-10-10', '7686595d-16d5-33b3-0080-e8e2a817c80e', '1996-07-23 22:21:43', 'T8G6A93', '1999-10-17 08:18:03', 'Napoleon Shorter'),
('4155b8df-1bec-5054-7480-7ed9d1ea06ea', 'SHCB54483', '27', 'Trịnh Thùy Nguyệt', '0341324555', 'takhang@gmail.com', 1, 1, '2018-10-27', '7686595d-16d5-33b3-0080-e8e2a817c80e', '2007-06-14 10:22:17', '9TSHB1E', '2018-02-26 05:50:01', 'Milagro Wooldridge'),
('417f31fa-5c7b-6b08-6280-7ed9d1ea06ea', 'SHCB06610', '44', 'Triệu Thảo Oanh', '0383977118', 'nongnam@outlook.com', 0, 0, '2003-01-03', '11452b0c-768e-5ff7-0d63-eeb1d8ed8cef', '1991-12-27 11:22:26', '59QF7N214K67ZURQ21SC5GF327TFAXNJ0GS5G4RLQX06AR910AD2Q82TASA6648QNA9I5KQXD3UPJEHAHHH5P21B9194IMHFY91V', '2006-06-16 19:53:50', 'Marci Acker'),
('41c33bf8-1392-530c-2135-60b3ebf808a9', 'SHCB27458', '28', 'Hồ Thị Nga', '0300976237', 'kimhoa@outlook.com', 0, 0, '2000-03-15', '11452b0c-768e-5ff7-0d63-eeb1d8ed8cef', '1990-01-01 00:00:49', '786C3X5N19DHJ8OU', '1990-01-01 00:06:50', 'Alexandria Najera'),
('41f1acba-3177-4b1c-c4d2-89b22d10517e', 'SHCB65540', '53', 'Dương Đức Long', '0322433899', 'lieuhoang@gmail.com', 1, 1, '2013-10-24', '11452b0c-768e-5ff7-0d63-eeb1d8ed8cef', '2010-11-28 09:27:58', '6X3F01QL7PSYZO3OM1TM2811OR12OL4LO0H77H512132116V2', '1990-01-01 00:14:09', 'Abel Conn'),
('4268a1e3-25a6-3085-ced2-89b22d10517e', 'SHCB74869', '52', 'Triệu Phương Ánh', '0329424391', 'trinhdiem@gmail.com', 1, 0, '2018-10-11', '768f8e64-7d10-20c9-967d-e8c757976496', '1998-11-15 00:49:59', '5G6847UPG30M9WK2S6J34JYNFL2925H5YT', '1990-01-01 00:00:07', 'Eusebio Robertson'),
('42a13e31-2abb-6171-dc1d-086412a8ea97', 'SHCB93009', '53', 'Đường Thảo Yến', '0315456834', 'chungnhung@icloud.com', 1, 1, '2010-04-27', '4e272fc4-7875-78d6-7d32-6a1673ffca7c', '2015-07-04 16:01:16', 'L4V2D', '1990-01-01 00:00:32', 'Addie August'),
('42b9446a-790b-3892-2ac2-579daad24557', 'SHCB52323', '30', 'Vương Gia Hòa', '0350220572', 'daokhang@outlook.com', 1, 0, '2000-08-14', '17120d02-6ab5-3e43-18cb-66948daf6128', '2014-06-21 22:14:24', 'D4SNQWAI', '2003-03-20 16:33:54', 'Carl Switzer'),
('42db9027-5e76-257b-33c2-579daad24557', 'SHCB09443', '48', 'Triệu Gia Chính', '0368017544', 'donganh@outlook.com', 1, 0, '2017-09-30', '469b3ece-744a-45d5-957d-e8c757976496', '2015-01-25 20:14:40', '078JF34EUQB1E0BD05CTKROR909EFPMD3', '2016-05-23 12:09:54', 'Tasha Gallagher'),
('430298e0-2d52-2266-5ec2-579daad24557', 'SHCB08543', '55', 'Phan Khánh Tâm', '0372233557', NULL, 0, 1, '2003-04-13', '7686595d-16d5-33b3-0080-e8e2a817c80e', '1990-01-01 00:00:43', '2W3B84773DL7G4K09Y2Z848SKW53137U77HJC00E90M1G78OI83Y892F2I8W92QA78T6636726654', '2001-03-07 01:45:16', 'Myrtle Acevedo'),
('432d76c5-6b3a-6bd2-7035-0028ed526dd0', 'SHCB76534', NULL, 'Đào Bảo Hùng', NULL, 'latuan@gmail.com', 0, 0, '2000-01-03', '4e272fc4-7875-78d6-7d32-6a1673ffca7c', '1990-01-01 00:13:36', '6GAVT0IAJ', '1990-01-01 00:00:08', 'Beulah Johns'),
('434d4eb6-140c-38b4-4cc2-579daad24557', 'SHCB93874', '28', 'Bùi Thùy Linh', '0326876436', 'ngolong@icloud.com', 1, 0, '2000-01-01', '17120d02-6ab5-3e43-18cb-66948daf6128', '2016-05-25 13:36:43', '8D29KNA80KAZQ', '1998-03-16 04:35:17', 'Temika Blackwood'),
('436ac860-2783-2170-e61d-086412a8ea97', 'SHCB28026', '52', 'Lê Thùy Mai', '0329212396', 'duyhuong@gmail.com', 0, 1, '2011-09-04', '4e272fc4-7875-78d6-7d32-6a1673ffca7c', '1990-01-01 00:10:32', '701H907G5J42N', '1990-01-01 01:16:05', 'Graciela Skaggs'),
('443674f7-78a9-5ffa-4f35-0028ed526dd0', 'SHCB14170', '52', 'Trương Thanh Hòa', '0316074737', 'maduy@outlook.com', 0, 0, '2000-01-06', '17120d02-6ab5-3e43-18cb-66948daf6128', '2019-07-28 20:17:07', '4G8R2SF67AKP81OG94B95MU1KI85FYBE9241XJT0T0U5', '1990-01-01 00:01:07', 'Robby Ennis'),
('45ae58dc-49a1-14b9-3180-de64d090a2c2', 'SHCB79478', '37', 'Phan Mai Hoài', '0338156463', 'ninhmai@outlook.com', 1, 0, '2018-02-20', '4e272fc4-7875-78d6-7d32-6a1673ffca7c', '1990-01-01 00:00:01', '0WY646968E737C7L9PD34177J4MJK6UGBI2C7ZZ7Q68AWDBK9E6K6', '2014-08-16 00:54:13', 'Abel Worden'),
('45bd4aa1-3832-3db8-d21d-086412a8ea97', 'SHCB26465', '23', 'Trương Minh Trung', '0313033993', 'mahoa@gmail.com', 1, 1, '2000-05-23', '59d19422-6657-452e-a7db-e5d54223c257', '1994-02-08 09:34:00', '11D400S7K0C1GVMH3U1MM1FNKN5', '2020-03-17 16:52:38', 'Adela Chan'),
('45c09477-664f-1904-0f35-60b3ebf808a9', 'SHCB91545', '52', 'Trương Thanh Bắc', '0331748780', 'kimnhung@gmail.com', 1, 0, '2003-01-26', '17120d02-6ab5-3e43-18cb-66948daf6128', '2005-08-22 15:04:00', 'HMHX1A94D7D6BT1VQ44FV8WZ7615K1JG883283IX94CZ091YNRL8019LTR424Z1FVIH9XKAC9Q7R09CU9L', '1990-01-01 00:14:11', 'Cheryll Nesmith'),
('46325c89-599d-77ef-74f6-423b4e874d0f', 'SHCB99921', '61', 'Hoàng Vân Hiền', '0398048390', NULL, 0, 1, '2014-01-26', '4e272fc4-7875-78d6-7d32-6a1673ffca7c', '2017-06-16 19:30:48', '15JF306GPP', '1990-01-01 01:24:55', 'Alba Spooner'),
('46421cb1-7414-1d61-2c80-de64d090a2c2', 'SHCB08997', '57', 'Hoàng Thanh Hiền', '0308110855', 'danthanh@outlook.com', 0, 0, '2010-09-27', '11452b0c-768e-5ff7-0d63-eeb1d8ed8cef', '1990-01-01 00:01:25', 'F55O257968R0L1688GRXV4U75A6HVXQFW34K4GG0JA5G', '2004-01-19 17:07:43', 'Donald Smithson'),
('464cab51-7f72-16a0-51c2-579daad24557', 'SHCB72676', NULL, 'Đào Đức Huy', NULL, NULL, 1, 0, '2010-10-18', '469b3ece-744a-45d5-957d-e8c757976496', '1995-02-02 18:56:05', '73429', '1990-01-01 00:01:07', 'Gustavo Boyd'),
('4655be66-6330-7272-4977-d9ebc53aac3d', 'SHCB20892', '51', 'Lê Phương Hoài', '0315731272', 'dieunam@icloud.com', 0, 0, '2010-09-17', '142cb08f-7c31-21fa-8e90-67245e8b283e', '2003-03-12 13:50:11', '943JZ70RWN9TVC2PP034', '1994-12-20 17:13:40', 'Homer Canada'),
('46eaa3fa-4f84-7c8d-3480-de64d090a2c2', 'SHCB56916', '36', 'Triệu Minh Trung', '0393942443', 'nhuhuyen@icloud.com', 0, 0, '2008-01-12', '17120d02-6ab5-3e43-18cb-66948daf6128', '1990-01-01 00:00:53', '01L22E39G6Q72500S42K137XMN4TSPKA', '2012-01-23 22:39:01', 'Michel Alford'),
('47447c78-7c3f-29c3-6535-0028ed526dd0', 'SHCB54371', '56', 'Trần Gia Hùng', '0301259424', 'kimlinh@gmail.com', 1, 1, '2004-08-04', '469b3ece-744a-45d5-957d-e8c757976496', '1990-01-01 00:08:07', '3WH6653Y1I2MV6A4D8X14K4ZC', '2000-06-01 09:48:57', 'Colby Akers'),
('474e492f-23a9-509b-a441-c1ec321fe728', 'SHCB15176', '52', 'Trịnh Thanh Huyền', '0352309720', 'doanhoa@outlook.com', 0, 0, '2000-01-29', '4e272fc4-7875-78d6-7d32-6a1673ffca7c', '2019-10-19 11:44:34', 'RUR87LMGQ059233GQRV41GK1AFXCDTIC0KRKFZA2Q06V0YA55C3CY924PV035JWW1', '2012-12-13 06:47:43', 'Shawnna Kelley'),
('4756a513-5900-5b67-1f35-60b3ebf808a9', 'SHCB18541', '52', 'Đặng Minh Bảo', '0377048809', NULL, 1, 1, '2020-07-01', '768f8e64-7d10-20c9-967d-e8c757976496', '2004-10-30 05:48:07', 'BGVKY6ZC2RWB86E2Q37N3U0D6Z5728T7H695S5AQXR5058CED1CWI26C98720WE4TF39', '2013-07-31 23:13:43', 'Yadira Tanaka'),
('47576606-508c-670b-ed1d-086412a8ea97', 'SHCB41630', '45', 'Vũ Hoàng Trung', '0360948310', 'bacquynh@gmail.com', 0, 0, '2013-08-18', '7686595d-16d5-33b3-0080-e8e2a817c80e', '1990-01-01 00:01:43', '7W425O057NFQOO3WR9891743YBLMH0', '1990-01-01 01:03:43', 'Luna Abel'),
('480ad2ca-2d7e-6977-4077-d9ebc53aac3d', 'SHCB38431', '25', 'Đặng Bảo Tùng', '0353677277', 'ngoquynh@icloud.com', 0, 1, '2010-02-04', '59d19422-6657-452e-a7db-e5d54223c257', '1990-01-01 00:01:33', 'PO4019Z2', '1990-01-01 00:02:36', 'Jaime Gallagher'),
('481183cb-5a6c-795b-68f6-423b4e874d0f', 'SHCB28781', NULL, 'Đường Thùy Phương', NULL, NULL, 1, 1, '2004-11-05', '469b3ece-744a-45d5-957d-e8c757976496', '2006-08-31 03:33:28', 'SCB1H', '2015-12-15 06:33:58', 'Marylyn Medina'),
('48147636-7e8f-6939-2580-de64d090a2c2', 'SHCB56265', '30', 'Nguyễn Thị Oanh', '0300874788', 'trieubac@outlook.com', 1, 0, '2012-07-03', '4e272fc4-7875-78d6-7d32-6a1673ffca7c', '2001-06-29 18:40:39', '34A01T098E03', '1999-04-19 08:02:59', 'Adolfo Bolduc'),
('4852769b-3986-7c69-2077-d9ebc53aac3d', 'SHCB31705', '53', 'Trịnh Mai Quỳnh', '0382973515', 'baclong@gmail.com', 0, 0, '2001-07-13', '11452b0c-768e-5ff7-0d63-eeb1d8ed8cef', '2008-10-01 05:12:25', '9HPMFAARMCC6GB3ZO9W34', '2004-07-06 21:14:54', 'Penny Abrams'),
('485c2f8b-26ef-7313-f01d-086412a8ea97', 'SHCB52689', '44', 'Nguyễn Thùy Ánh', '0347274882', 'lylong@icloud.com', 0, 1, '2016-08-08', '142cb08f-7c31-21fa-8e90-67245e8b283e', '1998-03-18 14:53:52', 'F91YNJ0AUIQ7772G6NI51V99V', '2002-01-04 01:56:01', 'Yoshiko Ackerman'),
('4863fe5f-13df-4653-9041-c1ec321fe728', 'SHCB85573', '23', 'Vũ Bảo Khôi', '0332768245', 'doanbao@icloud.com', 0, 0, '2000-10-29', '768f8e64-7d10-20c9-967d-e8c757976496', '1993-01-08 04:11:59', NULL, '1995-01-27 02:05:55', NULL),
('48724992-253a-3da6-60c2-579daad24557', 'SHCB84943', '42', 'Hồ Thị  Phương', '0330281083', 'nhuhuyen@gmail.com', 1, 0, '2004-08-26', '768f8e64-7d10-20c9-967d-e8c757976496', '1990-01-01 00:00:02', '249A63USPP959K6PIMA93ERL0R6S4OWF', '2011-10-20 00:45:32', 'Jake Batchelor'),
('488526e3-42cc-4255-aa41-c1ec321fe728', 'SHCB61521', '52', 'Trần Phương Liên', '0367729184', 'nhulien@icloud.com', 1, 1, '2016-10-08', '142cb08f-7c31-21fa-8e90-67245e8b283e', '1996-09-09 11:22:56', 'PJUN2L59B8TUOWA31', '1990-01-01 00:00:01', 'Nella Lennon'),
('4989ff24-23e7-7b82-b6d2-89b22d10517e', 'SHCB32495', '33', 'Trịnh Khánh Thảo', '0338391739', 'anngan@outlook.com', 0, 1, '2015-06-17', '7686595d-16d5-33b3-0080-e8e2a817c80e', '1993-02-15 12:36:25', 'F0M5G310L86C8GK', '1994-10-24 05:56:07', 'Freeda Brinkley'),
('4a594072-7a23-18da-c9d2-89b22d10517e', 'SHCB03869', '61', 'Đường Thanh Ngân', '0379366129', 'trinhngan@gmail.com', 1, 0, '2000-01-26', '142cb08f-7c31-21fa-8e90-67245e8b283e', '1990-01-01 00:13:25', 'YX16P0340P8TAUU88BMVO45Q5XQF9U42KV', '1995-07-07 15:49:16', 'Harris Serna'),
('4a93533c-166e-153b-5a35-0028ed526dd0', 'SHCB07243', '45', 'Ngô Khánh Hoàng', '0391397417', 'nonghuong@icloud.com', 0, 0, '2015-07-25', '768f8e64-7d10-20c9-967d-e8c757976496', '1992-03-14 11:18:53', 'SI9PNR4Z2RF4S6XS483TOGG55MB003V4836GDPSUX5N2RQTF62W56EZ98191JUQ5S6ANZV217IDPY8D5R22FC769UW1', '1990-01-01 00:15:43', 'Abe Abel'),
('4a9854e8-12ac-72ac-2877-d9ebc53aac3d', 'SHCB01735', '31', 'Nguyễn Thị Nga', '0328416320', NULL, 0, 0, '2020-02-04', '4e272fc4-7875-78d6-7d32-6a1673ffca7c', '1997-11-13 22:06:43', '200U87760V37839L65SNWL0XH9NF96OUGO2HNUGRA2I92U6M861VZ13T97KUSAZORG6C59V2L8731KJN6MH932D6748FYG48R26Z', '1990-01-01 00:00:07', 'Corey Matheson'),
('4b619cb2-5b4f-63b3-6335-0028ed526dd0', 'SHCB42759', NULL, 'Hoàng Thị  Phương', NULL, NULL, 0, 0, '2019-08-16', '4e272fc4-7875-78d6-7d32-6a1673ffca7c', '1990-01-01 00:00:02', 'FEFT19I0WY9', '1990-12-24 09:10:27', 'Merrilee Oates'),
('4b649055-43d5-2b07-de1d-086412a8ea97', 'SHCB12428', '36', 'Đào Hoàng Duy', '0391230798', 'nhunghia@outlook.com', 0, 0, '2007-11-29', '7686595d-16d5-33b3-0080-e8e2a817c80e', '2021-02-18 17:04:19', '330WGK38S77', '1990-01-01 00:16:31', 'Graham Faulkner'),
('4b97b88b-69a5-234a-4277-d9ebc53aac3d', 'SHCB80458', '27', 'Vũ Vân Hân', '0336301425', 'machinh@icloud.com', 0, 0, '2005-04-18', '11452b0c-768e-5ff7-0d63-eeb1d8ed8cef', '2011-12-12 09:10:18', 'QD76FQ86O6MQ84GN71O4IH0Y5X96Y3IR00Q771OAA8VC4E54UUXR600J7M1032JO5', '1990-01-01 02:25:34', 'Iona Lima'),
('4bf4567b-1505-40db-dd1d-086412a8ea97', 'SHCB07082', '43', 'Hoàng Thanh Chí', '0346996781', 'hoabach@icloud.com', 1, 0, '2017-06-29', '11452b0c-768e-5ff7-0d63-eeb1d8ed8cef', '2017-05-10 02:47:57', '214H5BTSA9MU48W6INQD04L47', '2000-08-08 01:32:54', 'Birgit Salisbury'),
('4bf9ecda-2d8e-1724-1d80-de64d090a2c2', 'SHCB69581', '54', 'Phạm Minh Bình', '0378893031', 'dieutam@icloud.com', 0, 0, '2000-04-26', '768f8e64-7d10-20c9-967d-e8c757976496', '2012-07-05 20:37:10', 'S06J62719G9J94H89URCH05Z7AK4Z421A0P7I1PQEK651N1M202N4EHOWVPP06M9L315N9AM2053EY4F97', '2001-04-01 20:06:51', 'Jeanette Friedman'),
('4c14bdf4-3327-39eb-2d80-de64d090a2c2', 'SHCB65526', '50', 'Trịnh Đức Bình', '0321218888', 'lanam@gmail.com', 1, 0, '2000-01-08', '4e272fc4-7875-78d6-7d32-6a1673ffca7c', '1993-12-15 21:18:09', 'R791D8YNC6QC7K4VZ26U7Q6SW5QVE75776482CF', '1990-01-01 00:00:05', 'Branden Cochrane'),
('4c42e235-3098-1375-f31d-086412a8ea97', 'SHCB13733', '31', 'Hoàng Thị Nhung', '0394078325', 'nongnguyet@icloud.com', 1, 0, '2000-01-03', '59d19422-6657-452e-a7db-e5d54223c257', '1990-01-01 00:07:57', 'G2XX6EL052Q96W6WHRQ359K02312GEI62423FG31I1I12GD9JI75B', '1990-01-01 00:00:06', 'Devon Arriaga'),
('4c61c74b-4a9f-769e-0d35-60b3ebf808a9', 'SHCB70373', '27', 'Hồ Bảo Hùng', '0323822353', 'maquynh@outlook.com', 1, 1, '2006-11-28', '142cb08f-7c31-21fa-8e90-67245e8b283e', '1990-01-01 00:00:04', '9C40BAALWR', '1991-12-05 00:29:50', 'Ailene Akin'),
('4c62f8b9-6494-7574-ea1d-086412a8ea97', 'SHCB02507', '19', 'Lương Văn Khôi', '0375460035', NULL, 1, 0, '2005-09-25', '11452b0c-768e-5ff7-0d63-eeb1d8ed8cef', '1990-01-01 00:00:08', NULL, '2012-11-05 16:26:54', NULL),
('4c9ebdde-5f9a-58dd-4235-0028ed526dd0', 'SHCB65418', '34', 'Bùi Gia Bắc', '0358253219', 'trieuuyen@icloud.com', 0, 1, '2000-01-02', '4577565a-7e3e-493a-74dd-867949feb8b5', '1990-01-01 00:00:02', '9D5G0AP475R100V96DRN3U85', '1993-07-27 01:13:17', 'Isreal Burk'),
('4cc606bb-3068-7d32-3f35-0028ed526dd0', 'SHCB95694', '58', 'Dương Hoàng Bình', '0382621917', 'donghoai@gmail.com', 1, 1, '2006-11-19', '17120d02-6ab5-3e43-18cb-66948daf6128', '2003-06-05 08:05:05', '2W8N34Q136T5EG6259V11W58HKLE13P9JQ25GC4F15NYJ39T6JYT6C999413MK45EB2FT38K', '1990-01-01 00:01:24', 'Julio Gillis'),
('4d349432-7030-355f-ded2-89b22d10517e', 'SHCB64979', '45', 'Dương Thị Nga', '0393233990', NULL, 0, 1, '2000-02-09', '4577565a-7e3e-493a-74dd-867949feb8b5', '1990-01-01 01:09:53', '7L1W2F4G8C', '2014-12-17 04:00:31', 'Alfonzo Robbins'),
('4d4a30d1-798d-4346-f61d-086412a8ea97', 'SHCB89330', '46', 'Đỗ Thảo Yến', '0399389058', 'dinhoanh@icloud.com', 0, 1, '2000-02-13', '4577565a-7e3e-493a-74dd-867949feb8b5', '2002-07-21 03:44:35', 'XB', '2000-04-02 23:24:44', 'Augustine Amaral'),
('4d536cce-31bf-335e-bfd2-89b22d10517e', 'SHCB65335', '29', 'Hồ Thanh Duy', '0348736029', NULL, 1, 1, '2007-05-06', '59d19422-6657-452e-a7db-e5d54223c257', '2016-05-06 11:14:10', '5FT', '2019-07-11 21:50:08', 'Basil Ackerman'),
('4d65a4a5-6f4c-6c5e-d7d2-89b22d10517e', 'SHCB15509', '63', 'Trần Bảo Huy', '0354838405', NULL, 0, 1, '2002-07-15', '469b3ece-744a-45d5-957d-e8c757976496', '2002-02-21 14:40:27', '9553K2EB8532SR07ED8ESMW380K35499058B122', '2003-01-09 12:14:22', 'Ernie Breaux'),
('4d6d3d5c-26da-45b3-2977-d9ebc53aac3d', 'SHCB75056', '57', 'Đoàn Phương Phương', '0300065313', 'lylien@outlook.com', 1, 1, '2008-12-09', '7686595d-16d5-33b3-0080-e8e2a817c80e', '1993-10-10 02:18:27', 'NS99Y2F28AC55E', '2003-10-31 00:57:31', 'Hugh Willson'),
('4d8a4546-3bf6-301a-3777-d9ebc53aac3d', 'SHCB52105', '22', 'Nguyễn Hoàng Nam', '0304671266', 'dieunghia@icloud.com', 1, 0, '2001-09-23', '768f8e64-7d10-20c9-967d-e8c757976496', '1998-04-04 16:15:41', 'JDA1OL3647N18SK', '1994-04-06 11:54:47', 'Jermaine Welch'),
('4db9a514-6d87-2ec1-3b35-0028ed526dd0', 'SHCB05554', '37', 'Dương Thùy Duyên', '0388000200', 'nongtam@gmail.com', 0, 1, '2012-03-20', '4e272fc4-7875-78d6-7d32-6a1673ffca7c', '2014-12-12 16:14:06', '554Y2PDDL0P60H7F38M0T', '2003-06-09 07:54:56', 'Tess Townsend'),
('4dd0746a-6f49-64fa-1d77-d9ebc53aac3d', 'SHCB49994', NULL, 'Nguyễn Ngọc Anh', NULL, NULL, 1, 0, '2000-11-22', '7686595d-16d5-33b3-0080-e8e2a817c80e', '1990-01-01 00:05:27', '4V', '1990-01-01 00:33:05', 'Paris Lemieux'),
('4e2c885d-5347-35dc-79f6-423b4e874d0f', 'SHCB91222', '55', 'Đoàn Thùy Hiền', '0336183178', 'luonglien@icloud.com', 0, 1, '2001-07-07', '469b3ece-744a-45d5-957d-e8c757976496', '2016-09-05 21:30:38', NULL, '1993-12-02 21:50:35', NULL),
('4eb131b8-234a-632f-4b35-0028ed526dd0', 'SHCB37614', NULL, 'Dương Hoàng Hòa', NULL, NULL, 0, 1, '2000-01-27', '4e272fc4-7875-78d6-7d32-6a1673ffca7c', '1990-01-01 00:00:27', '6U8HJ', '2021-04-08 12:06:28', 'Shannon Abraham'),
('4efc95ad-2cc2-3f45-bed2-89b22d10517e', 'SHCB59989', '26', 'Trần Bảo Bình', '0314480778', 'mamai@gmail.com', 0, 1, '2018-09-06', '59d19422-6657-452e-a7db-e5d54223c257', '2006-10-14 20:19:27', 'K6NK', '2021-04-14 15:22:41', 'Michel Rose'),
('4f605a10-3abd-35ce-ddd2-89b22d10517e', 'SHCB17345', '18', 'Lê Đức Chí', '0351973471', 'chungmai@gmail.com', 1, 1, '2012-04-13', '17120d02-6ab5-3e43-18cb-66948daf6128', '2006-11-30 23:35:37', 'P886TOS17TKP32R9TSF53740I2E5', '2021-06-02 01:03:34', 'Vernell Emmons'),
('4f65f6c1-4525-16e5-4135-0028ed526dd0', 'SHCB90339', NULL, 'Đặng Đức Hoàng', NULL, NULL, 0, 0, '2014-05-20', '17120d02-6ab5-3e43-18cb-66948daf6128', '2004-06-23 14:25:25', '5MP', '1998-10-21 22:49:21', 'Ambrose Nieto'),
('4f6e3234-1da4-7273-c7d2-89b22d10517e', 'SHCB88728', '39', 'Vương Bảo Bình', '0331986538', 'doanhuong@icloud.com', 1, 1, '2011-04-28', '469b3ece-744a-45d5-957d-e8c757976496', '2015-05-01 19:21:57', 'GI5J605QZQMR8WU5PM1X2E5Z2I1DK3X6140I224W', '1990-01-01 00:00:09', 'Erich Abernathy'),
('500b6761-1631-4f3a-c0d2-89b22d10517e', 'SHCB45515', '23', 'Đường Mai Anh', '0381457055', 'trieunghia@gmail.com', 1, 0, '2000-02-17', '59d19422-6657-452e-a7db-e5d54223c257', '1990-01-01 00:00:48', '4852084VT', '2001-03-22 00:49:44', 'Louie Bratcher'),
('50253399-32d6-3154-5535-0028ed526dd0', 'SHCB54825', '49', 'Đào Khánh Hoàng', '0322363789', 'lieulien@icloud.com', 1, 1, '2001-04-16', '142cb08f-7c31-21fa-8e90-67245e8b283e', '2007-12-01 21:20:21', 'TTQQLQ06T418L3FVH7KD73066475TS8I0319J1398HOR24ETQW5XO75EY7830', '2012-07-25 02:36:25', 'Keith Correa'),
('506acf1e-5331-67a9-0d77-d9ebc53aac3d', 'SHCB07879', '44', 'Bùi Thảo Nga', '0378047390', NULL, 0, 0, '2013-01-14', '7686595d-16d5-33b3-0080-e8e2a817c80e', '1990-01-01 01:19:23', 'R3BMO478045Y6JPKAMW74519DA949378HDH66', '2005-03-28 22:41:39', 'Cary Benitez'),
('50b49b1f-3df8-4b52-db1d-086412a8ea97', 'SHCB92355', '21', 'Trịnh Vân Hương', '0367349500', 'dongoanh@icloud.com', 0, 1, '2000-04-09', '59d19422-6657-452e-a7db-e5d54223c257', '1998-06-02 13:56:15', '398C7TM86A4', '2005-08-03 17:44:53', 'Despina Aldridge'),
('50c07587-55d5-5b36-1b77-d9ebc53aac3d', 'SHCB62887', '42', 'Vũ Khánh Bách', '0314928837', 'ngotrung@outlook.com', 0, 0, '2000-10-22', '11452b0c-768e-5ff7-0d63-eeb1d8ed8cef', '1998-06-24 12:10:55', '015MQ6278', '2016-12-17 23:58:23', 'Hwa Beckman'),
('51510d9a-55bc-1ca2-dad2-89b22d10517e', 'SHCB24969', NULL, 'Trịnh Thanh Tùng', NULL, NULL, 1, 1, '2016-07-25', '768f8e64-7d10-20c9-967d-e8c757976496', '2017-11-26 11:47:37', 'APO06389CQ5UXD31TK608Z5E0731UVA73Z15ZTLP7HT5F06CC7EYLB9KS49K3QX7YNHK829941N4T7583F23UZ30', '1990-01-01 00:12:18', 'Valda Contreras'),
('5163ba6d-4e5a-4043-df1d-086412a8ea97', 'SHCB23050', '26', 'Vương Khánh Mai', '0337131453', 'daodiem@gmail.com', 0, 0, '2000-03-15', '17120d02-6ab5-3e43-18cb-66948daf6128', '2020-04-12 09:54:55', '4M76Y8751O499T5K5NXW54G3T9NNUM7P6', '2001-04-14 21:54:17', 'Newton Archuleta'),
('517035f8-43a9-4c59-72f6-423b4e874d0f', 'SHCB02830', NULL, 'Phan Thị  Hương', NULL, NULL, 1, 1, '2015-05-07', '4577565a-7e3e-493a-74dd-867949feb8b5', '2015-10-03 15:52:54', '33GG1J2516KL32O249EH0YVTWMSXJ46H7D2M2R6PKVZT5I7931256YA5H73CQ7P4T792TM378M9P5024KS3IA56H28767HCLA930', '2015-03-13 16:38:36', 'Suzann Barry'),
('51958e6c-7851-1fd4-e81d-086412a8ea97', 'SHCB14642', '54', 'Phạm Thanh Bắc', '0387526690', 'macthanh@gmail.com', 0, 1, '2000-02-23', '59d19422-6657-452e-a7db-e5d54223c257', '1992-11-23 06:22:16', '5H61308L0WA4', '2020-11-08 23:10:09', 'Lenita Marvin'),
('51b5ac10-6dea-17ad-2080-de64d090a2c2', 'SHCB47753', '37', 'Hồ Thanh Bách', '0392517894', 'danlong@outlook.com', 0, 1, '2019-07-19', '7686595d-16d5-33b3-0080-e8e2a817c80e', '2009-09-02 05:34:19', 'O48KVBV1H1CJDBX928M6778E829', '2012-01-13 15:42:59', 'Aleta Abraham'),
('51c6e7d3-53bf-49ae-8a41-c1ec321fe728', 'SHCB78601', '55', 'Đỗ Thùy Mai', '0311358730', 'ngomai@icloud.com', 0, 1, '2010-07-02', '17120d02-6ab5-3e43-18cb-66948daf6128', '1997-01-13 05:13:47', 'D1A7Z745', '1990-01-01 01:38:35', 'Breana Frey'),
('5214114e-32b4-1ab1-9b41-c1ec321fe728', 'SHCB56466', '44', 'Phan Thị Trang', '0359591712', 'anduyen@icloud.com', 1, 1, '2014-09-11', '142cb08f-7c31-21fa-8e90-67245e8b283e', '2006-04-29 00:17:49', '1MP8G8859I4IN9', '2009-11-06 13:19:27', 'Hiram Davison'),
('524751f2-1577-523d-ce1d-086412a8ea97', 'SHCB08990', '48', 'Hồ Minh Bắc', '0301648993', 'lieuoanh@icloud.com', 1, 0, '2017-05-09', '4e272fc4-7875-78d6-7d32-6a1673ffca7c', '2006-11-16 17:52:46', 'UW1VM2KPCCZ042254166N17TXKH2O83999ECR0Y84XA0RR89GK066377KS730T85B2929V1G5BQM855A5B6RW7UU9J7813', '1991-02-04 07:23:59', 'Joeann Garcia'),
('5254e49d-4368-3162-29c2-579daad24557', 'SHCB20212', '55', 'Dương Bảo Bình', '0396499431', 'trieubac@gmail.com', 0, 1, '2009-06-09', '7686595d-16d5-33b3-0080-e8e2a817c80e', '2021-01-08 15:37:58', 'E1BEM7ACGF5X34G4JP499AY', '1999-07-10 16:10:16', 'Akiko Lester'),
('527e293c-2185-6d0a-5580-7ed9d1ea06ea', 'SHCB08230', '57', 'Dương Hoàng Hoàng', '0389325583', 'tahuong@gmail.com', 0, 1, '2012-03-18', '59d19422-6657-452e-a7db-e5d54223c257', '2013-09-18 18:30:41', '36WC61P105N428PPWE50457F057T', '1990-01-01 00:00:03', 'Teena Mintz'),
('52a36f9d-42d4-6841-38c2-579daad24557', 'SHCB15644', '29', 'Hoàng Ngọc Duyên', '0320094839', 'nhubinh@icloud.com', 0, 0, '2018-07-07', '4e272fc4-7875-78d6-7d32-6a1673ffca7c', '2010-04-05 19:29:20', NULL, '2006-07-22 13:35:09', NULL),
('535ddd98-1493-7909-1e80-de64d090a2c2', 'SHCB30990', '61', 'Ngô Hoàng Chí', '0399432581', NULL, 0, 1, '2011-02-05', '142cb08f-7c31-21fa-8e90-67245e8b283e', '2016-02-08 03:24:16', 'T51NEBP2AQ3Y4KAEG244FO5G2Y7', '2010-03-25 02:31:40', 'Clay Pinkston'),
('5390f963-6023-37c3-5ac2-579daad24557', 'SHCB22472', '40', 'Đặng Gia Tuấn', '0389066444', 'nghiemhien@icloud.com', 0, 0, '2017-12-29', '59d19422-6657-452e-a7db-e5d54223c257', '2008-11-30 00:52:28', NULL, '2001-11-07 23:34:10', NULL),
('53a94363-7679-3c29-59c2-579daad24557', 'SHCB21363', NULL, 'Vũ Ngọc Hiền', NULL, NULL, 1, 0, '2017-10-22', '7686595d-16d5-33b3-0080-e8e2a817c80e', '2016-03-18 15:50:50', '685X2EJLPYB1M99Y87UHB2U043O311B2ZHG9LHW9UMC828S5Q878E8CU7I0OTZL1957Z85L1IQ1L8ULV670', '1995-10-27 07:21:40', 'Thomas Gillespie'),
('53f68d51-267f-2d1e-8241-c1ec321fe728', 'SHCB30544', '37', 'Ngô Thị Huyền', '0325274710', 'dieulong@gmail.com', 0, 1, '2003-06-26', '768f8e64-7d10-20c9-967d-e8c757976496', '2011-03-23 06:07:48', '4H5LWS2H16G33', '1990-01-01 00:15:57', 'Chaya Amador'),
('5440d89a-638d-5382-47c2-579daad24557', 'SHCB99708', '20', 'Nguyễn Đức Huy', '0315073726', 'nghiemmai@icloud.com', 1, 0, '2000-01-04', '17120d02-6ab5-3e43-18cb-66948daf6128', '2015-02-20 02:24:48', 'ZN2P3BD8G83QU', '2010-04-06 10:25:16', 'Jeanelle Abney'),
('54f4076f-3abc-2bf6-e4d2-89b22d10517e', 'SHCB98109', '37', 'Đỗ Thanh Bình', '0303948937', 'kimnam@gmail.com', 1, 1, '2004-08-20', '59d19422-6657-452e-a7db-e5d54223c257', '2000-03-25 22:37:30', 'S77690D9ODA63M75MRU8C62JZT36M86D83E55INOV0J', '2016-05-12 22:26:00', 'Abdul Winfrey'),
('5521f178-4d4a-7a98-3980-de64d090a2c2', 'SHCB87667', '24', 'Ngô Minh Nam', '0324595128', 'bactrang@outlook.com', 0, 0, '2008-12-16', '768f8e64-7d10-20c9-967d-e8c757976496', '2003-06-16 21:54:05', 'Q97V08A3NR34098YZPO610F30LS5ASFWI6ZYJLMOVFIC0Y15Z0YC5E3Y2', '2005-10-31 09:18:33', 'Monroe Anders'),
('56029dc7-404d-16b5-3577-d9ebc53aac3d', 'SHCB76606', '40', 'Phạm Hoàng Nghĩa', '0382654158', 'duybach@gmail.com', 1, 0, '2002-03-16', '4e272fc4-7875-78d6-7d32-6a1673ffca7c', '2007-12-12 13:33:43', '556AKW56VS3Q7HD7S', '2007-07-13 03:51:50', 'Tyron Mohr'),
('56249d42-1aee-20b3-3fc2-579daad24557', 'SHCB80586', '20', 'Hồ Vân Huyền', '0366691626', 'nhuanh@gmail.com', 0, 0, '2001-06-04', '768f8e64-7d10-20c9-967d-e8c757976496', '1997-02-11 14:44:32', '7XD60LPAJN80R889', '1990-05-29 18:52:26', 'Micah Creighton'),
('56313fc9-7b84-1517-3080-de64d090a2c2', 'SHCB36902', '57', 'Trương Thảo Hoài', '0372959733', 'bacthao@icloud.com', 1, 0, '2020-08-05', '768f8e64-7d10-20c9-967d-e8c757976496', '2016-03-11 17:33:50', '70VH73T7D5', '2013-01-17 11:14:56', 'Reid Acker'),
('564127b8-58f3-46f3-7df6-423b4e874d0f', 'SHCB29813', NULL, 'Vũ Phương Nga', NULL, NULL, 0, 1, '2013-12-04', '142cb08f-7c31-21fa-8e90-67245e8b283e', '2009-07-18 14:33:20', 'W9W1ELZ7GXEL32Y424507V9R8XZ29OEJCNKCQC7JKLY2OL13OFNQ4QJ203QO1', '1999-03-04 04:25:21', 'Aldo Angulo'),
('56547b86-64c2-647f-53c2-579daad24557', 'SHCB32687', '59', 'Phạm Hoàng Chí', '0368545810', 'nghiemmai@icloud.com', 0, 0, '2013-09-28', '11452b0c-768e-5ff7-0d63-eeb1d8ed8cef', '2001-02-23 07:55:52', 'BCU4N000657J5VME0PCX', '1990-01-01 00:00:25', 'Adah Francois'),
('565c3832-2fbc-2ad0-4735-0028ed526dd0', 'SHCB02509', NULL, 'Hoàng Ngọc Nga', NULL, NULL, 0, 1, '2004-07-29', '768f8e64-7d10-20c9-967d-e8c757976496', '2020-02-16 20:59:29', 'QI6CDRK26Y2NLI1QWR51379P6ZFCKGT31', '2003-07-24 22:59:50', 'Karl Bullock'),
('566cfceb-4e8e-112c-4580-de64d090a2c2', 'SHCB69407', '57', 'Nguyễn Ngọc Trang', '0375953182', NULL, 0, 1, '2008-02-11', '11452b0c-768e-5ff7-0d63-eeb1d8ed8cef', '1990-01-01 00:01:18', '8574CVC2G7T10TA3RM7RM10', '2013-12-10 08:33:34', 'Glenda Ogden'),
('56867833-46fe-3f3e-cfd2-89b22d10517e', 'SHCB82711', '57', 'Trịnh Thị Hiền', '0316534923', 'annguyet@outlook.com', 1, 0, '2020-06-29', '59d19422-6657-452e-a7db-e5d54223c257', '2010-02-22 22:47:47', 'R78L1599UWAB56631M799T89JTF862S17N99', '2018-07-26 12:11:33', 'Jules Nickel'),
('5697b103-5179-7ac3-d31d-086412a8ea97', 'SHCB09499', '27', 'Phan Thùy Nga', '0321593092', 'chunganh@gmail.com', 1, 0, '2014-07-22', '11452b0c-768e-5ff7-0d63-eeb1d8ed8cef', '2017-01-20 10:03:09', 'N4609OT205N5991YL1', '2014-01-30 18:14:01', 'Marni Woodson'),
('56aaf263-3355-23ea-b8d2-89b22d10517e', 'SHCB49911', '30', 'Vương Ngọc Hiền', '0341166425', 'haquynh@gmail.com', 0, 1, '2010-11-22', '469b3ece-744a-45d5-957d-e8c757976496', '2013-03-11 11:55:04', 'DCIX4555DR4Y2I2LFF9', '1994-05-12 01:09:35', 'Adam Thames'),
('56dce332-76f0-6b9b-5080-7ed9d1ea06ea', 'SHCB85449', '20', 'Đoàn Thanh Mai', '0345505373', 'doanhuy@gmail.com', 1, 0, '2012-12-16', '11452b0c-768e-5ff7-0d63-eeb1d8ed8cef', '2017-07-06 00:41:04', 'E4706XPL796L8', '1990-01-01 00:08:32', 'Tory Olson'),
('57cdf8c4-47e3-5560-7e41-c1ec321fe728', 'SHCB48524', NULL, 'Hoàng Văn Trung', NULL, NULL, 1, 0, '2009-10-12', '768f8e64-7d10-20c9-967d-e8c757976496', '2011-12-01 19:24:57', 'B', '2011-06-11 10:32:10', 'Kennith Carswell'),
('57d19966-5428-4ce3-4a77-d9ebc53aac3d', 'SHCB15051', '40', 'Lê Thùy Hương', '0305993299', 'dananh@gmail.com', 1, 1, '2008-10-16', '4577565a-7e3e-493a-74dd-867949feb8b5', '2011-10-30 10:43:28', '8JZK7W5ZXI4IE11', '2019-04-28 18:16:59', 'Rosario Mora'),
('57d4e925-6e28-208d-9741-c1ec321fe728', 'SHCB07555', NULL, 'Phan Phương Nga', NULL, NULL, 0, 1, '2014-07-16', '469b3ece-744a-45d5-957d-e8c757976496', '1990-01-01 00:00:04', '7O8OLC', '1995-11-20 00:24:31', 'Forest Owens'),
('57dc4273-5c51-4aea-4d35-0028ed526dd0', 'SHCB63300', '56', 'Triệu Khánh Long', '0394883469', 'chunghoang@gmail.com', 1, 1, '2000-12-07', '4e272fc4-7875-78d6-7d32-6a1673ffca7c', '2019-03-04 04:23:19', 'B1QG45JA5VZQ3KK354885VIK5QO64KX264QUY5CWB1V1GUDWG4', '1994-01-09 06:48:32', 'Duane Abernathy'),
('57e115c5-51e2-6d06-7780-7ed9d1ea06ea', 'SHCB28729', '54', 'Đào Thị Mai', '0316376327', 'bachthanh@icloud.com', 1, 0, '2001-10-09', '4e272fc4-7875-78d6-7d32-6a1673ffca7c', '1990-01-01 01:57:13', 'R14F1R3VAWR1J3P3FL7V97RN74F9TJ4VZ7054V8SQ7ARO339XOHA1YJK3412H21R2BD5Q45N9JT318U3FSY62U5W2BFW48U97Y3K', '1990-01-01 00:08:51', 'Dillon Brinson'),
('57e65423-37f0-74b0-71f6-423b4e874d0f', 'SHCB55273', '49', 'Đặng Khánh Nghĩa', '0310573803', 'tanam@outlook.com', 1, 1, '2021-05-08', '142cb08f-7c31-21fa-8e90-67245e8b283e', '2007-09-05 06:42:19', '4KYX6QANEDSVX5O9Y1XEQ0N2U1I1A950518', '1992-11-05 02:58:04', 'Dwayne Allen'),
('58afd6b5-2205-64f6-9341-c1ec321fe728', 'SHCB78012', '36', 'Đường Khánh Tùng', '0346679616', 'luonghoai@icloud.com', 0, 0, '2003-08-13', '768f8e64-7d10-20c9-967d-e8c757976496', '1990-01-01 02:06:23', 'URS586C1F5SY23', '2009-04-02 07:00:19', 'Marion Douglass'),
('58c4c755-79ed-5d0f-5bc2-579daad24557', 'SHCB14704', '37', 'Bùi Ngọc Mai', '0326350929', 'lieuthanh@gmail.com', 1, 0, '2002-09-12', '4e272fc4-7875-78d6-7d32-6a1673ffca7c', '2002-01-20 02:33:45', 'J2776P06066XWA4S3UE0', '1994-11-21 08:38:59', 'Kerrie Healy'),
('58e49fff-2a42-4ce7-1c77-d9ebc53aac3d', 'SHCB71902', '30', 'Trịnh Văn Long', '0361525340', 'bachngan@gmail.com', 1, 0, '2008-05-21', '768f8e64-7d10-20c9-967d-e8c757976496', '2001-12-15 05:05:02', '0J718V242X732FP6R', '2001-09-20 01:27:58', 'Deandra Acevedo'),
('58e51377-17af-4bb8-fc1d-086412a8ea97', 'SHCB74981', '44', 'Đặng Minh Chí', '0314632102', 'tabac@gmail.com', 0, 1, '2020-02-11', '17120d02-6ab5-3e43-18cb-66948daf6128', '1990-01-01 00:03:11', '9JP7TFGS', '2021-07-01 09:29:38', 'Abdul Osborn'),
('592aba45-4643-52ff-c1d2-89b22d10517e', 'SHCB55094', '52', 'Trịnh Khánh Huy', '0351526587', 'damuyen@icloud.com', 0, 0, '2018-08-12', '768f8e64-7d10-20c9-967d-e8c757976496', '1994-05-29 22:26:31', 'RK8U55Z402R', '1990-01-01 00:00:49', 'Craig Moulton'),
('593a5379-47b5-78b2-1a35-60b3ebf808a9', 'SHCB39694', '39', 'Phan Phương Mai', '0360021317', 'hamai@outlook.com', 1, 1, '2001-05-31', '4e272fc4-7875-78d6-7d32-6a1673ffca7c', '2005-09-19 03:14:04', '4W46OF4F6L8871P1989', '2007-09-10 02:13:52', 'Aline Schwartz'),
('5957cf32-7c84-1987-1635-60b3ebf808a9', 'SHCB25540', NULL, 'Vương Thanh Bắc', NULL, NULL, 1, 1, '2001-12-07', '17120d02-6ab5-3e43-18cb-66948daf6128', '1990-01-01 00:04:28', '3CZ0OL6M5A0V7XSXPH0Y5', '1990-01-01 00:10:59', 'Warren Wagoner'),
('595e7d51-318c-39e8-1377-d9ebc53aac3d', 'SHCB16765', '56', 'Trương Thị Duyên', '0370211034', 'hatung@icloud.com', 1, 1, '2001-04-28', '469b3ece-744a-45d5-957d-e8c757976496', '2011-06-25 03:58:50', 'T18ZA45N240V', '1999-09-19 11:18:34', 'Sanford Abbott'),
('59a2f614-253e-1202-6480-7ed9d1ea06ea', 'SHCB73102', '63', 'Lương Thảo Nguyệt', '0332358346', NULL, 1, 1, '2011-11-15', '59d19422-6657-452e-a7db-e5d54223c257', '1990-01-01 00:01:11', 'E', '1990-07-27 05:37:23', 'Dante Poindexter'),
('59e251d1-677e-7abe-9a41-c1ec321fe728', 'SHCB24838', '40', 'Bùi Đức Tuấn', '0348699457', 'kimtrung@icloud.com', 0, 0, '2000-04-05', '142cb08f-7c31-21fa-8e90-67245e8b283e', '2003-01-27 12:21:14', '780EX8M53ZGZ764Q82S95OA52GIWX7038E9AKZU803IU49531S5N', '1990-01-01 00:01:31', 'Meagan Blaylock'),
('5a841b92-791c-78df-5180-7ed9d1ea06ea', 'SHCB82615', '31', 'Trịnh Đức Trung', '0336494156', 'macquynh@gmail.com', 0, 1, '2016-06-18', '11452b0c-768e-5ff7-0d63-eeb1d8ed8cef', '2016-11-20 10:58:37', 'T9F890NMSA7TMM6', '1990-01-01 01:37:34', 'Alysa Harrell'),
('5b2de668-2f7a-1837-2835-60b3ebf808a9', 'SHCB51802', '50', 'Lê Minh Chí', '0313273821', 'nongbach@icloud.com', 0, 0, '2020-08-13', '142cb08f-7c31-21fa-8e90-67245e8b283e', '2018-09-30 21:18:02', '05XJ5Z89E8YV4XK44733X323SRMUP27449IS2J974CL94', '1990-01-01 00:07:52', 'Bennie Markham'),
('5b511806-63ef-7f25-89f6-423b4e874d0f', 'SHCB58037', '58', 'Trịnh Hoàng Khôi', '0330090703', 'danngan@gmail.com', 0, 0, '2001-08-07', '142cb08f-7c31-21fa-8e90-67245e8b283e', '1990-01-01 01:37:26', '4W31L7FUEY82M988U12RSGBY2NO4SMQG6B4VX4B377D1W1285P6J1V956AVP213A74GU44JBP1G2XG32BJVZ172KAL6ZE57H94R4', '1990-01-01 00:00:10', 'Joya Eubanks'),
('5b92dd14-27d6-12d0-0e35-60b3ebf808a9', 'SHCB46344', '18', 'Trần Đức Chí', '0315375168', NULL, 0, 1, '2001-04-20', '4e272fc4-7875-78d6-7d32-6a1673ffca7c', '2003-01-30 03:14:00', 'M1K6810Z21697B91L4O6R9Q7504I202YYNAH8F150Z4230TH2N76PQO96', '2008-01-31 00:27:05', 'Issac Brent'),
('5b9d6ecf-45d4-28c7-a141-c1ec321fe728', 'SHCB82182', '39', 'Trương Đức Trung', '0312844658', 'tachi@outlook.com', 1, 0, '2008-01-13', '11452b0c-768e-5ff7-0d63-eeb1d8ed8cef', '1990-01-01 00:10:48', 'F5RY3PCQ87C6M2L3Y0A31F7F0T', '2003-03-06 06:59:32', 'Sonya Abreu'),
('5bf5a119-50b3-59c3-8df6-423b4e874d0f', 'SHCB57080', '51', 'Bùi Phương Ngân', '0329185954', 'dieunam@icloud.com', 0, 0, '2005-12-01', '4e272fc4-7875-78d6-7d32-6a1673ffca7c', '2018-08-20 22:04:11', 'L9', '2013-02-17 18:59:34', 'Delaine Barney'),
('5bfbca34-565c-4f6b-4480-de64d090a2c2', 'SHCB47091', '28', 'Bùi Khánh Bình', '0348667686', 'balong@icloud.com', 1, 0, '2009-10-15', '17120d02-6ab5-3e43-18cb-66948daf6128', '1990-01-01 01:02:40', NULL, '1997-07-08 04:42:05', NULL),
('5c762b70-6ca3-4343-2880-de64d090a2c2', 'SHCB99427', '47', 'Đặng Thanh Thảo', '0356506164', NULL, 1, 0, '2017-08-16', '11452b0c-768e-5ff7-0d63-eeb1d8ed8cef', '1990-01-01 00:00:36', '058EK5Y1388O1LQAUM6N3XPW640G6Z', '2012-07-05 07:08:35', 'Floyd Bonds'),
('5c7f0ec4-77f2-3794-cf1d-086412a8ea97', 'SHCB40458', '58', 'Đỗ Khánh Bách', '0350876061', 'dinhnga@outlook.com', 0, 1, '2002-05-17', '4e272fc4-7875-78d6-7d32-6a1673ffca7c', '1990-01-01 00:14:28', '8LWJZUL9569U7MTSACFVY9SNE808659WM4XEXK0J4N044I4438N5ZY1U4ZGC48525AJF24A81J41N37887YAI33SBNY4J4O', '1993-09-18 13:12:11', 'Stevie Durham'),
('5c85f9f2-1de1-4f0a-3e35-0028ed526dd0', 'SHCB58341', '49', 'Lương Đức Chính', '0397742253', 'macnhung@icloud.com', 0, 1, '2012-04-03', '4e272fc4-7875-78d6-7d32-6a1673ffca7c', '2016-02-22 18:46:38', '031G99OZY', '2020-07-09 10:53:27', 'Elliot Paterson'),
('5cc3ee79-4ebb-3108-95f6-423b4e874d0f', 'SHCB33711', '58', 'Lương Khánh Trang', '0350617450', 'hayen@gmail.com', 0, 0, '2008-05-08', '4e272fc4-7875-78d6-7d32-6a1673ffca7c', '2009-09-23 17:23:08', '7', '2018-09-11 21:32:21', 'Jeffry Dempsey'),
('5cc649e9-60e1-5050-5435-0028ed526dd0', 'SHCB60590', '46', 'Trần Thị Trang', '0379231654', 'nhunhung@gmail.com', 1, 0, '2002-09-03', '469b3ece-744a-45d5-957d-e8c757976496', '1990-01-01 00:00:54', '1VZCT1S8L3UQ758M0Q155C3XUES2LN9XT258111Z443OY76', '2020-09-18 16:00:02', 'Aurelio Trujillo'),
('5d116bf3-28ac-3a5c-e1d2-89b22d10517e', 'SHCB14828', '64', 'Trần Thị Nhung', '0385026765', 'tongnguyet@outlook.com', 0, 0, '2000-02-04', '59d19422-6657-452e-a7db-e5d54223c257', '1990-01-01 00:00:03', '6EM4', '2003-04-27 08:11:34', 'Vernon Irby'),
('5d1892e7-6a64-7bb6-8580-7ed9d1ea06ea', 'SHCB63023', '56', 'Trịnh Thùy Liên', '0313419797', 'dantrang@icloud.com', 0, 1, '2002-03-26', '142cb08f-7c31-21fa-8e90-67245e8b283e', '1991-09-15 05:20:54', 'E', '1990-01-01 00:01:16', 'Abram Cavazos'),
('5d213e77-3e99-4069-3b77-d9ebc53aac3d', 'SHCB91311', '29', 'Bùi Đức Nghĩa', '0377290805', 'nghiemchinh@gmail.com', 1, 1, '2006-01-18', '17120d02-6ab5-3e43-18cb-66948daf6128', '1990-01-01 00:04:39', '571HC0I6I7238LP8F7W8R6SNAKBLTJ', '1990-12-14 23:28:36', 'Krissy Neely'),
('5db1da95-4fee-6fde-4180-de64d090a2c2', 'SHCB93249', '44', 'Ngô Thanh Nghĩa', '0331165814', 'lybac@outlook.com', 0, 0, '2010-10-04', '4e272fc4-7875-78d6-7d32-6a1673ffca7c', '2016-07-04 03:39:19', NULL, '2011-05-10 03:57:28', NULL),
('5dc832b0-169a-1395-37c2-579daad24557', 'SHCB37874', '22', 'Phan Hoàng Bình', '0394718477', 'ninhanh@gmail.com', 0, 1, '2000-01-22', '11452b0c-768e-5ff7-0d63-eeb1d8ed8cef', '1990-01-01 00:00:22', 'HVNH3XEJML15LD569K6Z9QT8Z2136T1X5PY1CFXL3AF5VLZQZO7WSV1154B1H652Z741', '1990-01-01 01:46:50', 'Hugh Angulo'),
('5de1a9ab-2990-4fc3-3135-60b3ebf808a9', 'SHCB04521', NULL, 'Triệu Thị Nhung', NULL, 'nghiemtam@outlook.com', 0, 1, '2019-12-15', '469b3ece-744a-45d5-957d-e8c757976496', '2004-07-27 02:50:05', NULL, '1990-01-01 00:10:04', NULL),
('5de704c2-573f-1a71-1a80-de64d090a2c2', 'SHCB84643', NULL, 'Trương Gia Hòa', NULL, NULL, 1, 1, '2000-01-07', '4577565a-7e3e-493a-74dd-867949feb8b5', '1990-01-01 00:00:07', 'Z11VTY2MHRV1XCEN76HP6', '2020-09-04 13:26:07', 'Joshua Villasenor'),
('5df8c1a2-1b87-75a7-6d35-0028ed526dd0', 'SHCB45067', NULL, 'Đặng Gia Trung', NULL, NULL, 0, 0, '2009-07-18', '59d19422-6657-452e-a7db-e5d54223c257', '1990-01-01 00:00:44', '4EJV8S8Q410660D35LITK5', '2002-01-24 01:24:09', 'Ada Aguirre'),
('5e018773-114a-3517-54c2-579daad24557', 'SHCB09195', NULL, 'Đào Thị Ánh', NULL, NULL, 0, 0, '2002-04-03', '7686595d-16d5-33b3-0080-e8e2a817c80e', '1990-01-01 00:00:10', 'T64LM6Y', '2002-10-22 01:52:20', 'Bailey Slocum'),
('5e07660f-437a-6b63-4ac2-579daad24557', 'SHCB25123', '19', 'Phan Thùy Quỳnh', '0375870379', 'bahien@outlook.com', 1, 0, '2019-06-07', '7686595d-16d5-33b3-0080-e8e2a817c80e', '1992-05-10 16:36:59', 'J596', '1990-01-01 00:12:23', 'Adrian Land'),
('5eaa6527-768d-3ae7-1977-d9ebc53aac3d', 'SHCB28052', '31', 'Đặng Khánh Bảo', '0327031955', NULL, 1, 1, '2000-04-01', '59d19422-6657-452e-a7db-e5d54223c257', '1997-05-18 01:37:49', '700A47DMLKHU8', '2007-01-15 00:21:43', 'Johnson Adair'),
('5ebaaa98-6f11-30ce-1c35-60b3ebf808a9', 'SHCB77900', '53', 'Vũ Gia Bắc', '0315929510', 'donghoa@icloud.com', 0, 0, '2016-03-23', '768f8e64-7d10-20c9-967d-e8c757976496', '2015-04-22 15:10:13', '2T4IA3S2GLU42I4G56010A8LUME8M6K5Y8', '1990-01-01 01:13:02', 'Donovan Cohen'),
('5edb2be2-7849-4909-c2d2-89b22d10517e', 'SHCB51775', '32', 'Phan Thị  Phương', '0347214416', 'dinhoanh@icloud.com', 0, 1, '2000-01-05', '17120d02-6ab5-3e43-18cb-66948daf6128', '1990-01-01 00:00:05', '438AU553836YRJ17X3P92Z0NO4054A0248SZM36PDO10SXO9W3996CS7WH3W9798KC03O1PFLZL68GCX3G43PNS8D7TSZS8116O6', '1996-12-29 22:52:36', 'Velma Hackney'),
('5f03d543-51ef-39c0-5c35-0028ed526dd0', 'SHCB51210', '42', 'Ngô Ngọc Duyên', '0384218157', 'ninhlien@gmail.com', 1, 1, '2000-06-09', '469b3ece-744a-45d5-957d-e8c757976496', '1990-01-01 00:00:08', '998J36DW365SE57ST576ZEW', '1990-01-01 00:00:05', 'Gregg Rider'),
('5f03d745-7702-1c85-2bc2-579daad24557', 'SHCB06603', '44', 'Đỗ Minh Long', '0335672769', 'ninhtam@icloud.com', 1, 1, '2021-03-08', '17120d02-6ab5-3e43-18cb-66948daf6128', '2018-04-16 00:04:32', '54I4X228G38394P66Z64ADG82Q1RLS1T47R008286X15Z6E2BG88D5869B6DHP2K2VAC6A2', '2014-03-22 01:50:14', 'Toney Paradis'),
('5f1a8611-19e1-6b21-6135-0028ed526dd0', 'SHCB62617', '33', 'Dương Phương Nguyệt', '0393584141', 'anchinh@outlook.com', 1, 0, '2021-01-29', '4577565a-7e3e-493a-74dd-867949feb8b5', '2015-02-02 05:10:14', 'L9CY3TA8MNMY24KGK9QP3', '2016-02-20 15:15:54', 'Pamelia Delgado'),
('5f4b1d0a-247b-7049-4435-0028ed526dd0', 'SHCB53103', '36', 'Đỗ Khánh Hòa', '0306118128', 'tonbac@gmail.com', 0, 0, '2000-01-07', '469b3ece-744a-45d5-957d-e8c757976496', '1990-01-01 00:00:07', '7B6166F2FL3864W7X9U', '2016-08-05 13:32:28', 'Chana Talley'),
('5f78f73f-7e70-7629-4280-de64d090a2c2', 'SHCB66213', '27', 'Vương Ngọc Hoài', '0376531142', 'chungchinh@icloud.com', 0, 1, '2001-11-11', '142cb08f-7c31-21fa-8e90-67245e8b283e', '2010-01-28 03:10:50', 'S0DD90VO3R0NLVI6Y56U777F', '2004-02-26 16:36:19', 'Adalberto Greenberg'),
('5fab4ff7-1b8e-64d0-1880-de64d090a2c2', 'SHCB42576', '52', 'Triệu Thị Duyên', '0360606745', 'tonngan@gmail.com', 1, 0, '2010-07-10', '4577565a-7e3e-493a-74dd-867949feb8b5', '1990-11-23 04:55:29', 'AWIM320W875HA47YMBP1H3C1HFRV2FAOF1AU73GM253F5', '2005-11-03 14:18:00', 'Tanner Butler'),
('5fb9392a-4ad5-1fe7-76f6-423b4e874d0f', 'SHCB30550', '41', 'Vương Phương Hân', '0340015704', NULL, 0, 1, '2016-01-26', '768f8e64-7d10-20c9-967d-e8c757976496', '1996-04-27 06:01:42', 'KHD5687LJW4UOY0BI17MEVN01KM085A0G60S3FVXLO09F7LX2H884D2467D3I', '1993-12-14 04:14:46', 'Carter Alcorn'),
('5fd0a411-5945-70f7-4a35-0028ed526dd0', 'SHCB65370', '43', 'Triệu Hoàng Thành', '0315091102', 'vuongtam@gmail.com', 0, 0, '2020-02-22', '142cb08f-7c31-21fa-8e90-67245e8b283e', '2010-06-19 04:39:53', NULL, '1996-01-26 11:22:30', NULL),
('60b57ac2-2e01-384d-2980-de64d090a2c2', 'SHCB85367', '36', 'Ngô Thanh Tùng', '0373132706', 'ngoduyen@icloud.com', 0, 0, '2006-02-28', '768f8e64-7d10-20c9-967d-e8c757976496', '2001-05-17 13:14:22', '4E20605V8JP8S9W4137994IKLZ1B4', '2001-01-08 00:42:49', 'Alix Wolfe'),
('60cfb854-3731-4813-5dc2-579daad24557', 'SHCB97461', '56', 'Đặng Bảo Hùng', '0326789271', 'ananh@outlook.com', 0, 0, '2001-03-30', '768f8e64-7d10-20c9-967d-e8c757976496', '2004-12-23 19:06:45', 'JY8DO4XHN3BJBG4WP12T16C0U275085VP724224SK9MUOOIV1U62Q', '2003-01-27 05:38:03', 'Joey Wasson'),
('60fa924e-77de-55f3-2377-d9ebc53aac3d', 'SHCB51227', '27', 'Đỗ Hoàng Bắc', '0300173598', 'langan@icloud.com', 0, 0, '2018-11-07', '7686595d-16d5-33b3-0080-e8e2a817c80e', '2006-06-13 01:18:40', NULL, '2017-12-07 22:16:47', NULL),
('60fe46b4-527a-36de-a841-c1ec321fe728', 'SHCB72199', '62', 'Ngô Thùy Thảo', '0337393686', 'lymai@icloud.com', 1, 1, '2013-01-30', '4577565a-7e3e-493a-74dd-867949feb8b5', '2017-08-11 04:03:58', 'L24XNJC0OJICST4929S0G67600Y592VNWYP7', '2001-08-20 12:01:43', 'Adalberto Bouchard'),
('611bb57c-5f6c-434c-c5d2-89b22d10517e', 'SHCB83692', '56', 'Vương Bảo Hoàng', '0366125042', 'ungthao@icloud.com', 1, 0, '2007-06-25', '4e272fc4-7875-78d6-7d32-6a1673ffca7c', '1990-01-01 00:45:33', 'H79700', '2000-11-13 03:26:13', 'Judith Pinkerton'),
('613afd47-2fc1-15ed-0735-60b3ebf808a9', 'SHCB48869', '36', 'Phan Minh Khôi', '0304637874', 'ngonam@outlook.com', 0, 1, '2000-01-06', '17120d02-6ab5-3e43-18cb-66948daf6128', '1990-01-01 00:00:06', NULL, '1999-12-19 14:38:48', NULL),
('61499beb-584c-2b1e-d0d2-89b22d10517e', 'SHCB00401', '49', 'Nguyễn Bảo Nghĩa', '0355181066', 'annghia@outlook.com', 0, 0, '2018-09-25', '469b3ece-744a-45d5-957d-e8c757976496', '1990-01-01 00:00:54', 'IWV274R65Y9', '1992-11-28 08:32:56', 'Cameron Cason'),
('619ecbc4-37bc-19ea-6ff6-423b4e874d0f', 'SHCB08270', '35', 'Phan Bảo Huy', '0382882966', NULL, 1, 1, '2000-03-31', '59d19422-6657-452e-a7db-e5d54223c257', '1990-01-01 00:01:31', 'L757MPYZBCUE9F44WG68IASOIE7KVF4KL7811DAB0563KLT6VSFUJ7Y0560QELJH12D847133046Y', '2019-10-28 03:57:47', 'Jong Dancy'),
('61cc168f-3524-218a-2b80-de64d090a2c2', 'SHCB85629', '22', 'Đỗ Bảo Trung', '0377900491', 'bacphuong@icloud.com', 0, 0, '2000-06-21', '142cb08f-7c31-21fa-8e90-67245e8b283e', '1990-01-01 00:00:04', NULL, '2020-12-21 16:47:24', NULL),
('623727c0-4fb7-573d-c3d2-89b22d10517e', 'SHCB71476', NULL, 'Phạm Vân Thảo', NULL, NULL, 1, 1, '2005-06-29', '4e272fc4-7875-78d6-7d32-6a1673ffca7c', '2005-04-24 16:49:52', 'MG6M0716U', '2002-05-04 12:30:37', 'Laine Winston'),
('62563348-7bd5-6519-3c35-0028ed526dd0', 'SHCB96966', '38', 'Nguyễn Hoàng Tùng', '0344944818', NULL, 1, 1, '2001-10-31', '768f8e64-7d10-20c9-967d-e8c757976496', '2004-01-28 02:19:44', 'X7RJKJCO3L01O9Q677', '2001-12-30 17:14:00', 'Dia Casteel'),
('62870b9a-5a0c-5677-7e80-7ed9d1ea06ea', 'SHCB86363', '39', 'Vũ Thị Thảo', '0308850103', 'tonghoa@icloud.com', 0, 1, '2013-08-10', '4e272fc4-7875-78d6-7d32-6a1673ffca7c', '1990-01-01 00:00:08', '02NU79B4KTEIXFK', '1998-12-15 05:50:00', 'Aleen Adcock'),
('62af2231-78a7-7caa-cd1d-086412a8ea97', 'SHCB83930', '44', 'Dương Khánh Nhung', '0384666856', 'danoanh@icloud.com', 0, 0, '2016-10-10', '469b3ece-744a-45d5-957d-e8c757976496', '2004-03-27 17:07:32', 'V913MI7SDE567O5E2R7VQED78Z14VY44T4W181ROM6QYF6D4JX56SN2SO', '2006-02-20 02:31:01', 'Addie Tyner'),
('62ef3c46-3e80-6fd0-fa1d-086412a8ea97', 'SHCB14041', '48', 'Vương Hoàng Bách', '0330929065', 'ungmai@outlook.com', 0, 0, '2002-12-17', '4577565a-7e3e-493a-74dd-867949feb8b5', '2011-11-22 16:28:05', 'E36543E20036MOA79446383S87', '2008-02-12 04:52:20', 'Brice Moreland'),
('62f0ddfa-181a-15aa-90f6-423b4e874d0f', 'SHCB58695', NULL, 'Nguyễn Thị Hiền', NULL, NULL, 0, 1, '2000-01-14', '59d19422-6657-452e-a7db-e5d54223c257', '2019-06-11 04:03:04', '6B0N6WC1', '1995-08-15 19:14:55', 'Tashina Krauss'),
('632e450d-4c6f-560e-8ff6-423b4e874d0f', 'SHCB17739', '57', 'Trương Bảo Tuấn', '0395926546', 'lyhoang@icloud.com', 1, 0, '2002-02-23', '7686595d-16d5-33b3-0080-e8e2a817c80e', '1990-01-01 00:16:26', '177TEP20DO5852P13P9X6B4AVB08S6NZA9B3', '2006-11-02 19:27:41', 'Rey Mcadams'),
('6348f879-2be1-5c99-e51d-086412a8ea97', 'SHCB40432', '25', 'Ngô Phương Uyên', '0318971552', 'hoalien@icloud.com', 0, 1, '2000-03-21', '4e272fc4-7875-78d6-7d32-6a1673ffca7c', '1990-01-01 00:01:36', NULL, '1990-01-01 00:01:18', NULL),
('6349b25b-78e2-2d06-2780-de64d090a2c2', 'SHCB88372', '44', 'Đoàn Vân Diễm', '0336552600', 'chungchi@gmail.com', 1, 1, '2000-01-06', '17120d02-6ab5-3e43-18cb-66948daf6128', '1998-10-26 07:52:33', '4TF4471VXU6ZLXD5A33WOUG03509OH83DM3493ZKY34', '2021-01-08 15:44:01', 'Loren Dennison'),
('6385cdf4-650b-6946-7cf6-423b4e874d0f', 'SHCB21381', '55', 'Lương Đức Trung', '0353493846', 'ninhtrang@icloud.com', 0, 1, '2009-03-26', '4577565a-7e3e-493a-74dd-867949feb8b5', '1990-01-01 00:01:52', NULL, '1990-01-01 00:00:53', NULL),
('6399a2a5-2afd-3384-da1d-086412a8ea97', 'SHCB06196', '37', 'Hoàng Bảo Bách', '0336812997', NULL, 1, 0, '2003-05-27', '469b3ece-744a-45d5-957d-e8c757976496', '2009-07-22 06:55:58', 'I354873736376P3R803M259505ZQV6O3ZA475K85M94QCZK4L5PP7W53852Q108B7F7ROE8', '1990-01-01 00:00:09', 'Ryan Mcclendon'),
('63b8eb29-7fb9-2880-1d35-60b3ebf808a9', 'SHCB63276', '37', 'Hoàng Minh Trung', '0349810321', 'dinhnga@gmail.com', 1, 0, '2000-01-08', '469b3ece-744a-45d5-957d-e8c757976496', '2007-09-10 14:57:55', '55YOY4835ZE7613J6661642I1N46IOO410IHBE7DP8UV306F2LM8QQECNA4IWM8173QL44BWZKU', '1990-01-01 00:30:14', 'Vincenza Burge'),
('63c3a729-5705-4615-61c2-579daad24557', 'SHCB74150', '45', 'Bùi Minh Tuấn', '0364225382', 'bachdiem@gmail.com', 0, 0, '2018-03-05', '469b3ece-744a-45d5-957d-e8c757976496', '1993-03-03 13:44:40', 'GCX22H58ZL6TVP3194BE2850NJ8LWODBF2HI5P3710GG34TMII', '2008-05-19 14:00:56', 'Felipa Fulton'),
('63c66820-7397-776d-4ec2-579daad24557', 'SHCB47668', '21', 'Vũ Hoàng Tuấn', '0342237020', 'kimhung@icloud.com', 1, 0, '2015-04-13', '4e272fc4-7875-78d6-7d32-6a1673ffca7c', '2003-11-04 00:32:08', 'H8F8D2G0W82THNO913F7N484GK38DZ61GQ', '2014-12-18 11:29:42', 'Jarred Harter'),
('643eb1df-3f3b-2eec-6e80-7ed9d1ea06ea', 'SHCB59890', '23', 'Trịnh Thị Duyên', '0373452214', 'vuongtrang@outlook.com', 1, 1, '2016-09-02', '142cb08f-7c31-21fa-8e90-67245e8b283e', '1990-01-14 06:14:18', 'S', '2002-03-23 01:18:36', 'Benito Hughey'),
('6485b64f-7835-65a4-8041-c1ec321fe728', 'SHCB82008', '29', 'Triệu Ngọc Mai', '0382701130', 'daotung@icloud.com', 1, 1, '2000-03-02', '7686595d-16d5-33b3-0080-e8e2a817c80e', '1990-01-01 00:01:02', '66NA0K35HG408I18Q3', '2003-09-06 13:43:09', 'Cody Feliciano'),
('65021ba0-6550-730a-f11d-086412a8ea97', 'SHCB72530', '53', 'Đoàn Thùy Oanh', '0360102880', NULL, 1, 1, '2015-09-08', '59d19422-6657-452e-a7db-e5d54223c257', '2020-09-25 23:09:34', 'P57DO8683186IF2M78RF064DUZC4V20JY16P', '1990-07-21 19:57:41', 'Luke Clifton'),
('65334c99-4eec-773c-2c77-d9ebc53aac3d', 'SHCB20200', '39', 'Vũ Đức Khôi', '0354051972', 'maclien@gmail.com', 0, 0, '2000-01-04', '768f8e64-7d10-20c9-967d-e8c757976496', '2009-05-08 08:03:10', 'S258W26', '2008-12-18 08:35:19', 'Andrea Agee'),
('65ecf5c2-5298-156e-d51d-086412a8ea97', 'SHCB41636', '38', 'Đoàn Khánh Chí', '0367298841', NULL, 0, 0, '2000-01-10', '11452b0c-768e-5ff7-0d63-eeb1d8ed8cef', '1990-01-01 00:00:10', '3D77K47Y36C1GSM7MEI1307BGKMU5X3876727TH01M0459KR19829U', '1996-02-05 20:21:49', 'Eloy Negron'),
('667467e2-6216-209e-8180-7ed9d1ea06ea', 'SHCB02231', '56', 'Đặng Minh Hùng', '0346731919', 'lychi@outlook.com', 1, 0, '2006-08-31', '142cb08f-7c31-21fa-8e90-67245e8b283e', '2015-03-02 12:36:49', NULL, '2005-09-01 11:29:45', NULL),
('668b5d7d-53cd-6d70-7680-7ed9d1ea06ea', 'SHCB02228', '54', 'Dương Khánh Thảo', '0359412291', 'dongphuong@outlook.com', 0, 1, '2006-04-01', '4e272fc4-7875-78d6-7d32-6a1673ffca7c', '1998-05-10 23:36:39', 'E8Z9P56', '2019-02-05 14:35:25', 'Freeda May'),
('66c1435b-3547-772d-50c2-579daad24557', 'SHCB14184', '54', 'Triệu Thị Hiền', '0336821822', 'vuonglinh@gmail.com', 0, 0, '2021-06-24', '7686595d-16d5-33b3-0080-e8e2a817c80e', '2005-01-25 13:54:23', 'M0HHO528414S', '2020-04-23 16:43:46', 'Randy Cote'),
('66d46c4c-1de7-4d3a-91f6-423b4e874d0f', 'SHCB42046', '26', 'Ngô Thanh Hoài', '0369804521', 'ngohuong@icloud.com', 0, 1, '2001-04-21', '11452b0c-768e-5ff7-0d63-eeb1d8ed8cef', '1990-01-01 00:00:14', 'D6AFY2E8KJZ0212Q0479RU2D9F19ML2F306DGZ2', '2008-01-03 02:14:48', 'Nicky Grigsby'),
('66ef0b11-1892-1443-1877-d9ebc53aac3d', 'SHCB12980', '24', 'Vũ Thanh Chí', '0359485902', 'lieutung@outlook.com', 1, 0, '2018-04-24', '469b3ece-744a-45d5-957d-e8c757976496', '1997-01-02 14:31:34', '7PIVN1A5041J', '1991-07-14 23:33:37', 'Columbus Ackerman'),
('677132b4-2a33-68d1-26c2-579daad24557', 'SHCB43827', '22', 'Phan Thanh Bảo', '0344382750', 'dongkhoi@gmail.com', 0, 1, '2020-02-05', '17120d02-6ab5-3e43-18cb-66948daf6128', '1996-04-23 17:01:19', '26LK2B59274E72YU5163SK83965B3J3348TANV4H68132C4TU831GG8M3S34F9A4ISS', '1991-03-27 21:33:27', 'Erasmo Joe'),
('6784f58b-4ac0-1a8f-f51d-086412a8ea97', 'SHCB66438', '47', 'Phan Minh Thành', '0328932705', 'machi@gmail.com', 0, 0, '2002-06-24', '59d19422-6657-452e-a7db-e5d54223c257', '1993-01-27 02:45:13', 'X20J96GQQ9K4XTQ1OM4I5N93137M421RF4PHG6Q0S808TC45RRAR3FRH5A6434NQRXAJLLG265L255H02GFH5NRM0', '1991-01-11 06:27:52', 'Abel Burrell'),
('678732d9-6f0c-3bf8-6b35-0028ed526dd0', 'SHCB33497', '59', 'Nguyễn Bảo Bách', '0340696129', 'tonganh@gmail.com', 0, 1, '2000-01-08', '17120d02-6ab5-3e43-18cb-66948daf6128', '2007-11-28 15:49:31', '9Y23J', '1990-01-01 00:14:11', 'Michael Barden'),
('67e3818b-56b7-4eb0-5c80-7ed9d1ea06ea', 'SHCB01573', '42', 'Ngô Thùy Ánh', '0357757809', 'kimmai@icloud.com', 0, 1, '2000-02-10', '142cb08f-7c31-21fa-8e90-67245e8b283e', '1990-01-01 00:00:41', 'KR745686763V7M7', '1998-12-03 15:05:24', 'Latricia Aquino'),
('67f9c991-2cfd-332e-3877-d9ebc53aac3d', 'SHCB07482', '39', 'Hoàng Thị  Mai', '0393173322', 'dantung@outlook.com', 0, 1, '2003-12-28', '4e272fc4-7875-78d6-7d32-6a1673ffca7c', '2001-09-08 16:43:13', NULL, '1990-01-01 00:00:10', NULL),
('689162ae-5547-173e-4877-d9ebc53aac3d', 'SHCB26917', NULL, 'Trần Minh Bình', NULL, NULL, 1, 0, '2000-03-28', '768f8e64-7d10-20c9-967d-e8c757976496', '2019-03-27 18:22:47', '3NWA74499M4HX1R31ETLU783E', '1999-08-01 13:15:33', 'Alec Abrams'),
('68a440ae-5f36-5eb5-6835-0028ed526dd0', 'SHCB20816', '56', 'Đoàn Thị Anh', '0334252413', 'ninhoanh@gmail.com', 0, 1, '2000-01-08', '4577565a-7e3e-493a-74dd-867949feb8b5', '1993-06-07 22:51:29', NULL, '2011-03-11 12:58:43', NULL),
('68c6083a-3e64-63ed-49c2-579daad24557', 'SHCB45133', '41', 'Phan Khánh Bách', '0337968859', 'doanhoai@outlook.com', 0, 0, '2013-09-24', '4577565a-7e3e-493a-74dd-867949feb8b5', '2004-02-24 20:45:27', '8RS80CI1Z3DM11N0J9F6DBOGX8DTB67160IVYQZ0B394', '2006-07-22 10:15:25', 'Kristi Andrew'),
('69214c99-53ca-5018-7f80-7ed9d1ea06ea', 'SHCB58386', '38', 'Đường Thị  Tâm', '0321754021', 'tongnga@icloud.com', 1, 1, '2005-05-04', '142cb08f-7c31-21fa-8e90-67245e8b283e', '2004-09-14 12:40:02', '9B77', '1997-11-19 20:17:48', 'Broderick Dodd'),
('693d31c6-37ec-25d3-2f35-60b3ebf808a9', 'SHCB28252', '29', 'Phạm Khánh Chí', '0351126717', 'chungtam@icloud.com', 0, 1, '2000-01-02', '469b3ece-744a-45d5-957d-e8c757976496', '1995-08-18 13:44:25', 'Q055AM6DQ6B6D', '1999-05-15 04:36:45', 'Analisa Bruce'),
('696881d0-44d2-217d-7c80-7ed9d1ea06ea', 'SHCB25632', '53', 'Lê Bảo Nam', '0391555810', 'danthao@outlook.com', 0, 0, '2016-03-23', '11452b0c-768e-5ff7-0d63-eeb1d8ed8cef', '2013-09-10 15:30:22', '7CG6176M8V1243KO4EE9NBYW1CU1XG00N14609R83XZOEXB', '1990-01-01 00:15:11', 'Zane Menard'),
('69fe3947-41b8-19b2-3e77-d9ebc53aac3d', 'SHCB45671', '41', 'Hồ Thùy Tâm', '0359838535', 'ungnhung@outlook.com', 1, 0, '2001-03-09', '7686595d-16d5-33b3-0080-e8e2a817c80e', '1997-03-04 20:33:29', 'UQVQ3H30SO2LGR5P0W7P24NFQ3GO7QCC', '2013-08-03 12:47:28', 'Louann Addison'),
('6a50ecc3-384e-2a54-2177-d9ebc53aac3d', 'SHCB73511', '57', 'Đỗ Thùy Hân', '0321100809', 'luonglinh@icloud.com', 0, 0, '2000-01-26', '768f8e64-7d10-20c9-967d-e8c757976496', '2008-12-23 15:34:18', '300X5', '1990-01-01 00:00:54', 'Clarence Weston'),
('6a763a51-4322-5c5a-b5d2-89b22d10517e', 'SHCB03876', '21', 'Đỗ Minh Nam', '0303267645', 'bangan@icloud.com', 1, 1, '2017-09-13', '11452b0c-768e-5ff7-0d63-eeb1d8ed8cef', '2017-05-10 16:42:55', '7K47BC3EWI3Z856ZC', '2011-04-29 21:55:20', 'Glynis Battle'),
('6a797723-324b-6c4c-7080-7ed9d1ea06ea', 'SHCB38759', '29', 'Lương Thị  Duyên', '0315087412', 'lieuhuy@outlook.com', 1, 1, '2019-02-20', '4577565a-7e3e-493a-74dd-867949feb8b5', '2020-03-12 02:31:27', '25X7772BGOYNR64Q85KUPGO029RWVKR3S4VOA8VBOG5F5L0A8AUY7L75J7F24Q3EE8195VW5E2K3CRJZLW3603N5RZ', '1990-01-01 00:41:57', 'Miles Wilhite'),
('6aaa3ade-5fea-78c5-7880-7ed9d1ea06ea', 'SHCB52809', '22', 'Dương Khánh Mai', '0340783121', 'hoayen@outlook.com', 0, 0, '2000-01-09', '4e272fc4-7875-78d6-7d32-6a1673ffca7c', '2012-10-28 03:43:59', '3G1M96520612DHZ01S27NK86X', '2004-06-10 12:47:45', 'Coleman Balderas'),
('6b003232-3bbd-7f5b-2f77-d9ebc53aac3d', 'SHCB05947', '41', 'Triệu Khánh Mai', '0301560492', 'vuonghung@outlook.com', 0, 0, '2001-07-27', '7686595d-16d5-33b3-0080-e8e2a817c80e', '1990-01-01 00:00:04', '47EYM9F7OV1FM5', '2006-04-21 10:00:34', 'Addie Knudson'),
('6b12b154-39d3-1a5b-2280-de64d090a2c2', 'SHCB02831', '23', 'Triệu Hoàng Bách', '0398325265', 'mahung@outlook.com', 1, 0, '2014-05-16', '469b3ece-744a-45d5-957d-e8c757976496', '2001-06-19 04:19:08', 'J', '2001-04-05 13:41:46', 'Chiquita Downs'),
('6b26072c-3dd5-2353-4377-d9ebc53aac3d', 'SHCB89676', '40', 'Phạm Mai Hân', '0327936382', 'nghiemhuy@icloud.com', 0, 0, '2001-05-28', '4577565a-7e3e-493a-74dd-867949feb8b5', '2004-06-20 01:22:05', 'Q3I2QG1Q652A87JJ6S64C', '1992-01-06 18:36:25', 'Fletcher Buckingham'),
('6b3600cd-500f-4faf-5035-0028ed526dd0', 'SHCB67347', '19', 'Trịnh Thanh Trang', '0348149838', 'lyhoang@outlook.com', 0, 0, '2012-02-21', '142cb08f-7c31-21fa-8e90-67245e8b283e', '2012-12-17 07:08:05', 'D1884G7HIO53W9F', '1990-01-01 00:06:23', 'Derrick Nicholas'),
('6b42bec6-7d3f-14bb-3380-de64d090a2c2', 'SHCB04633', '23', 'Đào Bảo Huy', '0381051853', 'vuonglien@outlook.com', 0, 0, '2019-02-20', '17120d02-6ab5-3e43-18cb-66948daf6128', '2018-06-29 16:14:31', '3A9XW6VYIA', '1990-01-01 00:00:07', 'Abby Ackerman'),
('6b45cb9f-6de5-7a17-2d77-d9ebc53aac3d', 'SHCB19548', '37', 'Hồ Khánh Long', '0383059677', 'labao@outlook.com', 1, 0, '2016-06-05', '4577565a-7e3e-493a-74dd-867949feb8b5', '2001-12-10 13:06:53', 'VO63D314I13K0I65ACQ', '2011-12-23 03:03:49', 'Clyde Suarez'),
('6b550b8f-7ff9-51bc-0f77-d9ebc53aac3d', 'SHCB89089', NULL, 'Ngô Gia Bắc', NULL, NULL, 0, 0, '2016-10-15', '7686595d-16d5-33b3-0080-e8e2a817c80e', '2020-07-13 00:18:43', 'UE7U0', '2012-11-27 16:40:15', 'Alfonzo Bohn'),
('6b76d607-7d60-38a2-5680-7ed9d1ea06ea', 'SHCB17659', '23', 'Đào Thanh Nguyệt', '0357034581', 'mathao@gmail.com', 1, 0, '2018-12-21', '768f8e64-7d10-20c9-967d-e8c757976496', '2002-04-22 19:43:37', NULL, '1990-01-01 00:00:45', NULL),
('6b9348f5-1362-7ba5-1235-60b3ebf808a9', 'SHCB97073', '54', 'Đặng Thùy Linh', '0337260783', 'kimhuong@gmail.com', 1, 0, '2010-09-26', '142cb08f-7c31-21fa-8e90-67245e8b283e', '2014-04-28 08:49:42', 'Q3SU5OX2ZI7DOWKKSF5Y120648', '2008-04-25 16:01:12', 'Thao Zhang'),
('6bb2a723-7c18-1df2-0b35-60b3ebf808a9', 'SHCB21441', '24', 'Ngô Thị  Hoài', '0301408617', 'dongtrang@gmail.com', 1, 1, '2020-06-12', '4e272fc4-7875-78d6-7d32-6a1673ffca7c', '2004-10-01 20:17:10', 'K64QK04H2J4Q16F5991D2L2H1TT5U4D133', '2012-09-25 18:53:46', 'Arnetta Abernathy'),
('6c06cf05-4533-4cfe-4fc2-579daad24557', 'SHCB56049', '58', 'Trương Vân Linh', '0309774132', 'danmai@outlook.com', 1, 0, '2004-04-07', '59d19422-6657-452e-a7db-e5d54223c257', '1991-08-21 10:01:54', 'FEQTS2T5T9BV5C0', '2008-02-04 05:37:25', 'Arnoldo Meier'),
('6c3c5faa-7f24-5ca3-ad41-c1ec321fe728', 'SHCB30884', '28', 'Bùi Thanh Chí', '0329870453', 'trinhquynh@icloud.com', 1, 0, '2000-01-26', '4577565a-7e3e-493a-74dd-867949feb8b5', '1993-09-22 06:54:39', '6IG372H', '2011-10-16 17:34:30', 'Stanton Colon'),
('6c4efcd6-2c86-28c8-a641-c1ec321fe728', 'SHCB34232', '27', 'Lương Hoàng Hùng', '0304008125', NULL, 0, 0, '2006-04-10', '142cb08f-7c31-21fa-8e90-67245e8b283e', '1999-11-24 08:00:03', 'UL562E76Y8P0V8', '1993-07-02 11:01:40', 'Stefani Barrett'),
('6c5b9fe7-14c9-3bb5-b4d2-89b22d10517e', 'SHCB59293', '42', 'Lê Thanh Duyên', '0369014366', 'ngohuong@gmail.com', 1, 0, '2019-07-25', '59d19422-6657-452e-a7db-e5d54223c257', '2004-10-19 05:17:45', NULL, '1990-01-01 00:00:06', NULL),
('6c80a684-1cb5-41af-ff34-60b3ebf808a9', 'SHCB97292', '50', 'Trương Đức Nghĩa', '0373272672', 'bahuong@icloud.com', 1, 1, '2009-10-16', '142cb08f-7c31-21fa-8e90-67245e8b283e', '2008-06-29 21:00:28', '55AUL60Q5I', '2020-12-27 05:10:38', 'Kathyrn Beatty'),
('6cd9a4b7-47b6-4f17-8ef6-423b4e874d0f', 'SHCB14395', '30', 'Đào Phương Liên', '0351027153', 'tongkhang@outlook.com', 1, 0, '2007-05-03', '11452b0c-768e-5ff7-0d63-eeb1d8ed8cef', '2016-03-30 01:38:22', '3PQ2807091S36302V4J791092HJ20OP625O730L551WIBW492J580O3X', '2014-05-30 06:56:30', 'Rudy Varney'),
('6d489b13-7396-7986-1577-d9ebc53aac3d', 'SHCB33446', '26', 'Trương Khánh Hương', '0366295807', 'latrung@outlook.com', 1, 0, '2008-11-08', '142cb08f-7c31-21fa-8e90-67245e8b283e', '2012-12-12 18:42:17', '3EE5NN0NC03BNF', '2014-08-02 07:38:13', 'Denyse Ma'),
('6d62469c-3182-4553-2e35-60b3ebf808a9', 'SHCB20745', '49', 'Đào Đức Nghĩa', '0340278511', 'daoduy@outlook.com', 1, 1, '2014-04-18', '11452b0c-768e-5ff7-0d63-eeb1d8ed8cef', '2017-09-02 17:05:51', 'NW642T8C71260O6A44G', '2013-07-06 12:37:07', 'Chauncey Whitson'),
('6d74b282-214c-565e-65c2-579daad24557', 'SHCB81734', NULL, 'Đỗ Đức Nghĩa', NULL, 'kimthao@outlook.com', 0, 1, '2000-05-27', '7686595d-16d5-33b3-0080-e8e2a817c80e', '2008-06-04 06:18:55', '5A40I40A9ZN609', '2019-01-04 01:15:21', 'Alton Medina'),
('6d7def1b-4b7e-52aa-8f41-c1ec321fe728', 'SHCB79039', '53', 'Vũ Thùy Yến', '0302305054', NULL, 0, 0, '2016-06-06', '7686595d-16d5-33b3-0080-e8e2a817c80e', '2019-08-15 07:43:49', 'R9O6340SJ3J20WXLCGRSE4L048NC0CM9Y5UL6IQE6B4OD4TFD8N54HNYTW87D0076GPGJ3RPXJY8N68DY6', '1990-01-01 02:44:10', 'Blake Yoder'),
('6d7e72ba-1a35-5aaa-e2d2-89b22d10517e', 'SHCB44494', '35', 'Đoàn Mai Mai', '0316586540', 'bachnghia@outlook.com', 1, 1, '2018-05-07', '59d19422-6657-452e-a7db-e5d54223c257', '1990-01-01 00:18:02', '4', '2004-03-10 06:23:09', 'Maira Mcneal'),
('6dcdb6b6-273a-6aaa-8541-c1ec321fe728', 'SHCB94503', '24', 'Trịnh Thị Thảo', '0321414258', 'ninhnga@outlook.com', 0, 0, '2001-09-15', '11452b0c-768e-5ff7-0d63-eeb1d8ed8cef', '1996-08-07 23:09:45', '6SJNHVA34OOHPNC11W070Y0A4VV3', '1994-07-20 15:46:06', 'Denita Teal'),
('6e1ed17d-2114-41fc-9e41-c1ec321fe728', 'SHCB94704', '33', 'Dương Khánh Nam', '0300158224', 'luonghoai@outlook.com', 1, 1, '2002-12-08', '59d19422-6657-452e-a7db-e5d54223c257', '2000-06-10 12:35:52', '3MIRZIF04T2O72X7T14V7K6K18SW64C0Q46SCOE6HQ32747R2', '1990-01-01 00:01:24', 'Charles Burrow'),
('6e3f7a8c-2f78-16a9-36c2-579daad24557', 'SHCB42330', '50', 'Đoàn Thị Diễm', '0364712761', 'damlien@outlook.com', 1, 0, '2015-04-20', '4e272fc4-7875-78d6-7d32-6a1673ffca7c', '1995-03-02 15:50:56', NULL, '1994-12-01 03:19:32', NULL),
('6e5bdc72-59a2-5141-7af6-423b4e874d0f', 'SHCB10343', '35', 'Dương Khánh Nguyệt', '0363120295', NULL, 0, 0, '2010-05-08', '59d19422-6657-452e-a7db-e5d54223c257', '2004-11-04 23:14:37', '01LN7T61', '2001-11-09 03:39:30', 'Donny Coles'),
('6e60b234-643f-288e-7ff6-423b4e874d0f', 'SHCB12239', '21', 'Lê Phương Trang', '0394090195', 'luongnam@gmail.com', 0, 1, '2016-12-09', '7686595d-16d5-33b3-0080-e8e2a817c80e', '1990-01-01 01:28:31', 'ZDP958DE9RE7E9ZOHZMC1SU15M52CB0GA4VMFN764GH6M1GDL7', '1990-01-01 00:04:17', 'Abel Shively'),
('6ec68a82-7ea5-2028-a541-c1ec321fe728', 'SHCB82650', '29', 'Lê Thảo Trang', '0399521857', 'nongnga@outlook.com', 0, 1, '2005-03-18', '4e272fc4-7875-78d6-7d32-6a1673ffca7c', '2003-10-27 21:11:39', 'RC', '1997-11-15 12:02:49', 'Carita Martz'),
('6eff6332-24fb-3f22-2335-60b3ebf808a9', 'SHCB30041', '43', 'Phạm Thị  Tâm', '0317654113', 'lieunghia@outlook.com', 0, 0, '2013-10-24', '59d19422-6657-452e-a7db-e5d54223c257', '2001-11-04 21:37:13', '4436', '2005-05-19 16:23:37', 'Carma Mcfarlane'),
('6f1014db-2ff0-613b-bdd2-89b22d10517e', 'SHCB87582', '40', 'Đường Khánh Bảo', '0360091247', 'bachtrung@outlook.com', 1, 0, '2004-07-09', '11452b0c-768e-5ff7-0d63-eeb1d8ed8cef', '1990-01-01 00:27:32', '28191OSW0VXCTAJQD9I49T06Q71J37Z', '2001-08-19 03:40:44', 'Lara Moran'),
('6f51ea57-13b2-139f-1177-d9ebc53aac3d', 'SHCB79103', '41', 'Đặng Minh Chính', '0300680615', NULL, 0, 0, '2013-11-18', '469b3ece-744a-45d5-957d-e8c757976496', '2002-10-17 02:56:00', 'ZI965WYVDXEPS2F0GO7RF', '1999-03-03 11:51:07', 'Bennie Broussard'),
('705a21b7-6a47-5cdc-3780-de64d090a2c2', 'SHCB75679', '37', 'Phạm Hoàng Hòa', '0353523027', 'bachkhoi@icloud.com', 0, 1, '2015-03-13', '469b3ece-744a-45d5-957d-e8c757976496', '2018-08-15 21:30:11', 'BO6RS74GXY0RW5195J7DOZH8ISX0B68N2', '2013-02-06 23:18:06', 'Caleb Guffey'),
('707e1336-6584-55de-8341-c1ec321fe728', 'SHCB75566', '33', 'Đào Thùy Trang', '0357477709', 'danquynh@outlook.com', 1, 1, '2000-03-29', '768f8e64-7d10-20c9-967d-e8c757976496', '1990-01-01 00:01:29', '808XB69OTS5I605Z703', '1995-06-24 20:15:24', 'Michel Beale'),
('70aead00-2db5-77f7-2277-d9ebc53aac3d', 'SHCB65662', '58', 'Bùi Bảo Bảo', '0346929897', 'tonanh@gmail.com', 1, 1, '2015-09-12', '7686595d-16d5-33b3-0080-e8e2a817c80e', '1995-04-03 20:29:47', 'EG92F8U7DG334637E2475Q39JM1795CI0O98CBV', '1990-01-01 00:16:14', 'Esther Bennett'),
('70b4a90e-486b-2120-d6d2-89b22d10517e', 'SHCB15373', '63', 'Trịnh Phương Mai', '0357730347', 'vuongnam@outlook.com', 1, 1, '2016-04-14', '768f8e64-7d10-20c9-967d-e8c757976496', '2000-12-03 13:50:48', 'XIZ6MFKECVB5NTK4A7KFEULHB5U02IT34AGPBL27', '2004-07-24 09:49:49', 'Pansy Saenz'),
('70ba64fc-21d0-6609-9d41-c1ec321fe728', 'SHCB85492', '37', 'Vũ Khánh Nga', '0342314382', 'anhuyen@icloud.com', 0, 0, '2005-06-30', '11452b0c-768e-5ff7-0d63-eeb1d8ed8cef', '1990-01-01 00:00:07', 'QMNOC5RDT0T9O8WE21333XI15HGMX64613KV693C97FX', '1999-10-29 14:54:01', 'Darin Hitchcock'),
('7146e3a8-4131-3d3c-a241-c1ec321fe728', 'SHCB28872', '52', 'Hồ Bảo Hoàng', '0396180098', NULL, 1, 0, '2008-02-26', '142cb08f-7c31-21fa-8e90-67245e8b283e', '2019-08-17 02:26:00', 'Q03S877970L641422KAVMH0D93LQ5LRYFDOVH4J0K10PDQ94L332B8K1UWUR3740HY1Z0V85BKB35H040G6N', '2005-03-17 07:35:11', 'Ada Mcfall'),
('7151adee-7718-2658-6635-0028ed526dd0', 'SHCB49864', '47', 'Lê Thanh Ánh', '0324418446', 'trinhanh@outlook.com', 0, 0, '2016-07-12', '469b3ece-744a-45d5-957d-e8c757976496', '1992-02-21 06:55:53', NULL, '2012-04-28 06:46:00', NULL),
('716136e5-4b50-2737-d1d2-89b22d10517e', 'SHCB51524', '39', 'Vũ Minh Chính', '0380343173', 'trinhanh@gmail.com', 0, 0, '2019-04-03', '59d19422-6657-452e-a7db-e5d54223c257', '1990-01-01 01:41:56', 'TH13UUDEMF7BGFNP3', '1990-01-01 01:02:40', 'Elton Chapa'),
('721b7460-7378-2203-0435-60b3ebf808a9', 'SHCB57477', '20', 'Bùi Thảo Linh', '0320695880', 'dieubinh@icloud.com', 0, 0, '2017-01-19', '7686595d-16d5-33b3-0080-e8e2a817c80e', '1992-06-03 00:32:03', NULL, '2008-08-07 12:27:56', NULL),
('72b3a7fb-5af1-655b-5fc2-579daad24557', 'SHCB91765', '43', 'Trương Văn Khang', '0384150484', NULL, 1, 1, '2008-03-04', '11452b0c-768e-5ff7-0d63-eeb1d8ed8cef', '1997-10-05 00:49:38', '90VJIG2K205M0DH535PVT8', '2003-04-12 10:13:34', 'Erin Harley'),
('72fe5819-3c8c-3651-cad2-89b22d10517e', 'SHCB79378', '24', 'Trịnh Đức Chí', '0347243531', NULL, 1, 1, '2006-03-02', '768f8e64-7d10-20c9-967d-e8c757976496', '2004-10-07 05:57:34', '44M42185AN83FT942AY3QB5D37T5JS096TS5E17E97246K', '2001-04-10 14:58:58', 'Leland Matthew'),
('73dc79e1-1ccb-35a6-0235-60b3ebf808a9', 'SHCB36073', NULL, 'Bùi Khánh Mai', NULL, NULL, 0, 1, '2018-08-26', '768f8e64-7d10-20c9-967d-e8c757976496', '2021-07-23 22:57:45', 'Q6N9I9N3SHC1', '1990-01-01 02:03:38', 'Federico Lujan'),
('741b0ac2-17ca-4d0a-ae41-c1ec321fe728', 'SHCB19060', '48', 'Phạm Ngọc Yến', '0313946868', 'longan@outlook.com', 0, 0, '2003-09-19', '4577565a-7e3e-493a-74dd-867949feb8b5', '2012-07-13 19:59:48', 'LA3O135115102E7T1IWQ179V0HT29H692AT', '2011-02-17 23:19:49', 'Emelia Beard'),
('74a9a645-419f-545f-7180-7ed9d1ea06ea', 'SHCB10091', '38', 'Bùi Thị Hương', '0309736093', 'vuonguyen@gmail.com', 0, 0, '2011-05-09', '7686595d-16d5-33b3-0080-e8e2a817c80e', '2010-09-15 21:07:07', '06I6D6257J0SATU', '2006-08-18 23:06:43', 'Rico Powell'),
('757dd903-7b3b-790f-6935-0028ed526dd0', 'SHCB86847', '57', 'Trương Thùy Trang', '0376517214', 'doantuan@gmail.com', 1, 0, '2010-05-09', '142cb08f-7c31-21fa-8e90-67245e8b283e', '2019-03-06 12:34:12', 'MN2VXZ620I55XA50UN23Z00', '1990-01-01 00:00:08', 'Bryce Barnhill'),
('75ec2fe2-5965-48e6-9141-c1ec321fe728', 'SHCB71556', '59', 'Hồ Thùy Ánh', '0313374308', 'nongkhoi@outlook.com', 0, 0, '2008-01-18', '768f8e64-7d10-20c9-967d-e8c757976496', '2012-06-05 03:22:03', '23TC068', '2015-09-29 00:28:16', 'Darron Camp'),
('762cf9e5-356b-56d7-5f80-7ed9d1ea06ea', 'SHCB51015', '45', 'Đào Thanh Hòa', '0357369011', 'banga@outlook.com', 0, 0, '2016-11-01', '4e272fc4-7875-78d6-7d32-6a1673ffca7c', '1990-01-01 01:42:30', '27CTDF248A6OM6GSJ13', '2014-12-07 15:08:22', 'Sheena Ambrose'),
('763b23fb-3d10-6e05-eb1d-086412a8ea97', 'SHCB36314', '31', 'Phan Đức Trung', '0332868505', 'nhunguyet@outlook.com', 0, 1, '2018-08-25', '142cb08f-7c31-21fa-8e90-67245e8b283e', '1990-01-01 01:53:28', '0793FOM1ATA82Q0M8U9315SOF7Q8V6599K0BHDCQ40OQX3V10M1XD02J', '1990-01-01 00:00:07', 'Marnie Benton'),
('7649b7c1-509e-4f94-6580-7ed9d1ea06ea', 'SHCB28065', '24', 'Trần Ngọc Hoài', '0331266548', 'anduyen@icloud.com', 1, 0, '2000-01-29', '17120d02-6ab5-3e43-18cb-66948daf6128', '1993-10-14 02:04:33', '19PFMR0K9DPV36Y884RKSC3SJP8W675JHDZ91CU4U2O844VT8DHO0H4QX5N410U9CW4LQ2L1X572DDQAJ5T55N3996M770759O5K', '1998-05-15 01:18:35', 'Adolfo Anders'),
('765c598b-168d-47aa-cdd2-89b22d10517e', 'SHCB26576', '37', 'Bùi Thị  Uyên', '0381013037', NULL, 0, 1, '2017-05-18', '11452b0c-768e-5ff7-0d63-eeb1d8ed8cef', '2013-01-28 13:41:44', NULL, '1990-01-01 00:00:09', NULL),
('76ac35c9-1a60-376f-e71d-086412a8ea97', 'SHCB31127', '40', 'Nguyễn Đức Bắc', '0302105236', NULL, 1, 0, '2007-10-09', '142cb08f-7c31-21fa-8e90-67245e8b283e', '1996-06-16 21:12:21', 'L7X9906S634W5SRK882U248W3GA63QEBP9801', '2016-12-29 23:02:06', 'Dexter Abney'),
('76b3b772-27f3-37bf-75f6-423b4e874d0f', 'SHCB78099', '22', 'Đoàn Gia Thành', '0397073678', NULL, 1, 0, '2014-05-05', '469b3ece-744a-45d5-957d-e8c757976496', '2002-10-28 21:28:06', '7C', '2011-01-07 18:50:29', 'Franklin Aiello'),
('76cbbb4b-1739-2986-4c77-d9ebc53aac3d', 'SHCB94878', NULL, 'Trần Minh Hoàng', NULL, 'luongmai@icloud.com', 1, 0, '2016-10-24', '59d19422-6657-452e-a7db-e5d54223c257', '2005-10-08 05:54:59', '0A5NB2YSL6D7C998RW6', '2012-03-11 08:58:19', 'Hortensia Weinstein'),
('76cc3313-3932-7e97-4635-0028ed526dd0', 'SHCB14819', NULL, 'Phan Thanh Hùng', NULL, NULL, 0, 0, '2004-05-29', '142cb08f-7c31-21fa-8e90-67245e8b283e', '2007-05-31 02:38:27', 'I7I04J91V9', '2016-06-12 12:13:07', 'Abe Phan'),
('7734587d-1eee-329f-f21d-086412a8ea97', 'SHCB99390', '57', 'Đường Minh Trung', '0316770514', 'donguyen@gmail.com', 1, 1, '2006-07-08', '469b3ece-744a-45d5-957d-e8c757976496', '2009-10-30 13:07:19', 'KVDR1NR72O34904636CB2O8UQ26Y88A418KZ4566I9Y5S9S150', '2013-12-19 00:39:48', 'Corey Acevedo'),
('778c67bd-6967-345e-2e77-d9ebc53aac3d', 'SHCB48074', '48', 'Ngô Phương Quỳnh', '0369514653', 'hoaoanh@icloud.com', 1, 1, '2000-04-21', '7686595d-16d5-33b3-0080-e8e2a817c80e', '1990-11-15 09:47:47', 'C4625L4JK37916JC0HU8D28', '2011-07-25 06:02:17', 'Addie Myers'),
('77a68c44-5111-2d8c-7d80-7ed9d1ea06ea', 'SHCB40835', '25', 'Đỗ Thảo Nga', '0353431774', 'nonghien@icloud.com', 0, 1, '2013-03-19', '469b3ece-744a-45d5-957d-e8c757976496', '2008-05-06 01:43:30', '2XTL856P68JNT9MA6675L55', '2021-04-11 19:17:16', 'Jayme Covey'),
('77cb6cf2-4da8-2067-5b35-0028ed526dd0', 'SHCB78056', '43', 'Đường Thảo Uyên', '0357129009', 'duychi@icloud.com', 1, 1, '2009-02-21', '142cb08f-7c31-21fa-8e90-67245e8b283e', '2015-08-31 13:34:55', '5L3MVF', '2015-02-08 23:59:18', 'Ashli Cecil'),
('77d03350-6ba4-226c-77f6-423b4e874d0f', 'SHCB96331', '23', 'Đoàn Phương Ánh', '0370952738', 'nongtrung@icloud.com', 1, 0, '2005-01-28', '59d19422-6657-452e-a7db-e5d54223c257', '1990-01-01 00:14:20', 'W03H23OJ2J493SHX5', '2000-07-31 16:48:53', 'Willis Thomas'),
('77d8752b-2920-240f-b241-c1ec321fe728', 'SHCB63043', '28', 'Nguyễn Thị Tâm', '0313493457', 'bacmai@outlook.com', 0, 0, '2002-07-09', '11452b0c-768e-5ff7-0d63-eeb1d8ed8cef', '1990-01-01 00:00:03', '53H57F7Z5Q7YZ13J7QJMI1AHXW9D3T745FVX76VO87L4T2P2U88OU1W047XV8AQA93172C0YVWQC74F8387L7', '1990-01-01 00:14:20', 'Milford Elston'),
('78b1d514-338c-3cdc-8641-c1ec321fe728', 'SHCB82447', '47', 'Lương Đức Bách', '0348265326', 'nongbao@gmail.com', 0, 0, '2000-01-08', '142cb08f-7c31-21fa-8e90-67245e8b283e', '1990-01-01 00:00:08', '7K4Y0KB799BE', '1997-10-05 10:36:50', 'Camie Talbott'),
('7900cb82-60ea-2f13-4680-de64d090a2c2', 'SHCB15333', '61', 'Đường Hoàng Bình', '0339365412', 'lomai@gmail.com', 0, 0, '2015-09-17', '4e272fc4-7875-78d6-7d32-6a1673ffca7c', '2004-11-08 02:12:32', 'E4WG61PC3282FZ', '2008-12-26 01:19:47', 'Rod Gallardo'),
('793b3cb4-31a2-693e-d2d2-89b22d10517e', 'SHCB56502', '55', 'Phạm Thị Hiền', '0364811946', NULL, 0, 1, '2012-01-07', '11452b0c-768e-5ff7-0d63-eeb1d8ed8cef', '1990-01-01 02:18:27', '5SE3I75TQ4169D', '2006-07-10 22:21:24', 'Bethel Abraham'),
('7976650d-4e86-2615-8c41-c1ec321fe728', 'SHCB31368', '30', 'Nguyễn Bảo Thành', '0380072575', 'danduyen@gmail.com', 0, 0, '2003-09-10', '11452b0c-768e-5ff7-0d63-eeb1d8ed8cef', '2012-08-12 22:51:22', 'K826M', '1990-01-01 00:01:30', 'Carlie Mcduffie'),
('79806d6f-4830-6311-2577-d9ebc53aac3d', 'SHCB91581', '49', 'Dương Minh Thành', '0331702683', 'tonhan@gmail.com', 0, 0, '2002-05-03', '142cb08f-7c31-21fa-8e90-67245e8b283e', '1990-01-01 00:14:14', 'LXZ5D2GW4ULPCD60K33PDMR6Y', '2011-06-26 04:37:15', 'Caryn Abreu'),
('79b32897-3f8e-5ff4-5cc2-579daad24557', 'SHCB21594', '58', 'Hồ Thùy Quỳnh', '0350899948', 'daongan@outlook.com', 0, 0, '2020-06-03', '59d19422-6657-452e-a7db-e5d54223c257', '1990-01-01 00:57:04', 'QAU92EF8ZT09HLA95C9Z40CC6TOQJKNYLW', '2008-05-14 14:14:50', 'Annika Talbert'),
('79dadd0d-69fa-5e30-35c2-579daad24557', 'SHCB25273', '58', 'Phạm Văn Duy', '0365425687', 'ankhang@gmail.com', 0, 0, '2010-02-16', '142cb08f-7c31-21fa-8e90-67245e8b283e', '1993-11-01 22:37:03', NULL, '2015-02-05 01:23:24', NULL),
('79e76e01-3ab3-7df1-4980-de64d090a2c2', 'SHCB13658', '50', 'Phạm Minh Duy', '0359293284', 'bachtrung@icloud.com', 1, 1, '2010-08-07', '17120d02-6ab5-3e43-18cb-66948daf6128', '2001-02-22 04:25:16', 'D51', '1990-01-01 00:54:57', 'Elia Hein'),
('7a1114ad-76c4-3734-1f77-d9ebc53aac3d', 'SHCB45019', '40', 'Bùi Thị  Linh', '0333746118', 'lylien@icloud.com', 1, 0, '2011-07-26', '17120d02-6ab5-3e43-18cb-66948daf6128', '2009-12-03 00:45:06', 'K97', '2004-01-25 00:16:44', 'Lexie Holman'),
('7a125aae-1c50-3a73-85f6-423b4e874d0f', 'SHCB63591', '22', 'Phạm Thanh Tùng', '0382292842', 'damhuy@outlook.com', 0, 0, '2009-01-20', '4e272fc4-7875-78d6-7d32-6a1673ffca7c', '2021-02-23 00:42:37', NULL, '1995-09-09 19:23:07', NULL),
('7a301ea4-331e-73f6-1a77-d9ebc53aac3d', 'SHCB30583', '45', 'Đỗ Hoàng Chính', '0323892842', NULL, 1, 1, '2012-08-21', '17120d02-6ab5-3e43-18cb-66948daf6128', '1997-07-20 16:46:27', 'O7KR', '2002-02-14 13:46:15', 'Bula Andrews'),
('7a3fbd10-76db-716b-48c2-579daad24557', 'SHCB56935', '43', 'Dương Thị  Nga', '0307255045', 'mackhoi@outlook.com', 0, 0, '2006-07-22', '11452b0c-768e-5ff7-0d63-eeb1d8ed8cef', '1990-01-01 00:16:17', 'H2S8G9U', '2013-04-23 15:10:12', 'Adan Heath'),
('7a60ae7d-1270-7f48-2435-60b3ebf808a9', 'SHCB28119', '65', 'Bùi Thị  Diễm', '0308998861', 'lymai@gmail.com', 1, 1, '2010-04-10', '142cb08f-7c31-21fa-8e90-67245e8b283e', '2004-08-28 07:53:21', 'XZW23RN343GD24XKF2X7717T087BT1295PYOI6NG', '1990-01-01 00:25:53', 'Silvia Venegas'),
('7a93f087-7a0e-1704-6f35-0028ed526dd0', 'SHCB61258', '18', 'Đỗ Mai Hiền', '0343064307', 'lamai@gmail.com', 0, 0, '2006-01-04', '469b3ece-744a-45d5-957d-e8c757976496', '1990-01-01 00:01:28', 'J933V6869', '1990-01-01 00:00:47', 'Tandra Caballero'),
('7a9c0a69-479a-4ee6-ef1d-086412a8ea97', 'SHCB75715', '41', 'Trịnh Gia Khôi', '0320522621', 'nghiemtung@icloud.com', 0, 0, '2017-11-09', '17120d02-6ab5-3e43-18cb-66948daf6128', '2004-05-20 05:34:41', '9U52L3K30BU76IB', '1992-03-19 04:25:34', 'Sharonda Horner'),
('7ab946b4-73ce-5350-e0d2-89b22d10517e', 'SHCB99432', NULL, 'Ngô Khánh Duyên', NULL, NULL, 0, 1, '2000-01-03', '11452b0c-768e-5ff7-0d63-eeb1d8ed8cef', '1999-08-03 11:59:51', '01V296FWKTOU3IJ0B5L', '2007-08-14 07:15:39', 'Greg Mayberry'),
('7ad34860-1ac8-7ad7-d01d-086412a8ea97', 'SHCB56934', '58', 'Vương Minh Bắc', '0332383112', 'ninhhung@gmail.com', 0, 1, '2000-01-12', '59d19422-6657-452e-a7db-e5d54223c257', '1990-01-01 00:00:12', '3Z', '2000-02-13 02:10:00', 'Kevin Kim'),
('7b666cc3-1b67-6037-67f6-423b4e874d0f', 'SHCB04756', '50', 'Trần Thị Ngân', '0328781181', 'mackhoi@outlook.com', 0, 1, '2015-07-04', '7686595d-16d5-33b3-0080-e8e2a817c80e', '1990-03-31 04:16:19', 'N1IHZ8XTWX74BZUITE25A2L9I4W575S76PQ3D7850V58T1CULP6EXSK772BR04YN46XK91AZK07N0F9I4B075WKXH1P521GW27D2', '2004-09-08 08:20:53', 'Bridgette Conley'),
('7bc9331d-7764-5dd7-80f6-423b4e874d0f', 'SHCB24141', '45', 'Hoàng Thảo Phương', '0342219797', 'daothanh@gmail.com', 1, 1, '2013-02-09', '7686595d-16d5-33b3-0080-e8e2a817c80e', '2019-07-17 14:53:24', NULL, '2001-02-25 17:55:03', NULL),
('7bd9cf39-3f55-3a7b-0035-60b3ebf808a9', 'SHCB80091', '47', 'Phạm Thảo Mai', '0385374692', 'dongthanh@gmail.com', 1, 1, '2000-01-07', '469b3ece-744a-45d5-957d-e8c757976496', '1990-01-01 00:00:07', '72R45853DO6BGB8HME734', '2003-01-30 03:42:38', 'Cleotilde Gorman'),
('7c086898-6040-64ee-4777-d9ebc53aac3d', 'SHCB42418', NULL, 'Dương Mai Mai', NULL, NULL, 1, 0, '2000-07-09', '4e272fc4-7875-78d6-7d32-6a1673ffca7c', '2009-02-13 03:13:40', NULL, '1990-01-01 00:00:56', NULL),
('7c1ae6ac-6c72-7436-2dc2-579daad24557', 'SHCB65250', '48', 'Trương Gia Chính', '0308386847', NULL, 0, 0, '2009-07-08', '11452b0c-768e-5ff7-0d63-eeb1d8ed8cef', '2010-07-21 09:57:02', NULL, '1990-01-01 00:00:02', NULL),
('7c59ba0b-4768-4115-3477-d9ebc53aac3d', 'SHCB39342', '42', 'Triệu Khánh Hòa', '0358212987', 'dambao@icloud.com', 0, 0, '2012-12-20', '17120d02-6ab5-3e43-18cb-66948daf6128', '1990-01-01 01:50:26', 'SU', '1990-01-01 00:00:02', 'Eloy Nunez'),
('7c6c70d9-2ed5-49d8-81f6-423b4e874d0f', 'SHCB73620', '60', 'Vương Gia Trung', '0310572059', 'dantrung@gmail.com', 0, 0, '2003-10-14', '7686595d-16d5-33b3-0080-e8e2a817c80e', '1990-01-01 00:00:03', '49IB12U6U7N5UV266A9UGIGI8S9A22VB2D225428526254W12P37630JAIPO', '2006-04-30 06:12:39', 'Harmony Alarcon'),
('7c86746a-4284-356e-e11d-086412a8ea97', 'SHCB16418', '56', 'Bùi Thị  Tâm', '0367390178', 'dieuhoang@gmail.com', 1, 0, '2013-11-10', '11452b0c-768e-5ff7-0d63-eeb1d8ed8cef', '1990-01-01 01:18:20', '73923', '1990-01-01 02:11:39', 'Napoleon Almanza'),
('7c9b1a92-6272-7972-62c2-579daad24557', 'SHCB67673', '18', 'Dương Ngọc Liên', '0346502773', 'vuongtuan@icloud.com', 1, 0, '2006-12-30', '142cb08f-7c31-21fa-8e90-67245e8b283e', '2019-01-26 11:07:48', 'L8125LQZJ13I2J91R3XTKY8R8VD91P6NKO0088L9J4492957P98U1V2PE9FX59', '2020-01-17 08:10:37', 'Eugenie Bonilla'),
('7d7c8cbb-3c1b-7e12-6680-7ed9d1ea06ea', 'SHCB59237', '19', 'Lương Hoàng Hòa', '0350394336', 'nongbach@icloud.com', 0, 1, '2011-06-27', '7686595d-16d5-33b3-0080-e8e2a817c80e', '1993-10-12 02:04:41', '9J7S7PXI1D3L0I5', '2017-10-13 04:53:02', 'Reuben Mcelroy'),
('7d7eeed2-2d5b-7355-9c41-c1ec321fe728', 'SHCB45334', '29', 'Trịnh Khánh Ánh', '0319792348', 'dinhtuan@outlook.com', 0, 1, '2013-12-14', '11452b0c-768e-5ff7-0d63-eeb1d8ed8cef', '2001-04-11 16:50:59', 'A59P', '1999-02-27 20:15:09', 'Donnette Keck'),
('7d817578-2d6f-7bd4-9841-c1ec321fe728', 'SHCB29127', '60', 'Ngô Mai Tâm', '0331767214', NULL, 0, 1, '2004-05-21', '7686595d-16d5-33b3-0080-e8e2a817c80e', '2002-10-07 05:29:02', 'IW2B55M', '2016-07-28 07:24:12', 'Louis Harter'),
('7d879258-5ccb-11d6-e31d-086412a8ea97', 'SHCB70675', '36', 'Trương Khánh Linh', '0354078099', 'duytrang@icloud.com', 1, 0, '2003-10-09', '4577565a-7e3e-493a-74dd-867949feb8b5', '1991-12-27 09:01:42', '01LFS5KCH', '1990-01-01 00:00:11', 'Adolfo Gay'),
('7d93bad9-3e19-7622-92f6-423b4e874d0f', 'SHCB89961', '19', 'Dương Thị  Uyên', '0353094281', 'dantrung@outlook.com', 0, 1, '2003-08-17', '17120d02-6ab5-3e43-18cb-66948daf6128', '2000-12-04 15:10:45', '8472P285R50481W8GA8M14LAO6SM2E44278FROHT6LONF0O', '2001-12-20 08:39:04', 'Cesar Minter'),
('7dc15ff7-7a2b-68a9-9941-c1ec321fe728', 'SHCB87691', '54', 'Dương Khánh Bách', '0372371164', 'duylong@gmail.com', 1, 0, '2004-01-12', '768f8e64-7d10-20c9-967d-e8c757976496', '1990-01-01 00:12:38', 'QE1XPEESV73O63965C', '1990-01-01 00:00:32', 'Marvella Washington'),
('7e5515d8-20e7-769c-3d80-de64d090a2c2', 'SHCB32410', '49', 'Hoàng Bảo Nam', '0363520509', 'machung@gmail.com', 0, 1, '2017-02-08', '4577565a-7e3e-493a-74dd-867949feb8b5', '2010-08-28 02:20:12', '63SF6ZM9679SSM76FEH6G8CDSJ4HQ87X64N989321', '1999-03-13 07:10:14', 'Natacha Berryman'),
('7e61a689-2cd8-340e-2677-d9ebc53aac3d', 'SHCB90596', '38', 'Vương Minh Nam', '0353518663', 'antam@icloud.com', 0, 0, '2020-11-24', '142cb08f-7c31-21fa-8e90-67245e8b283e', '2009-05-27 21:04:11', 'XL3C1RWV49I9T14D24N3NJFN4W273', '1992-01-24 19:30:51', 'Birgit Christopher'),
('7eebdc34-6c41-1ab4-5735-0028ed526dd0', 'SHCB25205', '47', 'Bùi Thùy Nguyệt', '0301499197', 'trinhnguyet@outlook.com', 1, 1, '2006-09-28', '59d19422-6657-452e-a7db-e5d54223c257', '2002-01-14 23:00:18', '9R6JP4J83C16E97O96', '2014-03-31 16:59:02', 'Felton Hynes'),
('7eff3d36-4c83-5395-5e35-0028ed526dd0', 'SHCB37477', NULL, 'Triệu Đức Hoàng', NULL, NULL, 1, 0, '2000-08-10', '469b3ece-744a-45d5-957d-e8c757976496', '1994-02-11 20:51:13', 'F1TU0GPW260B', '2017-07-06 10:13:17', 'Maris Cain'),
('7f1b6c7c-2b74-3ebb-31c2-579daad24557', 'SHCB73448', '26', 'Hồ Gia Tùng', '0390325377', 'hoamai@icloud.com', 0, 0, '2008-04-24', '768f8e64-7d10-20c9-967d-e8c757976496', '1990-01-01 00:50:37', 'U392B2739L7C4B5AES', '2010-08-13 07:02:03', 'Sidney Hennessey'),
('7ffc8175-788c-17ff-f81d-086412a8ea97', 'SHCB77662', '57', 'Hoàng Ngọc Liên', '0320527864', 'hoalinh@icloud.com', 0, 1, '2008-04-29', '11452b0c-768e-5ff7-0d63-eeb1d8ed8cef', '1990-01-01 00:01:36', 'NA08E1BOV5X7I0R4', '1990-01-01 00:07:58', 'Magdalena Abernathy');

-- 
-- Dumping data for table employee_subject
--
INSERT INTO employee_subject VALUES
('1113bff9-7186-5b43-68be-406293204378', '4fe5ee09-2c89-580a-dc49-fe4bedd9e894', '1a1775e2-2a1b-1605-4080-de64d090a2c2'),
('118a2f72-155f-22a8-a10b-87ae14180c33', '73b4303a-1d86-4f9c-6710-dde5fda516a2', '2b941a5a-1297-627d-e5d2-89b22d10517e'),
('12437806-26ac-3517-9c0b-87ae14180c33', '541c96a6-4e24-27fe-6610-dde5fda516a2', '36ac2df8-2b1e-368f-cc1d-086412a8ea97'),
('1243e484-71c4-79ac-2bcf-9712082ff6cb', '3af97028-144d-3632-fe0b-72dcf4babcff', '57d19966-5428-4ce3-4a77-d9ebc53aac3d'),
('12596832-6652-2047-9ec0-08fd2f807219', '112f44cf-4800-2ee8-7f5b-5b97e23db0bb', '3a2d000a-5ea1-3197-dbd2-89b22d10517e'),
('12668a60-1dcb-5fa6-a809-bf1378b8dc91', '5eb78adb-60fd-65e0-c5fe-7f9a08424f7b', '57e65423-37f0-74b0-71f6-423b4e874d0f'),
('12ed36a1-1f48-34d5-97d5-ba100c6f7bce', '541c96a6-4e24-27fe-6610-dde5fda516a2', '27852fe9-2bc5-1399-3f80-de64d090a2c2'),
('13486c96-60ab-3b41-5229-a2925c0f334d', '3b880afd-77ba-69c9-6510-dde5fda516a2', NULL),
('135412a8-63c7-3426-1fcf-9712082ff6cb', '4f610a3d-21c1-4b2b-c4fe-7f9a08424f7b', '6d74b282-214c-565e-65c2-579daad24557'),
('13548f3b-37b7-728f-ff83-196123975cb2', '5eb78adb-60fd-65e0-c5fe-7f9a08424f7b', NULL),
('136bbe4b-6732-2f1a-bdc0-08fd2f807219', '541c96a6-4e24-27fe-6610-dde5fda516a2', '70ba64fc-21d0-6609-9d41-c1ec321fe728'),
('13b669bb-274d-4c97-cf20-39c2f00615e8', '3b880afd-77ba-69c9-6510-dde5fda516a2', '7d93bad9-3e19-7622-92f6-423b4e874d0f'),
('13c03ec5-5b3f-1a52-d320-39c2f00615e8', '5eb78adb-60fd-65e0-c5fe-7f9a08424f7b', '6b26072c-3dd5-2353-4377-d9ebc53aac3d'),
('14146ceb-2f77-385d-90d5-ba100c6f7bce', '2dc25166-685c-4bc3-dd49-fe4bedd9e894', '7e61a689-2cd8-340e-2677-d9ebc53aac3d'),
('141c1aaa-44cb-3109-acd5-ba100c6f7bce', '2dc25166-685c-4bc3-dd49-fe4bedd9e894', '432d76c5-6b3a-6bd2-7035-0028ed526dd0'),
('143ed23d-492d-7f1d-1784-196123975cb2', '2dc25166-685c-4bc3-dd49-fe4bedd9e894', '17f16893-6d79-4a46-b041-c1ec321fe728'),
('144edaf9-3dcb-1a64-0484-196123975cb2', '4fe5ee09-2c89-580a-dc49-fe4bedd9e894', '22732821-2015-1da3-4335-0028ed526dd0'),
('14701676-14a3-2e5e-cd20-39c2f00615e8', '3b880afd-77ba-69c9-6510-dde5fda516a2', '6349b25b-78e2-2d06-2780-de64d090a2c2'),
('148ed882-32b8-218e-9c20-39c2f00615e8', '61e3cc06-6237-222a-7e5b-5b97e23db0bb', '6b42bec6-7d3f-14bb-3380-de64d090a2c2'),
('149fb958-744f-70c6-7709-bf1378b8dc91', '4fe5ee09-2c89-580a-dc49-fe4bedd9e894', '15882a38-218c-7556-3280-de64d090a2c2'),
('14b9e7e2-459c-5148-b30b-87ae14180c33', '73b4303a-1d86-4f9c-6710-dde5fda516a2', '5dc832b0-169a-1395-37c2-579daad24557'),
('14c382be-46a2-2339-b4d5-ba100c6f7bce', '61e3cc06-6237-222a-7e5b-5b97e23db0bb', '3b9be541-2ef2-4000-4bc2-579daad24557'),
('14d72c8c-7ebd-4a10-9bd5-ba100c6f7bce', '2dc25166-685c-4bc3-dd49-fe4bedd9e894', '199db575-444b-2633-6880-7ed9d1ea06ea'),
('14ee7bc0-194c-3948-57be-406293204378', '4f610a3d-21c1-4b2b-c4fe-7f9a08424f7b', '73dc79e1-1ccb-35a6-0235-60b3ebf808a9'),
('151397f1-5101-7c37-a0c0-08fd2f807219', '61e3cc06-6237-222a-7e5b-5b97e23db0bb', '60fa924e-77de-55f3-2377-d9ebc53aac3d'),
('1544fc60-377c-2ba8-a909-bf1378b8dc91', '5eb78adb-60fd-65e0-c5fe-7f9a08424f7b', '1b05fdba-145b-7ab0-8d41-c1ec321fe728'),
('1562f783-4a26-5045-d20b-87ae14180c33', '3cac9e93-6ba9-5ebf-1cb3-db767732063a', '323e9a2a-289d-273d-2535-60b3ebf808a9'),
('1582e3f6-6c6a-3c61-a4c0-08fd2f807219', '2dc25166-685c-4bc3-dd49-fe4bedd9e894', '50253399-32d6-3154-5535-0028ed526dd0'),
('159f6ad8-1efb-2a12-9cd5-ba100c6f7bce', '73b4303a-1d86-4f9c-6710-dde5fda516a2', '32d0d11c-7c72-5daa-9f41-c1ec321fe728'),
('159f7660-5dcd-73d1-5e29-a2925c0f334d', '3b880afd-77ba-69c9-6510-dde5fda516a2', '39f3c493-4680-145e-42c2-579daad24557'),
('15cb3909-1246-2add-33de-23e177779933', '541c96a6-4e24-27fe-6610-dde5fda516a2', '3e51a46c-4153-229c-7f41-c1ec321fe728'),
('15d0d796-1465-4665-fc83-196123975cb2', '3b880afd-77ba-69c9-6510-dde5fda516a2', '329b5332-34e3-1ae4-6ef6-423b4e874d0f'),
('162d5d1a-66c5-228d-0984-196123975cb2', '73b4303a-1d86-4f9c-6710-dde5fda516a2', '22e1c5f6-3888-6d33-6435-0028ed526dd0'),
('16417d9b-70f9-6f9f-be0b-87ae14180c33', '541c96a6-4e24-27fe-6610-dde5fda516a2', '1a5e12b6-47bc-2bc1-7380-7ed9d1ea06ea'),
('1681d5da-15b3-13ba-9b09-bf1378b8dc91', '541c96a6-4e24-27fe-6610-dde5fda516a2', '197fda97-5a35-781d-0e77-d9ebc53aac3d'),
('16e6af4d-26b7-1a41-aac0-08fd2f807219', '791677d3-77fe-14fe-34fe-59285cca9f53', '6e1ed17d-2114-41fc-9e41-c1ec321fe728'),
('1721e531-5a6d-7251-ac0b-87ae14180c33', '4fe5ee09-2c89-580a-dc49-fe4bedd9e894', NULL),
('172c6b1e-53a7-1d99-6ebe-406293204378', '5eb78adb-60fd-65e0-c5fe-7f9a08424f7b', '151fd6bf-23e6-1487-ec1d-086412a8ea97'),
('1750bd2b-2ae8-6121-8cbe-406293204378', '4fe5ee09-2c89-580a-dc49-fe4bedd9e894', NULL),
('17651d6c-67d3-263b-a9c0-08fd2f807219', '3af97028-144d-3632-fe0b-72dcf4babcff', '17f16893-6d79-4a46-b041-c1ec321fe728'),
('178cec0e-34f9-31b2-76be-406293204378', '4f610a3d-21c1-4b2b-c4fe-7f9a08424f7b', '285d6b44-3b0c-4697-e01d-086412a8ea97'),
('1791bb94-7da7-2a8b-8dd5-ba100c6f7bce', '5eb78adb-60fd-65e0-c5fe-7f9a08424f7b', '231ea7f8-1468-6e29-5235-0028ed526dd0'),
('179799db-6b13-2fc2-8e09-bf1378b8dc91', '61e3cc06-6237-222a-7e5b-5b97e23db0bb', '39bd677c-589e-4690-4677-d9ebc53aac3d'),
('180acfab-7f3d-6000-5a29-a2925c0f334d', '73b4303a-1d86-4f9c-6710-dde5fda516a2', '224d0e4c-6e50-468c-fe1d-086412a8ea97'),
('18285e84-56f2-50ef-5429-a2925c0f334d', '3af97028-144d-3632-fe0b-72dcf4babcff', '383760d5-6851-218b-4835-0028ed526dd0'),
('182ac03d-3bc5-1d27-7309-bf1378b8dc91', '2dc25166-685c-4bc3-dd49-fe4bedd9e894', '7b666cc3-1b67-6037-67f6-423b4e874d0f'),
('184d1ec3-7c8a-71f9-99d5-ba100c6f7bce', '7461553a-1f2b-56a6-e8c0-f32a102323e6', '7a60ae7d-1270-7f48-2435-60b3ebf808a9'),
('1873592d-62c0-6ef7-5329-a2925c0f334d', '7461553a-1f2b-56a6-e8c0-f32a102323e6', '2efc0ff3-37c0-286f-bbd2-89b22d10517e'),
('1881d488-2966-3ebd-bf0b-87ae14180c33', '4f610a3d-21c1-4b2b-c4fe-7f9a08424f7b', '31629133-61f6-7765-1535-60b3ebf808a9'),
('1883b3da-1690-6d82-8f09-bf1378b8dc91', '112f44cf-4800-2ee8-7f5b-5b97e23db0bb', NULL),
('188ce257-2be5-5e5d-1b84-196123975cb2', '541c96a6-4e24-27fe-6610-dde5fda516a2', '7a3fbd10-76db-716b-48c2-579daad24557'),
('18b097ad-30aa-66c1-7909-bf1378b8dc91', '3b880afd-77ba-69c9-6510-dde5fda516a2', '5d1892e7-6a64-7bb6-8580-7ed9d1ea06ea'),
('19d3caa4-564a-1b26-4f29-a2925c0f334d', '73b4303a-1d86-4f9c-6710-dde5fda516a2', '4f6e3234-1da4-7273-c7d2-89b22d10517e'),
('19e1cfe2-1171-5240-91be-406293204378', '7461553a-1f2b-56a6-e8c0-f32a102323e6', '6b45cb9f-6de5-7a17-2d77-d9ebc53aac3d'),
('1a5cd2db-7c90-4485-9309-bf1378b8dc91', '3af97028-144d-3632-fe0b-72dcf4babcff', '75ec2fe2-5965-48e6-9141-c1ec321fe728'),
('1a686bd8-6b62-79a7-6d29-a2925c0f334d', '73b4303a-1d86-4f9c-6710-dde5fda516a2', '79e76e01-3ab3-7df1-4980-de64d090a2c2'),
('1a84b3ec-572c-7e97-34cf-9712082ff6cb', '7461553a-1f2b-56a6-e8c0-f32a102323e6', '248d8b12-75d2-2c81-af41-c1ec321fe728'),
('1ad40580-299d-19a7-3fde-23e177779933', '73b4303a-1d86-4f9c-6710-dde5fda516a2', '5fab4ff7-1b8e-64d0-1880-de64d090a2c2'),
('1af4b64c-46a1-4e70-abd5-ba100c6f7bce', '4fe5ee09-2c89-580a-dc49-fe4bedd9e894', '5390f963-6023-37c3-5ac2-579daad24557'),
('1b691e79-236d-5b5a-9d20-39c2f00615e8', '3b880afd-77ba-69c9-6510-dde5fda516a2', '79dadd0d-69fa-5e30-35c2-579daad24557'),
('1b926cb1-7159-5a35-2284-196123975cb2', '5eb78adb-60fd-65e0-c5fe-7f9a08424f7b', '322105dd-142f-392d-2fc2-579daad24557'),
('1c0002bd-6932-7f54-87be-406293204378', '73b4303a-1d86-4f9c-6710-dde5fda516a2', '2767c0cb-250d-4ac9-99f6-423b4e874d0f'),
('1c084cdb-6adc-45b2-6829-a2925c0f334d', '3b880afd-77ba-69c9-6510-dde5fda516a2', '32e3be81-3548-6f8f-6380-7ed9d1ea06ea'),
('1c0ea196-11d9-2384-46de-23e177779933', '3af97028-144d-3632-fe0b-72dcf4babcff', '3cc7be2d-6406-4b95-3cc2-579daad24557'),
('1c142e9d-5b5b-7f1f-6329-a2925c0f334d', '2dc25166-685c-4bc3-dd49-fe4bedd9e894', '7d93bad9-3e19-7622-92f6-423b4e874d0f'),
('1c2ed240-208c-1e08-1e84-196123975cb2', '5eb78adb-60fd-65e0-c5fe-7f9a08424f7b', '188ea19d-5d0a-5e5d-e6d2-89b22d10517e'),
('1cf36912-4cde-645e-4bde-23e177779933', '3af97028-144d-3632-fe0b-72dcf4babcff', '480ad2ca-2d7e-6977-4077-d9ebc53aac3d'),
('1d170051-373a-7d1b-c70b-87ae14180c33', '112f44cf-4800-2ee8-7f5b-5b97e23db0bb', '26cf1651-7aed-7c9d-6035-0028ed526dd0'),
('1d3986c3-11ae-3e82-85c0-08fd2f807219', '73b4303a-1d86-4f9c-6710-dde5fda516a2', '3dedab0b-2af0-6b4e-a041-c1ec321fe728'),
('1d974e92-2a73-4659-5fbe-406293204378', '3b880afd-77ba-69c9-6510-dde5fda516a2', '517035f8-43a9-4c59-72f6-423b4e874d0f'),
('1de4a887-20fc-7c3b-a3c0-08fd2f807219', '5eb78adb-60fd-65e0-c5fe-7f9a08424f7b', '79b32897-3f8e-5ff4-5cc2-579daad24557'),
('1e29c542-713b-1890-b120-39c2f00615e8', '4f610a3d-21c1-4b2b-c4fe-7f9a08424f7b', '65021ba0-6550-730a-f11d-086412a8ea97'),
('1e5a3056-4202-3a07-24cf-9712082ff6cb', '7461553a-1f2b-56a6-e8c0-f32a102323e6', '5f03d745-7702-1c85-2bc2-579daad24557'),
('1e6ebe17-545a-2bef-45de-23e177779933', '541c96a6-4e24-27fe-6610-dde5fda516a2', '6c5b9fe7-14c9-3bb5-b4d2-89b22d10517e'),
('1e86ddc6-7529-7c86-a3d5-ba100c6f7bce', '5eb78adb-60fd-65e0-c5fe-7f9a08424f7b', NULL),
('1f021c19-7c7c-3ed2-a609-bf1378b8dc91', '7461553a-1f2b-56a6-e8c0-f32a102323e6', '3925af30-4d16-2b1f-93f6-423b4e874d0f'),
('1f2c296d-7b84-3b2d-2784-196123975cb2', '3cac9e93-6ba9-5ebf-1cb3-db767732063a', '1f8f0fbf-1f52-3ca3-55c2-579daad24557'),
('1f35a25e-29c0-65c5-64be-406293204378', '4f610a3d-21c1-4b2b-c4fe-7f9a08424f7b', '15acfdfd-12d7-52f6-2777-d9ebc53aac3d'),
('1f94a596-32c4-2a29-8ad5-ba100c6f7bce', '3b880afd-77ba-69c9-6510-dde5fda516a2', '47576606-508c-670b-ed1d-086412a8ea97'),
('1fd43063-1155-5f39-1dcf-9712082ff6cb', '541c96a6-4e24-27fe-6610-dde5fda516a2', '42b9446a-790b-3892-2ac2-579daad24557'),
('1fdc2ec4-5633-6f3c-73be-406293204378', '7461553a-1f2b-56a6-e8c0-f32a102323e6', NULL),
('201328e5-6594-725d-8ed5-ba100c6f7bce', '5eb78adb-60fd-65e0-c5fe-7f9a08424f7b', '129d7247-1da3-5f84-f91d-086412a8ea97'),
('2049e1ad-705f-4921-1084-196123975cb2', '2dc25166-685c-4bc3-dd49-fe4bedd9e894', '5db1da95-4fee-6fde-4180-de64d090a2c2'),
('204c0070-4a99-51b1-7209-bf1378b8dc91', '4fe5ee09-2c89-580a-dc49-fe4bedd9e894', '344bfdb0-4b01-6699-ab41-c1ec321fe728'),
('205570c6-54d6-6f01-2084-196123975cb2', '3af97028-144d-3632-fe0b-72dcf4babcff', '4c42e235-3098-1375-f31d-086412a8ea97'),
('20578f64-7427-345f-75be-406293204378', '541c96a6-4e24-27fe-6610-dde5fda516a2', '58e51377-17af-4bb8-fc1d-086412a8ea97'),
('205ea715-6eaf-2ba3-48de-23e177779933', '4fe5ee09-2c89-580a-dc49-fe4bedd9e894', '757dd903-7b3b-790f-6935-0028ed526dd0'),
('2068720a-6284-3ff0-a0d5-ba100c6f7bce', '4fe5ee09-2c89-580a-dc49-fe4bedd9e894', NULL),
('2085833e-5d6e-1fa2-c90b-87ae14180c33', '112f44cf-4800-2ee8-7f5b-5b97e23db0bb', NULL),
('20bbbd0b-3c4a-7d94-6f09-bf1378b8dc91', '61e3cc06-6237-222a-7e5b-5b97e23db0bb', '6c3c5faa-7f24-5ca3-ad41-c1ec321fe728'),
('20f2b345-128d-5db0-2684-196123975cb2', '5eb78adb-60fd-65e0-c5fe-7f9a08424f7b', '7a3fbd10-76db-716b-48c2-579daad24557'),
('21443ed2-2921-5e70-80be-406293204378', '7461553a-1f2b-56a6-e8c0-f32a102323e6', '2c3863b6-1318-357f-d4d2-89b22d10517e'),
('2163a368-45fd-5130-2984-196123975cb2', '112f44cf-4800-2ee8-7f5b-5b97e23db0bb', '2afb2146-430d-394b-3d35-0028ed526dd0'),
('219c1db1-5f3d-2c98-72be-406293204378', '3b880afd-77ba-69c9-6510-dde5fda516a2', '21ae5078-5e68-3790-6af6-423b4e874d0f'),
('21e493d8-5f8e-64f1-c020-39c2f00615e8', '4fe5ee09-2c89-580a-dc49-fe4bedd9e894', '231ea7f8-1468-6e29-5235-0028ed526dd0'),
('21f8b1fd-50dc-1282-c50b-87ae14180c33', '541c96a6-4e24-27fe-6610-dde5fda516a2', NULL),
('2243a6fe-721d-6d6e-b20b-87ae14180c33', '3af97028-144d-3632-fe0b-72dcf4babcff', NULL),
('226c1496-44be-1aa1-a309-bf1378b8dc91', '4f610a3d-21c1-4b2b-c4fe-7f9a08424f7b', '42a13e31-2abb-6171-dc1d-086412a8ea97'),
('22b46f5b-19ce-529f-0284-196123975cb2', '791677d3-77fe-14fe-34fe-59285cca9f53', '183d7fea-247d-172e-3677-d9ebc53aac3d'),
('22f0ee67-71a9-39fb-c920-39c2f00615e8', '5eb78adb-60fd-65e0-c5fe-7f9a08424f7b', '6eff6332-24fb-3f22-2335-60b3ebf808a9'),
('22f29725-54f0-11f0-9d0b-87ae14180c33', '7461553a-1f2b-56a6-e8c0-f32a102323e6', '763b23fb-3d10-6e05-eb1d-086412a8ea97'),
('234d2569-6b1c-720c-9f20-39c2f00615e8', '541c96a6-4e24-27fe-6610-dde5fda516a2', '1c903ec2-2941-7cc6-dcd2-89b22d10517e'),
('23f8fac4-7a52-2938-29cf-9712082ff6cb', '5eb78adb-60fd-65e0-c5fe-7f9a08424f7b', NULL),
('243df0da-6a05-131c-99c0-08fd2f807219', '4fe5ee09-2c89-580a-dc49-fe4bedd9e894', '1bcadda9-15da-3352-4477-d9ebc53aac3d'),
('24424793-1be2-6049-8809-bf1378b8dc91', '3af97028-144d-3632-fe0b-72dcf4babcff', '7c1ae6ac-6c72-7436-2dc2-579daad24557'),
('2484d5ca-483f-7f3b-25cf-9712082ff6cb', '112f44cf-4800-2ee8-7f5b-5b97e23db0bb', '72b3a7fb-5af1-655b-5fc2-579daad24557'),
('24a2a2af-7ace-3f2d-0d84-196123975cb2', '73b4303a-1d86-4f9c-6710-dde5fda516a2', '18baaac1-2b18-2317-b9d2-89b22d10517e'),
('24e6ddc4-2a9e-5526-8abe-406293204378', '541c96a6-4e24-27fe-6610-dde5fda516a2', '257f267d-1259-4c3b-2e80-de64d090a2c2'),
('2520d168-1494-4217-89d5-ba100c6f7bce', '112f44cf-4800-2ee8-7f5b-5b97e23db0bb', '2964c159-5671-2d36-7b80-7ed9d1ea06ea'),
('2535c718-4dd9-311b-8cd5-ba100c6f7bce', '73b4303a-1d86-4f9c-6710-dde5fda516a2', '3d9b23c7-7369-2872-5635-0028ed526dd0'),
('25502e11-38ba-4c53-fe83-196123975cb2', '73b4303a-1d86-4f9c-6710-dde5fda516a2', '1bd700df-4b1c-4b0b-2d35-60b3ebf808a9'),
('25c05a16-5c5b-3c9d-94c0-08fd2f807219', '3b880afd-77ba-69c9-6510-dde5fda516a2', '4756a513-5900-5b67-1f35-60b3ebf808a9'),
('25c6c36e-1668-7d10-6e09-bf1378b8dc91', NULL, '4d65a4a5-6f4c-6c5e-d7d2-89b22d10517e'),
('25f32141-350c-72c4-b1d5-ba100c6f7bce', '541c96a6-4e24-27fe-6610-dde5fda516a2', '3dedab0b-2af0-6b4e-a041-c1ec321fe728'),
('2656271b-5fe7-7cb6-af0b-87ae14180c33', '2dc25166-685c-4bc3-dd49-fe4bedd9e894', NULL),
('26a86dc3-65cc-3ab3-d50b-87ae14180c33', '112f44cf-4800-2ee8-7f5b-5b97e23db0bb', '6cd9a4b7-47b6-4f17-8ef6-423b4e874d0f'),
('26d255b1-6acc-4dfb-b6d5-ba100c6f7bce', '2dc25166-685c-4bc3-dd49-fe4bedd9e894', '2bd27090-2727-2b8e-2f80-de64d090a2c2'),
('26d92d8f-2b3a-2643-38cf-9712082ff6cb', '791677d3-77fe-14fe-34fe-59285cca9f53', '1f88699a-3e19-718a-d81d-086412a8ea97'),
('26de5798-48e1-14d3-9f0b-87ae14180c33', '61e3cc06-6237-222a-7e5b-5b97e23db0bb', '197fda97-5a35-781d-0e77-d9ebc53aac3d'),
('2741524d-3800-658f-6fbe-406293204378', '112f44cf-4800-2ee8-7f5b-5b97e23db0bb', '6c3c5faa-7f24-5ca3-ad41-c1ec321fe728'),
('2759d946-7321-7e3a-71be-406293204378', '3af97028-144d-3632-fe0b-72dcf4babcff', '285d6b44-3b0c-4697-e01d-086412a8ea97'),
('2790adc9-1a25-5596-a509-bf1378b8dc91', '7461553a-1f2b-56a6-e8c0-f32a102323e6', '566cfceb-4e8e-112c-4580-de64d090a2c2'),
('27dfb27b-28e5-3ac9-27cf-9712082ff6cb', '3b880afd-77ba-69c9-6510-dde5fda516a2', '5dc832b0-169a-1395-37c2-579daad24557'),
('27e65c52-6c08-2ee0-0f84-196123975cb2', '791677d3-77fe-14fe-34fe-59285cca9f53', '329b5332-34e3-1ae4-6ef6-423b4e874d0f'),
('28018b36-16ff-393b-a020-39c2f00615e8', '541c96a6-4e24-27fe-6610-dde5fda516a2', '281af570-5697-2b8d-6b80-7ed9d1ea06ea'),
('28955144-6588-500f-0684-196123975cb2', '3cac9e93-6ba9-5ebf-1cb3-db767732063a', '74a9a645-419f-545f-7180-7ed9d1ea06ea'),
('28bb5b3f-5c7f-5bca-a820-39c2f00615e8', '791677d3-77fe-14fe-34fe-59285cca9f53', '46421cb1-7414-1d61-2c80-de64d090a2c2'),
('28fb90d1-3ce1-7662-33cf-9712082ff6cb', '541c96a6-4e24-27fe-6610-dde5fda516a2', '535ddd98-1493-7909-1e80-de64d090a2c2'),
('2909a81f-45ba-7e82-3ade-23e177779933', '7461553a-1f2b-56a6-e8c0-f32a102323e6', '35992438-457c-3b07-1935-60b3ebf808a9'),
('290e436b-5093-6385-a2d5-ba100c6f7bce', '3cac9e93-6ba9-5ebf-1cb3-db767732063a', '488526e3-42cc-4255-aa41-c1ec321fe728'),
('2915c579-282a-66d4-94d5-ba100c6f7bce', '4fe5ee09-2c89-580a-dc49-fe4bedd9e894', '464cab51-7f72-16a0-51c2-579daad24557'),
('2917e651-61f8-7f1a-a20b-87ae14180c33', '73b4303a-1d86-4f9c-6710-dde5fda516a2', '2c3863b6-1318-357f-d4d2-89b22d10517e'),
('29561a7b-1b04-26b0-46cf-9712082ff6cb', '3af97028-144d-3632-fe0b-72dcf4babcff', '36ac2df8-2b1e-368f-cc1d-086412a8ea97'),
('29d4382d-1c22-35f0-89be-406293204378', '5eb78adb-60fd-65e0-c5fe-7f9a08424f7b', '5f03d543-51ef-39c0-5c35-0028ed526dd0'),
('29d9991f-145f-3468-89c0-08fd2f807219', '541c96a6-4e24-27fe-6610-dde5fda516a2', '7900cb82-60ea-2f13-4680-de64d090a2c2'),
('29f6cf1f-2c9d-3d6e-d10b-87ae14180c33', '2dc25166-685c-4bc3-dd49-fe4bedd9e894', '409dcd1a-426a-23f7-3a35-0028ed526dd0'),
('2a283179-7e61-2aa8-b8d5-ba100c6f7bce', '2dc25166-685c-4bc3-dd49-fe4bedd9e894', NULL),
('2a83a1e9-56af-757e-45cf-9712082ff6cb', '3cac9e93-6ba9-5ebf-1cb3-db767732063a', '341706d9-627c-345d-e91d-086412a8ea97'),
('2af0c7d2-1130-5adf-0a84-196123975cb2', '3b880afd-77ba-69c9-6510-dde5fda516a2', '2a5fb073-323d-114a-7980-7ed9d1ea06ea'),
('2baca622-3323-16da-a5c0-08fd2f807219', '73b4303a-1d86-4f9c-6710-dde5fda516a2', '3045ede0-4b2b-73eb-64c2-579daad24557'),
('2c6981c9-286a-4e7b-88c0-08fd2f807219', '61e3cc06-6237-222a-7e5b-5b97e23db0bb', '1bd700df-4b1c-4b0b-2d35-60b3ebf808a9'),
('2cb68186-3146-1dce-44cf-9712082ff6cb', '3b880afd-77ba-69c9-6510-dde5fda516a2', '5d116bf3-28ac-3a5c-e1d2-89b22d10517e'),
('2cc5723c-56c3-7df9-8bd5-ba100c6f7bce', '3b880afd-77ba-69c9-6510-dde5fda516a2', '2356a2d8-7751-6f97-66f6-423b4e874d0f'),
('2cce1b43-4946-7962-2184-196123975cb2', '3cac9e93-6ba9-5ebf-1cb3-db767732063a', '6a763a51-4322-5c5a-b5d2-89b22d10517e'),
('2cd8073c-6e3a-2a43-40cf-9712082ff6cb', '112f44cf-4800-2ee8-7f5b-5b97e23db0bb', '56aaf263-3355-23ea-b8d2-89b22d10517e'),
('2cf03d7e-662a-2fb4-5529-a2925c0f334d', '4f610a3d-21c1-4b2b-c4fe-7f9a08424f7b', NULL),
('2d623a73-55f1-27ac-7029-a2925c0f334d', '61e3cc06-6237-222a-7e5b-5b97e23db0bb', '22855139-75a6-5c36-a341-c1ec321fe728'),
('2d949f40-326c-3be7-6c29-a2925c0f334d', '791677d3-77fe-14fe-34fe-59285cca9f53', '7ffc8175-788c-17ff-f81d-086412a8ea97'),
('2db81dce-1ccb-6a8b-bed5-ba100c6f7bce', '7461553a-1f2b-56a6-e8c0-f32a102323e6', '373aae71-7e6b-6eff-c6d2-89b22d10517e'),
('2e2ef796-5c4c-6016-5829-a2925c0f334d', '7461553a-1f2b-56a6-e8c0-f32a102323e6', NULL),
('2e4b91be-7bf0-7f02-9e09-bf1378b8dc91', '2dc25166-685c-4bc3-dd49-fe4bedd9e894', '5957cf32-7c84-1987-1635-60b3ebf808a9'),
('2e79ad01-48ca-2a72-7529-a2925c0f334d', '112f44cf-4800-2ee8-7f5b-5b97e23db0bb', '7a1114ad-76c4-3734-1f77-d9ebc53aac3d'),
('2e7dfaba-7b0c-7cdd-59de-23e177779933', '5eb78adb-60fd-65e0-c5fe-7f9a08424f7b', '6a763a51-4322-5c5a-b5d2-89b22d10517e'),
('2ea8deee-1b95-2a51-88d5-ba100c6f7bce', '791677d3-77fe-14fe-34fe-59285cca9f53', NULL),
('2ebb705b-1b48-1e96-1c84-196123975cb2', '3b880afd-77ba-69c9-6510-dde5fda516a2', '58afd6b5-2205-64f6-9341-c1ec321fe728'),
('2ec23cc6-5fa8-2d85-2384-196123975cb2', '112f44cf-4800-2ee8-7f5b-5b97e23db0bb', '77cb6cf2-4da8-2067-5b35-0028ed526dd0'),
('2ed527c3-5671-6822-3ede-23e177779933', '4fe5ee09-2c89-580a-dc49-fe4bedd9e894', '35a11d1c-179b-2015-3a80-de64d090a2c2'),
('2f02358f-43c9-2a32-4ede-23e177779933', '3af97028-144d-3632-fe0b-72dcf4babcff', '1e5e96fa-5d7a-599d-27c2-579daad24557'),
('2f0df649-5c56-5086-a7d5-ba100c6f7bce', '791677d3-77fe-14fe-34fe-59285cca9f53', '2bd27090-2727-2b8e-2f80-de64d090a2c2'),
('2f1bb24d-2508-4fdf-b920-39c2f00615e8', '541c96a6-4e24-27fe-6610-dde5fda516a2', '12693b29-274c-35ce-d11d-086412a8ea97'),
('2f61278f-2126-1a03-c40b-87ae14180c33', '73b4303a-1d86-4f9c-6710-dde5fda516a2', NULL),
('2f68dde4-4b39-40e9-6029-a2925c0f334d', '3af97028-144d-3632-fe0b-72dcf4babcff', '5cc3ee79-4ebb-3108-95f6-423b4e874d0f'),
('2fc71502-5db4-5a0f-41de-23e177779933', '3af97028-144d-3632-fe0b-72dcf4babcff', '2a5fb073-323d-114a-7980-7ed9d1ea06ea'),
('2fc95ef2-76d5-6d3e-d120-39c2f00615e8', '5eb78adb-60fd-65e0-c5fe-7f9a08424f7b', '619ecbc4-37bc-19ea-6ff6-423b4e874d0f'),
('305174e6-1900-371f-a920-39c2f00615e8', '4f610a3d-21c1-4b2b-c4fe-7f9a08424f7b', '1bcadda9-15da-3352-4477-d9ebc53aac3d'),
('305f42df-55c9-6b02-a409-bf1378b8dc91', '5eb78adb-60fd-65e0-c5fe-7f9a08424f7b', '41c33bf8-1392-530c-2135-60b3ebf808a9'),
('309122bc-1a1b-5fdb-66be-406293204378', '3af97028-144d-3632-fe0b-72dcf4babcff', NULL),
('30a8110e-5c72-1582-ca0b-87ae14180c33', '4f610a3d-21c1-4b2b-c4fe-7f9a08424f7b', '7f1b6c7c-2b74-3ebb-31c2-579daad24557'),
('30addaca-403b-28fe-8909-bf1378b8dc91', '541c96a6-4e24-27fe-6610-dde5fda516a2', '74a9a645-419f-545f-7180-7ed9d1ea06ea'),
('30d52de4-772c-4611-6429-a2925c0f334d', '73b4303a-1d86-4f9c-6710-dde5fda516a2', '1a7000fc-53a9-670b-1b35-60b3ebf808a9'),
('30dc6f2d-47e8-55b6-c80b-87ae14180c33', '112f44cf-4800-2ee8-7f5b-5b97e23db0bb', '2fde0921-432c-64c5-0935-60b3ebf808a9'),
('30fcf47b-4a86-2c08-a1c0-08fd2f807219', '4fe5ee09-2c89-580a-dc49-fe4bedd9e894', NULL),
('3112d5f4-1190-69d8-8dc0-08fd2f807219', '4f610a3d-21c1-4b2b-c4fe-7f9a08424f7b', NULL),
('316b27a6-183b-7c00-a1d5-ba100c6f7bce', '112f44cf-4800-2ee8-7f5b-5b97e23db0bb', '5eaa6527-768d-3ae7-1977-d9ebc53aac3d'),
('3185902b-262d-1cc9-a6d5-ba100c6f7bce', '3b880afd-77ba-69c9-6510-dde5fda516a2', '68c6083a-3e64-63ed-49c2-579daad24557'),
('3188dea0-2d09-1685-98c0-08fd2f807219', '7461553a-1f2b-56a6-e8c0-f32a102323e6', '256c7bfd-6225-4caa-3077-d9ebc53aac3d'),
('31b27f27-3dbe-42cc-39cf-9712082ff6cb', '541c96a6-4e24-27fe-6610-dde5fda516a2', '46421cb1-7414-1d61-2c80-de64d090a2c2'),
('31b29d81-6119-1cab-b80b-87ae14180c33', '7461553a-1f2b-56a6-e8c0-f32a102323e6', '506acf1e-5331-67a9-0d77-d9ebc53aac3d'),
('31b60dda-4864-79cd-9bc0-08fd2f807219', '112f44cf-4800-2ee8-7f5b-5b97e23db0bb', '18baaac1-2b18-2317-b9d2-89b22d10517e'),
('31db6c80-5924-7324-ba0b-87ae14180c33', '4fe5ee09-2c89-580a-dc49-fe4bedd9e894', '40160288-72cf-185c-c8d2-89b22d10517e'),
('321c07ee-5c22-7257-a4d5-ba100c6f7bce', '3b880afd-77ba-69c9-6510-dde5fda516a2', '3e51a46c-4153-229c-7f41-c1ec321fe728'),
('327445c5-3bf8-76c3-b8c0-08fd2f807219', '61e3cc06-6237-222a-7e5b-5b97e23db0bb', '1e5e96fa-5d7a-599d-27c2-579daad24557'),
('3275f353-43de-785b-2d84-196123975cb2', '4f610a3d-21c1-4b2b-c4fe-7f9a08424f7b', '6d74b282-214c-565e-65c2-579daad24557'),
('329a24d4-457f-16a2-bcd5-ba100c6f7bce', '3b880afd-77ba-69c9-6510-dde5fda516a2', '7c59ba0b-4768-4115-3477-d9ebc53aac3d'),
('32b9eefc-7f6b-2999-b1c0-08fd2f807219', '5eb78adb-60fd-65e0-c5fe-7f9a08424f7b', '124cf514-442e-23dd-3880-de64d090a2c2'),
('32fd979f-5f69-516b-a209-bf1378b8dc91', '4fe5ee09-2c89-580a-dc49-fe4bedd9e894', '53a94363-7679-3c29-59c2-579daad24557'),
('339a1998-16b6-36b5-b320-39c2f00615e8', '3af97028-144d-3632-fe0b-72dcf4babcff', '2872c174-68d3-29c1-4935-0028ed526dd0'),
('33f95387-5dbf-570e-bf20-39c2f00615e8', '3b880afd-77ba-69c9-6510-dde5fda516a2', '65021ba0-6550-730a-f11d-086412a8ea97'),
('3403c499-2611-2461-9809-bf1378b8dc91', '5eb78adb-60fd-65e0-c5fe-7f9a08424f7b', NULL),
('34811f36-3996-69fc-39de-23e177779933', '541c96a6-4e24-27fe-6610-dde5fda516a2', '7c86746a-4284-356e-e11d-086412a8ea97'),
('34b9e329-218a-66bc-2884-196123975cb2', '541c96a6-4e24-27fe-6610-dde5fda516a2', '156bb711-53c6-12ee-5d80-7ed9d1ea06ea'),
('34d91bf1-5e45-246b-bac0-08fd2f807219', '73b4303a-1d86-4f9c-6710-dde5fda516a2', '6b26072c-3dd5-2353-4377-d9ebc53aac3d'),
('352cc148-2ade-1759-7dbe-406293204378', '5eb78adb-60fd-65e0-c5fe-7f9a08424f7b', '363b67cb-40ae-552d-2b77-d9ebc53aac3d'),
('354f1b13-17bf-1b52-87d5-ba100c6f7bce', '2dc25166-685c-4bc3-dd49-fe4bedd9e894', NULL),
('357d7c4e-4b7f-11c2-84c0-08fd2f807219', '7461553a-1f2b-56a6-e8c0-f32a102323e6', NULL),
('35a9fa15-1e85-7c01-0384-196123975cb2', '4f610a3d-21c1-4b2b-c4fe-7f9a08424f7b', '6a797723-324b-6c4c-7080-7ed9d1ea06ea'),
('360c3e0f-5235-1165-93c0-08fd2f807219', '4f610a3d-21c1-4b2b-c4fe-7f9a08424f7b', '6ec68a82-7ea5-2028-a541-c1ec321fe728'),
('36104b10-705b-57a8-83c0-08fd2f807219', '7461553a-1f2b-56a6-e8c0-f32a102323e6', '1a7000fc-53a9-670b-1b35-60b3ebf808a9'),
('36134ff2-25de-148e-3bde-23e177779933', '73b4303a-1d86-4f9c-6710-dde5fda516a2', '678732d9-6f0c-3bf8-6b35-0028ed526dd0'),
('361ca472-1312-3c9f-a60b-87ae14180c33', '112f44cf-4800-2ee8-7f5b-5b97e23db0bb', '4989ff24-23e7-7b82-b6d2-89b22d10517e'),
('365867e1-2d6d-2997-9509-bf1378b8dc91', '112f44cf-4800-2ee8-7f5b-5b97e23db0bb', '39f3c493-4680-145e-42c2-579daad24557'),
('3663e7b2-4bb1-7a67-b020-39c2f00615e8', '3cac9e93-6ba9-5ebf-1cb3-db767732063a', '5dc832b0-169a-1395-37c2-579daad24557'),
('367a4775-7222-17b9-bbd5-ba100c6f7bce', '7461553a-1f2b-56a6-e8c0-f32a102323e6', '5de704c2-573f-1a71-1a80-de64d090a2c2'),
('36902554-2a9f-4729-37cf-9712082ff6cb', '3af97028-144d-3632-fe0b-72dcf4babcff', '3d1266d8-49d7-3605-2477-d9ebc53aac3d'),
('369cfaf1-312b-2ee7-7729-a2925c0f334d', '2dc25166-685c-4bc3-dd49-fe4bedd9e894', '4c14bdf4-3327-39eb-2d80-de64d090a2c2'),
('36bb86a9-15b9-193c-2fcf-9712082ff6cb', '541c96a6-4e24-27fe-6610-dde5fda516a2', '6349b25b-78e2-2d06-2780-de64d090a2c2'),
('36f58cf2-6748-6b52-d420-39c2f00615e8', '5eb78adb-60fd-65e0-c5fe-7f9a08424f7b', '592aba45-4643-52ff-c1d2-89b22d10517e'),
('3700cc49-55b5-69ea-4929-a2925c0f334d', '61e3cc06-6237-222a-7e5b-5b97e23db0bb', '63b8eb29-7fb9-2880-1d35-60b3ebf808a9'),
('3744c34b-2d8f-5417-7129-a2925c0f334d', '5eb78adb-60fd-65e0-c5fe-7f9a08424f7b', '1e5e96fa-5d7a-599d-27c2-579daad24557'),
('374bb943-1e92-11bb-0884-196123975cb2', '4fe5ee09-2c89-580a-dc49-fe4bedd9e894', '762cf9e5-356b-56d7-5f80-7ed9d1ea06ea'),
('375751dc-3212-3022-b820-39c2f00615e8', '2dc25166-685c-4bc3-dd49-fe4bedd9e894', '5254e49d-4368-3162-29c2-579daad24557'),
('37629709-4d97-7a77-8c09-bf1378b8dc91', '112f44cf-4800-2ee8-7f5b-5b97e23db0bb', NULL),
('376e1808-2400-6d9a-5fde-23e177779933', '3af97028-144d-3632-fe0b-72dcf4babcff', '14eefd80-16e7-2f31-fd1d-086412a8ea97'),
('37dd9bb0-4c53-4134-31de-23e177779933', '3af97028-144d-3632-fe0b-72dcf4babcff', '643eb1df-3f3b-2eec-6e80-7ed9d1ea06ea'),
('37e9946c-3ba4-74cd-a9d5-ba100c6f7bce', '3b880afd-77ba-69c9-6510-dde5fda516a2', '517035f8-43a9-4c59-72f6-423b4e874d0f'),
('37f8fccf-2bb7-6400-bc0b-87ae14180c33', '3cac9e93-6ba9-5ebf-1cb3-db767732063a', '31629133-61f6-7765-1535-60b3ebf808a9'),
('380d085a-26ba-5897-bd20-39c2f00615e8', '112f44cf-4800-2ee8-7f5b-5b97e23db0bb', '619ecbc4-37bc-19ea-6ff6-423b4e874d0f'),
('38528581-656f-2902-32de-23e177779933', '791677d3-77fe-14fe-34fe-59285cca9f53', '35ec2e7b-17b3-1b63-6080-7ed9d1ea06ea'),
('386931e4-3dc0-271d-cc20-39c2f00615e8', '3af97028-144d-3632-fe0b-72dcf4babcff', '40f19aac-7127-4022-7135-0028ed526dd0'),
('38b46ad0-3254-35ca-c120-39c2f00615e8', '61e3cc06-6237-222a-7e5b-5b97e23db0bb', NULL),
('38fae0a4-2a8d-7751-17cf-9712082ff6cb', '2dc25166-685c-4bc3-dd49-fe4bedd9e894', '383760d5-6851-218b-4835-0028ed526dd0'),
('390cf573-64c5-4981-b7d5-ba100c6f7bce', '61e3cc06-6237-222a-7e5b-5b97e23db0bb', '257f267d-1259-4c3b-2e80-de64d090a2c2'),
('3939a9cd-6c3f-78bf-9ad5-ba100c6f7bce', '791677d3-77fe-14fe-34fe-59285cca9f53', '11a8748f-3464-740c-28c2-579daad24557'),
('39420909-3af2-2062-bbc0-08fd2f807219', '2dc25166-685c-4bc3-dd49-fe4bedd9e894', '7976650d-4e86-2615-8c41-c1ec321fe728'),
('3962e88d-4132-52d1-0c84-196123975cb2', '3cac9e93-6ba9-5ebf-1cb3-db767732063a', '34fa6351-5e23-4402-8080-7ed9d1ea06ea'),
('3a76ad8f-5d4b-23e3-d220-39c2f00615e8', '541c96a6-4e24-27fe-6610-dde5fda516a2', '778c67bd-6967-345e-2e77-d9ebc53aac3d'),
('3afd29fc-2e65-5552-7cbe-406293204378', '3cac9e93-6ba9-5ebf-1cb3-db767732063a', '6d489b13-7396-7986-1577-d9ebc53aac3d'),
('3b25301f-47b7-6c5c-a8d5-ba100c6f7bce', '541c96a6-4e24-27fe-6610-dde5fda516a2', '35992438-457c-3b07-1935-60b3ebf808a9'),
('3b63fdfb-1c64-6574-ad0b-87ae14180c33', '112f44cf-4800-2ee8-7f5b-5b97e23db0bb', '234865cb-5d80-7244-70f6-423b4e874d0f'),
('3b7145dd-5e9b-7d95-ab20-39c2f00615e8', '4fe5ee09-2c89-580a-dc49-fe4bedd9e894', '14aa1334-3d35-32c4-30c2-579daad24557'),
('3b86d2ed-446c-5fce-56be-406293204378', '2dc25166-685c-4bc3-dd49-fe4bedd9e894', '5b511806-63ef-7f25-89f6-423b4e874d0f'),
('3bad7541-7915-6d1b-34de-23e177779933', '61e3cc06-6237-222a-7e5b-5b97e23db0bb', NULL),
('3be24f1a-760f-693b-0584-196123975cb2', '3b880afd-77ba-69c9-6510-dde5fda516a2', '57e115c5-51e2-6d06-7780-7ed9d1ea06ea'),
('3be7d71a-690b-3161-1f84-196123975cb2', '541c96a6-4e24-27fe-6610-dde5fda516a2', '5697b103-5179-7ac3-d31d-086412a8ea97'),
('3c15da7f-2328-708b-b90b-87ae14180c33', '4fe5ee09-2c89-580a-dc49-fe4bedd9e894', '22732821-2015-1da3-4335-0028ed526dd0'),
('3c213f7c-5d43-58ec-60be-406293204378', '61e3cc06-6237-222a-7e5b-5b97e23db0bb', '14c94a56-1938-315e-2235-60b3ebf808a9'),
('3c2d8d31-5458-76b6-d60b-87ae14180c33', '791677d3-77fe-14fe-34fe-59285cca9f53', '7734587d-1eee-329f-f21d-086412a8ea97'),
('3c82943b-2eca-4039-aed5-ba100c6f7bce', '3b880afd-77ba-69c9-6510-dde5fda516a2', '7eebdc34-6c41-1ab4-5735-0028ed526dd0'),
('3cc1d7cb-2fe5-1e32-6abe-406293204378', '541c96a6-4e24-27fe-6610-dde5fda516a2', NULL),
('3deb9637-21c9-2f33-a50b-87ae14180c33', '7461553a-1f2b-56a6-e8c0-f32a102323e6', '5390f963-6023-37c3-5ac2-579daad24557'),
('3eace71f-29a1-2300-2a84-196123975cb2', '3af97028-144d-3632-fe0b-72dcf4babcff', '6399a2a5-2afd-3384-da1d-086412a8ea97'),
('3eb6659b-2fad-2e67-98d5-ba100c6f7bce', '5eb78adb-60fd-65e0-c5fe-7f9a08424f7b', '17872e95-3d24-6d1a-32c2-579daad24557'),
('3ec85179-5298-3316-afd5-ba100c6f7bce', '791677d3-77fe-14fe-34fe-59285cca9f53', NULL),
('3edf6146-17ff-4e79-c820-39c2f00615e8', '7461553a-1f2b-56a6-e8c0-f32a102323e6', '1737c16a-1277-1be3-3bc2-579daad24557'),
('3f2956be-20ef-1cf7-aad5-ba100c6f7bce', '5eb78adb-60fd-65e0-c5fe-7f9a08424f7b', '42b9446a-790b-3892-2ac2-579daad24557'),
('3f4f8e57-1da2-6fb7-c720-39c2f00615e8', '3b880afd-77ba-69c9-6510-dde5fda516a2', '6d7e72ba-1a35-5aaa-e2d2-89b22d10517e'),
('3fa07d4c-7e5b-3480-2acf-9712082ff6cb', '61e3cc06-6237-222a-7e5b-5b97e23db0bb', '716136e5-4b50-2737-d1d2-89b22d10517e'),
('3fece5a6-2d22-12bb-0b84-196123975cb2', '3b880afd-77ba-69c9-6510-dde5fda516a2', NULL),
('3fee4663-76cc-5118-6e29-a2925c0f334d', '73b4303a-1d86-4f9c-6710-dde5fda516a2', '3fc4ed08-1219-1c6d-5480-7ed9d1ea06ea'),
('3ffb4989-70eb-32ab-4fde-23e177779933', '4fe5ee09-2c89-580a-dc49-fe4bedd9e894', '255b28ba-2177-6baf-0835-60b3ebf808a9'),
('4001a86d-6d0b-46f9-42cf-9712082ff6cb', '4f610a3d-21c1-4b2b-c4fe-7f9a08424f7b', '595e7d51-318c-39e8-1377-d9ebc53aac3d'),
('40083a61-3023-2443-b4c0-08fd2f807219', '4fe5ee09-2c89-580a-dc49-fe4bedd9e894', '2767c0cb-250d-4ac9-99f6-423b4e874d0f'),
('401b5351-3852-60b4-74be-406293204378', '4f610a3d-21c1-4b2b-c4fe-7f9a08424f7b', '147f0f39-505a-4f6c-6735-0028ed526dd0'),
('4030e5af-694c-380f-36de-23e177779933', '73b4303a-1d86-4f9c-6710-dde5fda516a2', '7d7c8cbb-3c1b-7e12-6680-7ed9d1ea06ea'),
('403f8763-44b1-517d-7609-bf1378b8dc91', '73b4303a-1d86-4f9c-6710-dde5fda516a2', '324ac33a-77c5-13a5-0535-60b3ebf808a9'),
('40480f96-2014-7c36-4c29-a2925c0f334d', '112f44cf-4800-2ee8-7f5b-5b97e23db0bb', '668b5d7d-53cd-6d70-7680-7ed9d1ea06ea'),
('4070b823-36b9-6c59-52de-23e177779933', '4f610a3d-21c1-4b2b-c4fe-7f9a08424f7b', '677132b4-2a33-68d1-26c2-579daad24557'),
('40a146d5-4ba9-2d44-3ecf-9712082ff6cb', '3b880afd-77ba-69c9-6510-dde5fda516a2', '4a9854e8-12ac-72ac-2877-d9ebc53aac3d'),
('40dcb887-554e-6059-a120-39c2f00615e8', '3b880afd-77ba-69c9-6510-dde5fda516a2', '762cf9e5-356b-56d7-5f80-7ed9d1ea06ea'),
('40f5cd59-47b7-37dd-a109-bf1378b8dc91', '3cac9e93-6ba9-5ebf-1cb3-db767732063a', '13ede5b6-19dd-563e-1980-de64d090a2c2'),
('40f7a6ac-21d8-7147-19cf-9712082ff6cb', '3b880afd-77ba-69c9-6510-dde5fda516a2', '7a3fbd10-76db-716b-48c2-579daad24557'),
('4146cdd3-6efb-1e6b-53de-23e177779933', '61e3cc06-6237-222a-7e5b-5b97e23db0bb', '1fbf8e6f-17d3-6a04-2180-de64d090a2c2'),
('414b2059-4e24-5f69-b70b-87ae14180c33', '4fe5ee09-2c89-580a-dc49-fe4bedd9e894', '3fed64ec-2f94-798f-0335-60b3ebf808a9'),
('41c2dce0-2c38-3bc6-16cf-9712082ff6cb', '112f44cf-4800-2ee8-7f5b-5b97e23db0bb', '47447c78-7c3f-29c3-6535-0028ed526dd0'),
('41d44cf5-470b-2acd-77be-406293204378', '112f44cf-4800-2ee8-7f5b-5b97e23db0bb', NULL),
('42a2de43-33e3-3d3e-1ccf-9712082ff6cb', '2dc25166-685c-4bc3-dd49-fe4bedd9e894', '22732821-2015-1da3-4335-0028ed526dd0'),
('430250f1-181c-132c-a40b-87ae14180c33', '3b880afd-77ba-69c9-6510-dde5fda516a2', '6f51ea57-13b2-139f-1177-d9ebc53aac3d'),
('432dd01c-18c3-4ea1-37de-23e177779933', '112f44cf-4800-2ee8-7f5b-5b97e23db0bb', '51510d9a-55bc-1ca2-dad2-89b22d10517e'),
('444d19ea-7ee5-6f65-1384-196123975cb2', '61e3cc06-6237-222a-7e5b-5b97e23db0bb', '3277a4b3-5561-5d33-2a35-60b3ebf808a9'),
('447998e2-7c1e-47e7-b220-39c2f00615e8', '112f44cf-4800-2ee8-7f5b-5b97e23db0bb', '5697b103-5179-7ac3-d31d-086412a8ea97'),
('44a505dc-2f7b-7c15-9009-bf1378b8dc91', '3af97028-144d-3632-fe0b-72dcf4babcff', '57d19966-5428-4ce3-4a77-d9ebc53aac3d'),
('45537a20-45f2-48b4-bd0b-87ae14180c33', '73b4303a-1d86-4f9c-6710-dde5fda516a2', NULL),
('456e59d8-1aca-3ed2-6529-a2925c0f334d', '61e3cc06-6237-222a-7e5b-5b97e23db0bb', '6c06cf05-4533-4cfe-4fc2-579daad24557'),
('4593b392-3b4b-1f7d-58de-23e177779933', '791677d3-77fe-14fe-34fe-59285cca9f53', '3277a4b3-5561-5d33-2a35-60b3ebf808a9'),
('459ff381-42a8-44b4-47de-23e177779933', '73b4303a-1d86-4f9c-6710-dde5fda516a2', '73dc79e1-1ccb-35a6-0235-60b3ebf808a9'),
('45ca8a53-1621-1c68-1acf-9712082ff6cb', '5eb78adb-60fd-65e0-c5fe-7f9a08424f7b', NULL),
('46061779-7aeb-362c-c00b-87ae14180c33', '61e3cc06-6237-222a-7e5b-5b97e23db0bb', '7e5515d8-20e7-769c-3d80-de64d090a2c2'),
('46241dbe-5442-7b9f-8ec0-08fd2f807219', '791677d3-77fe-14fe-34fe-59285cca9f53', '341706d9-627c-345d-e91d-086412a8ea97'),
('462d7466-4afc-35bb-acc0-08fd2f807219', '112f44cf-4800-2ee8-7f5b-5b97e23db0bb', '40904e10-3084-1af7-2a77-d9ebc53aac3d'),
('4681a652-352e-4cb6-8509-bf1378b8dc91', '791677d3-77fe-14fe-34fe-59285cca9f53', NULL),
('46b2f54f-4e6b-7159-0784-196123975cb2', '61e3cc06-6237-222a-7e5b-5b97e23db0bb', '5f78f73f-7e70-7629-4280-de64d090a2c2'),
('46c16970-135c-16cd-8d09-bf1378b8dc91', '73b4303a-1d86-4f9c-6710-dde5fda516a2', '22df58b0-55d2-6108-2480-de64d090a2c2'),
('46e647e0-3d30-3754-1984-196123975cb2', '3af97028-144d-3632-fe0b-72dcf4babcff', '5f03d745-7702-1c85-2bc2-579daad24557'),
('4738c8d2-5ccc-3eaf-cc0b-87ae14180c33', '3cac9e93-6ba9-5ebf-1cb3-db767732063a', '5254e49d-4368-3162-29c2-579daad24557'),
('476c85a8-49ae-3be1-b620-39c2f00615e8', '5eb78adb-60fd-65e0-c5fe-7f9a08424f7b', '6d74b282-214c-565e-65c2-579daad24557'),
('47b36a35-65d4-3452-c10b-87ae14180c33', '791677d3-77fe-14fe-34fe-59285cca9f53', '1e2dfa96-54fc-3a0e-5f35-0028ed526dd0'),
('47ba0794-6f4e-1a5e-b5c0-08fd2f807219', '61e3cc06-6237-222a-7e5b-5b97e23db0bb', '57cdf8c4-47e3-5560-7e41-c1ec321fe728'),
('4836ea55-230d-7e7e-69be-406293204378', '3af97028-144d-3632-fe0b-72dcf4babcff', '11ea67a8-36b3-7e4b-3e80-de64d090a2c2'),
('484f1acd-53fb-4fab-57de-23e177779933', '7461553a-1f2b-56a6-e8c0-f32a102323e6', '1aae7de9-58a5-49fe-3a77-d9ebc53aac3d'),
('486e2879-6003-1472-5729-a2925c0f334d', '3cac9e93-6ba9-5ebf-1cb3-db767732063a', '32d33559-61a5-4afd-d91d-086412a8ea97'),
('486f3705-5928-5b0d-15cf-9712082ff6cb', '541c96a6-4e24-27fe-6610-dde5fda516a2', '2dd6b3a0-2350-1230-1835-60b3ebf808a9'),
('4873f760-36b1-4c42-8bc0-08fd2f807219', '7461553a-1f2b-56a6-e8c0-f32a102323e6', '4e2c885d-5347-35dc-79f6-423b4e874d0f'),
('48bc3ef7-3d1b-3915-b7c0-08fd2f807219', '61e3cc06-6237-222a-7e5b-5b97e23db0bb', '2b45c492-5011-1aed-4380-de64d090a2c2'),
('4931f441-237d-4e19-9e0b-87ae14180c33', '541c96a6-4e24-27fe-6610-dde5fda516a2', '1dc115ba-6479-33a7-44c2-579daad24557'),
('494e1c26-71cc-292d-a320-39c2f00615e8', '541c96a6-4e24-27fe-6610-dde5fda516a2', NULL),
('49930c63-200a-579a-1a84-196123975cb2', '2dc25166-685c-4bc3-dd49-fe4bedd9e894', '21c73cb5-1e05-4664-84f6-423b4e874d0f'),
('4a4a8c90-2e57-215e-58be-406293204378', '3af97028-144d-3632-fe0b-72dcf4babcff', '15f7fc94-6dce-3bce-2680-de64d090a2c2'),
('4a5a5232-6bcf-2f42-62be-406293204378', '3cac9e93-6ba9-5ebf-1cb3-db767732063a', '2bd27090-2727-2b8e-2f80-de64d090a2c2'),
('4ae693bd-5cd4-201c-8ebe-406293204378', '112f44cf-4800-2ee8-7f5b-5b97e23db0bb', '3fc4ed08-1219-1c6d-5480-7ed9d1ea06ea'),
('4aeba658-3dbe-4045-aa09-bf1378b8dc91', '7461553a-1f2b-56a6-e8c0-f32a102323e6', '3fed64ec-2f94-798f-0335-60b3ebf808a9'),
('4bb29647-3c29-72bb-3ccf-9712082ff6cb', '3af97028-144d-3632-fe0b-72dcf4babcff', '40904e10-3084-1af7-2a77-d9ebc53aac3d'),
('4c69954a-11cb-6606-c420-39c2f00615e8', '4f610a3d-21c1-4b2b-c4fe-7f9a08424f7b', '57d4e925-6e28-208d-9741-c1ec321fe728'),
('4ce0877f-48e4-6975-5129-a2925c0f334d', '3cac9e93-6ba9-5ebf-1cb3-db767732063a', '2d3ae261-2b44-7713-41c2-579daad24557'),
('4d140caf-47ec-4de3-9ed5-ba100c6f7bce', '4f610a3d-21c1-4b2b-c4fe-7f9a08424f7b', '34e55501-2213-19af-6d80-7ed9d1ea06ea'),
('4d34ca51-2885-4274-9dd5-ba100c6f7bce', '2dc25166-685c-4bc3-dd49-fe4bedd9e894', '2da0cbfc-13ad-7ad2-82f6-423b4e874d0f'),
('4d463e4e-19a3-5839-6129-a2925c0f334d', '791677d3-77fe-14fe-34fe-59285cca9f53', '778c67bd-6967-345e-2e77-d9ebc53aac3d'),
('4d759fc8-400f-6e8f-5bbe-406293204378', '61e3cc06-6237-222a-7e5b-5b97e23db0bb', '3045ede0-4b2b-73eb-64c2-579daad24557'),
('4d8c2958-2252-531e-7a09-bf1378b8dc91', '2dc25166-685c-4bc3-dd49-fe4bedd9e894', '1906737f-3aed-5704-1777-d9ebc53aac3d'),
('4da28cbd-6a20-3858-b720-39c2f00615e8', '73b4303a-1d86-4f9c-6710-dde5fda516a2', '565c3832-2fbc-2ad0-4735-0028ed526dd0'),
('4e2780aa-1135-2638-c220-39c2f00615e8', '3cac9e93-6ba9-5ebf-1cb3-db767732063a', '3f7028bf-3771-75c5-2380-de64d090a2c2'),
('4e2e6064-6bbe-2699-a30b-87ae14180c33', '791677d3-77fe-14fe-34fe-59285cca9f53', '3fee1b33-1871-1a41-6235-0028ed526dd0'),
('4e4e484a-5b69-1579-be20-39c2f00615e8', '4f610a3d-21c1-4b2b-c4fe-7f9a08424f7b', '19208572-271c-6122-3177-d9ebc53aac3d'),
('4f2c650a-4729-4794-b420-39c2f00615e8', '2dc25166-685c-4bc3-dd49-fe4bedd9e894', '11ea67a8-36b3-7e4b-3e80-de64d090a2c2'),
('4f56f2f1-41c8-3200-5cde-23e177779933', '2dc25166-685c-4bc3-dd49-fe4bedd9e894', '7e5515d8-20e7-769c-3d80-de64d090a2c2'),
('4f6acc0a-1f0d-41c4-3acf-9712082ff6cb', '791677d3-77fe-14fe-34fe-59285cca9f53', '3cc7be2d-6406-4b95-3cc2-579daad24557'),
('4fbf7ac2-4f95-259e-fd83-196123975cb2', '112f44cf-4800-2ee8-7f5b-5b97e23db0bb', '61cc168f-3524-218a-2b80-de64d090a2c2'),
('4ff3666a-4bdf-7989-adc0-08fd2f807219', '3cac9e93-6ba9-5ebf-1cb3-db767732063a', '1d05a704-5376-15ba-1477-d9ebc53aac3d'),
('504468a1-12c6-6902-7b09-bf1378b8dc91', '4f610a3d-21c1-4b2b-c4fe-7f9a08424f7b', '3d18d4c2-2f39-3dce-d61d-086412a8ea97'),
('506e477c-6b69-5a49-2484-196123975cb2', '2dc25166-685c-4bc3-dd49-fe4bedd9e894', '35992438-457c-3b07-1935-60b3ebf808a9'),
('508e3c31-40fc-1130-2e84-196123975cb2', '3af97028-144d-3632-fe0b-72dcf4babcff', '281af570-5697-2b8d-6b80-7ed9d1ea06ea'),
('50a70d1b-4121-7efb-bb0b-87ae14180c33', '61e3cc06-6237-222a-7e5b-5b97e23db0bb', '407db4d1-222b-287d-0135-60b3ebf808a9'),
('50c0928f-1779-4e8b-a520-39c2f00615e8', '541c96a6-4e24-27fe-6610-dde5fda516a2', '721b7460-7378-2203-0435-60b3ebf808a9'),
('50edfcd5-16e6-24ef-b0c0-08fd2f807219', '3af97028-144d-3632-fe0b-72dcf4babcff', '27852fe9-2bc5-1399-3f80-de64d090a2c2'),
('510c3a27-4963-302c-2ccf-9712082ff6cb', '5eb78adb-60fd-65e0-c5fe-7f9a08424f7b', '36ac2df8-2b1e-368f-cc1d-086412a8ea97'),
('5116261d-64f2-3d40-9409-bf1378b8dc91', '3af97028-144d-3632-fe0b-72dcf4babcff', '30f13ea5-7711-72be-63c2-579daad24557'),
('515b6077-13cf-64a1-5ebe-406293204378', '61e3cc06-6237-222a-7e5b-5b97e23db0bb', '34fa6351-5e23-4402-8080-7ed9d1ea06ea'),
('51e78fff-176c-5145-91c0-08fd2f807219', '73b4303a-1d86-4f9c-6710-dde5fda516a2', '62563348-7bd5-6519-3c35-0028ed526dd0'),
('5219d90f-5bfa-4431-7bbe-406293204378', '541c96a6-4e24-27fe-6610-dde5fda516a2', NULL),
('52aadc93-3c4a-5df5-ae20-39c2f00615e8', '3af97028-144d-3632-fe0b-72dcf4babcff', '7976650d-4e86-2615-8c41-c1ec321fe728'),
('53614b25-3779-3555-cd0b-87ae14180c33', '112f44cf-4800-2ee8-7f5b-5b97e23db0bb', '643eb1df-3f3b-2eec-6e80-7ed9d1ea06ea'),
('5396c779-65d7-304f-70be-406293204378', '3cac9e93-6ba9-5ebf-1cb3-db767732063a', '613afd47-2fc1-15ed-0735-60b3ebf808a9'),
('53b167d8-4c0f-28fe-cb0b-87ae14180c33', '3b880afd-77ba-69c9-6510-dde5fda516a2', '4d349432-7030-355f-ded2-89b22d10517e'),
('53baae5e-52f2-2642-4a29-a2925c0f334d', '2dc25166-685c-4bc3-dd49-fe4bedd9e894', '3292f8e8-6f00-416f-2035-60b3ebf808a9'),
('542a4cc3-3c2a-67fa-5629-a2925c0f334d', '112f44cf-4800-2ee8-7f5b-5b97e23db0bb', '3005c4c5-6a2d-70db-58c2-579daad24557'),
('5447dd64-4f7e-4c64-5929-a2925c0f334d', '3b880afd-77ba-69c9-6510-dde5fda516a2', '11a8748f-3464-740c-28c2-579daad24557'),
('544a64d9-1f18-736c-8209-bf1378b8dc91', '7461553a-1f2b-56a6-e8c0-f32a102323e6', '2a5fb073-323d-114a-7980-7ed9d1ea06ea'),
('550be172-182e-5003-afc0-08fd2f807219', '4f610a3d-21c1-4b2b-c4fe-7f9a08424f7b', '39f3c493-4680-145e-42c2-579daad24557'),
('556a9bbf-4c5a-6415-1684-196123975cb2', '61e3cc06-6237-222a-7e5b-5b97e23db0bb', '79dadd0d-69fa-5e30-35c2-579daad24557'),
('5587ec3f-5ef9-7b84-38de-23e177779933', '791677d3-77fe-14fe-34fe-59285cca9f53', '63c66820-7397-776d-4ec2-579daad24557'),
('55c93867-5d34-26ce-d00b-87ae14180c33', '3af97028-144d-3632-fe0b-72dcf4babcff', '6d489b13-7396-7986-1577-d9ebc53aac3d'),
('55ddd94a-7c56-35ae-b520-39c2f00615e8', '4f610a3d-21c1-4b2b-c4fe-7f9a08424f7b', '28692b18-2ec1-574b-6780-7ed9d1ea06ea'),
('56077664-755c-4f65-9909-bf1378b8dc91', '4fe5ee09-2c89-580a-dc49-fe4bedd9e894', '256c7bfd-6225-4caa-3077-d9ebc53aac3d'),
('562b6abb-5198-5628-79be-406293204378', '73b4303a-1d86-4f9c-6710-dde5fda516a2', '4989ff24-23e7-7b82-b6d2-89b22d10517e'),
('56304486-1a40-35bd-22cf-9712082ff6cb', '73b4303a-1d86-4f9c-6710-dde5fda516a2', '62af2231-78a7-7caa-cd1d-086412a8ea97'),
('56346faa-404d-2737-5dde-23e177779933', '61e3cc06-6237-222a-7e5b-5b97e23db0bb', '4f605a10-3abd-35ce-ddd2-89b22d10517e'),
('564f930c-6e76-3679-2c84-196123975cb2', '4f610a3d-21c1-4b2b-c4fe-7f9a08424f7b', '68a440ae-5f36-5eb5-6835-0028ed526dd0'),
('56552ad8-123b-7a09-bdd5-ba100c6f7bce', '73b4303a-1d86-4f9c-6710-dde5fda516a2', '2f43fc9d-1f7a-25fc-5280-7ed9d1ea06ea'),
('5685d40c-35dc-51df-1584-196123975cb2', '4fe5ee09-2c89-580a-dc49-fe4bedd9e894', '5dc832b0-169a-1395-37c2-579daad24557'),
('56ee1dc8-1f79-6748-cf0b-87ae14180c33', '3b880afd-77ba-69c9-6510-dde5fda516a2', '6b42bec6-7d3f-14bb-3380-de64d090a2c2'),
('573da2cd-1579-5327-8cc0-08fd2f807219', '61e3cc06-6237-222a-7e5b-5b97e23db0bb', '129d7247-1da3-5f84-f91d-086412a8ea97'),
('5757ea9a-25bc-7ebb-1d84-196123975cb2', '4f610a3d-21c1-4b2b-c4fe-7f9a08424f7b', '6e3f7a8c-2f78-16a9-36c2-579daad24557'),
('57a3f48f-1c1d-1f04-9e20-39c2f00615e8', '3b880afd-77ba-69c9-6510-dde5fda516a2', '4c62f8b9-6494-7574-ea1d-086412a8ea97'),
('57a949ac-4627-2a53-8fc0-08fd2f807219', '5eb78adb-60fd-65e0-c5fe-7f9a08424f7b', NULL),
('583abfd4-38f6-36cc-0e84-196123975cb2', '7461553a-1f2b-56a6-e8c0-f32a102323e6', '5ebaaa98-6f11-30ce-1c35-60b3ebf808a9'),
('5877cab3-20af-29dd-3bcf-9712082ff6cb', '3b880afd-77ba-69c9-6510-dde5fda516a2', NULL),
('58edf03c-70e9-215a-86be-406293204378', '112f44cf-4800-2ee8-7f5b-5b97e23db0bb', '6b003232-3bbd-7f5b-2f77-d9ebc53aac3d'),
('58fa1e79-2ffe-4fe5-5bde-23e177779933', '3b880afd-77ba-69c9-6510-dde5fda516a2', '1c98cac7-2784-73af-43c2-579daad24557'),
('592ad0f7-5391-704d-af20-39c2f00615e8', '4fe5ee09-2c89-580a-dc49-fe4bedd9e894', '2356a2d8-7751-6f97-66f6-423b4e874d0f'),
('5934ceac-4295-34ba-7c09-bf1378b8dc91', '2dc25166-685c-4bc3-dd49-fe4bedd9e894', '234865cb-5d80-7244-70f6-423b4e874d0f'),
('5944f053-5e53-26ad-6dbe-406293204378', '3af97028-144d-3632-fe0b-72dcf4babcff', '2ee950fb-4256-49aa-e41d-086412a8ea97'),
('5982505e-4827-7305-1ecf-9712082ff6cb', '73b4303a-1d86-4f9c-6710-dde5fda516a2', '62f0ddfa-181a-15aa-90f6-423b4e874d0f'),
('59906380-31ea-719e-2f84-196123975cb2', '791677d3-77fe-14fe-34fe-59285cca9f53', '3ac85d96-49eb-7b1d-1135-60b3ebf808a9'),
('599844dd-626a-6fd8-30cf-9712082ff6cb', '7461553a-1f2b-56a6-e8c0-f32a102323e6', '26cb2a41-172b-4e63-8380-7ed9d1ea06ea'),
('5a082297-3e3c-3b67-6629-a2925c0f334d', '73b4303a-1d86-4f9c-6710-dde5fda516a2', '60fe46b4-527a-36de-a841-c1ec321fe728'),
('5a27180e-5db5-5947-97c0-08fd2f807219', '4f610a3d-21c1-4b2b-c4fe-7f9a08424f7b', '667467e2-6216-209e-8180-7ed9d1ea06ea'),
('5abb8082-797d-2765-b6c0-08fd2f807219', '541c96a6-4e24-27fe-6610-dde5fda516a2', '3017e692-73fb-6331-6a80-7ed9d1ea06ea'),
('5b00b0cf-40c1-5112-9109-bf1378b8dc91', '4f610a3d-21c1-4b2b-c4fe-7f9a08424f7b', '11e8faef-6121-695a-86f6-423b4e874d0f'),
('5b34a4d0-6617-1db3-ab0b-87ae14180c33', '791677d3-77fe-14fe-34fe-59285cca9f53', '7ffc8175-788c-17ff-f81d-086412a8ea97'),
('5c62a0d2-2442-5d9b-6f29-a2925c0f334d', '3b880afd-77ba-69c9-6510-dde5fda516a2', '793b3cb4-31a2-693e-d2d2-89b22d10517e'),
('5c7295a5-15c9-7ec7-c320-39c2f00615e8', '3cac9e93-6ba9-5ebf-1cb3-db767732063a', '363b67cb-40ae-552d-2b77-d9ebc53aac3d'),
('5c9f5f1a-6f5c-49cc-59be-406293204378', '3af97028-144d-3632-fe0b-72dcf4babcff', '7734587d-1eee-329f-f21d-086412a8ea97'),
('5ca4f407-2d2d-24db-18cf-9712082ff6cb', '73b4303a-1d86-4f9c-6710-dde5fda516a2', '23309faa-2375-4675-d5d2-89b22d10517e'),
('5cb4708c-2b13-5550-6cbe-406293204378', '73b4303a-1d86-4f9c-6710-dde5fda516a2', '721b7460-7378-2203-0435-60b3ebf808a9'),
('5ce252d5-703f-5d34-44de-23e177779933', '4f610a3d-21c1-4b2b-c4fe-7f9a08424f7b', '7c086898-6040-64ee-4777-d9ebc53aac3d'),
('5cf98dc5-71b7-52dd-b00b-87ae14180c33', '5eb78adb-60fd-65e0-c5fe-7f9a08424f7b', '199db575-444b-2633-6880-7ed9d1ea06ea'),
('5d39e97f-36dc-2486-21cf-9712082ff6cb', '3af97028-144d-3632-fe0b-72dcf4babcff', '256c7bfd-6225-4caa-3077-d9ebc53aac3d'),
('5d45a0b6-3652-3ed1-5dbe-406293204378', '7461553a-1f2b-56a6-e8c0-f32a102323e6', '324ac33a-77c5-13a5-0535-60b3ebf808a9'),
('5d6636c4-5be9-1fda-0084-196123975cb2', '4fe5ee09-2c89-580a-dc49-fe4bedd9e894', '3b9be541-2ef2-4000-4bc2-579daad24557'),
('5d8e0f48-7163-50da-9609-bf1378b8dc91', '3af97028-144d-3632-fe0b-72dcf4babcff', NULL),
('5d9f07e3-23b7-320f-7d09-bf1378b8dc91', '112f44cf-4800-2ee8-7f5b-5b97e23db0bb', '3fee1b33-1871-1a41-6235-0028ed526dd0'),
('5dac972b-6a2a-119d-b2c0-08fd2f807219', '4f610a3d-21c1-4b2b-c4fe-7f9a08424f7b', '7d879258-5ccb-11d6-e31d-086412a8ea97'),
('5ddf6b75-731a-3e24-bad5-ba100c6f7bce', '4fe5ee09-2c89-580a-dc49-fe4bedd9e894', '51510d9a-55bc-1ca2-dad2-89b22d10517e'),
('5dec46ef-3437-32f8-a80b-87ae14180c33', '3af97028-144d-3632-fe0b-72dcf4babcff', '6e1ed17d-2114-41fc-9e41-c1ec321fe728'),
('5e1b0b36-6d36-6e06-7429-a2925c0f334d', '3b880afd-77ba-69c9-6510-dde5fda516a2', '285d6b44-3b0c-4697-e01d-086412a8ea97'),
('5e5fb9dd-446d-41f6-40de-23e177779933', '2dc25166-685c-4bc3-dd49-fe4bedd9e894', '5dc832b0-169a-1395-37c2-579daad24557'),
('5e7530be-64f7-746c-23cf-9712082ff6cb', '3cac9e93-6ba9-5ebf-1cb3-db767732063a', '22f0091b-523a-6c8e-4c35-0028ed526dd0'),
('5e9b4974-5644-570c-43cf-9712082ff6cb', '3af97028-144d-3632-fe0b-72dcf4babcff', '56dce332-76f0-6b9b-5080-7ed9d1ea06ea'),
('5edb7881-65a5-415d-7f09-bf1378b8dc91', '3af97028-144d-3632-fe0b-72dcf4babcff', '3005c4c5-6a2d-70db-58c2-579daad24557'),
('5edf5e81-655b-60fe-8009-bf1378b8dc91', '4f610a3d-21c1-4b2b-c4fe-7f9a08424f7b', '17533c84-1985-633c-83f6-423b4e874d0f'),
('5ee2ba7f-49ee-5b09-5cbe-406293204378', '61e3cc06-6237-222a-7e5b-5b97e23db0bb', '192b3b9d-5e60-3b13-5b80-7ed9d1ea06ea'),
('5fc3af8e-53c6-7763-5ede-23e177779933', '7461553a-1f2b-56a6-e8c0-f32a102323e6', '77d03350-6ba4-226c-77f6-423b4e874d0f'),
('5ff94c11-3716-4911-c520-39c2f00615e8', '3af97028-144d-3632-fe0b-72dcf4babcff', '65334c99-4eec-773c-2c77-d9ebc53aac3d'),
('6006f6a5-7953-28f9-95d5-ba100c6f7bce', '791677d3-77fe-14fe-34fe-59285cca9f53', NULL),
('602426ce-7742-1f7a-6229-a2925c0f334d', '7461553a-1f2b-56a6-e8c0-f32a102323e6', NULL),
('603fcec7-5bab-1b89-35cf-9712082ff6cb', '2dc25166-685c-4bc3-dd49-fe4bedd9e894', '32d0d11c-7c72-5daa-9f41-c1ec321fe728'),
('605699f7-39bd-4f28-54de-23e177779933', '791677d3-77fe-14fe-34fe-59285cca9f53', '3277a4b3-5561-5d33-2a35-60b3ebf808a9'),
('6065d99a-3101-55f4-20cf-9712082ff6cb', '3cac9e93-6ba9-5ebf-1cb3-db767732063a', '34e0b175-5b50-44af-8af6-423b4e874d0f'),
('60a4d6ce-6d74-2d65-1284-196123975cb2', '73b4303a-1d86-4f9c-6710-dde5fda516a2', '33f6a5c3-415a-1ee3-87f6-423b4e874d0f'),
('60b17ba7-56d2-5422-a6c0-08fd2f807219', '4f610a3d-21c1-4b2b-c4fe-7f9a08424f7b', '3fb8132d-20a5-711d-4880-de64d090a2c2'),
('60cca6a6-42c7-596c-56de-23e177779933', '112f44cf-4800-2ee8-7f5b-5b97e23db0bb', '4d6d3d5c-26da-45b3-2977-d9ebc53aac3d'),
('60eb19e8-6dfd-2539-1884-196123975cb2', '61e3cc06-6237-222a-7e5b-5b97e23db0bb', '183d7fea-247d-172e-3677-d9ebc53aac3d'),
('61250724-294f-5d31-b5d5-ba100c6f7bce', '3af97028-144d-3632-fe0b-72dcf4babcff', '1fecd07f-2488-638c-8141-c1ec321fe728'),
('6162fa2a-5007-6e20-90be-406293204378', '3af97028-144d-3632-fe0b-72dcf4babcff', '2c3863b6-1318-357f-d4d2-89b22d10517e'),
('618a90d5-41f5-5b77-93d5-ba100c6f7bce', '3af97028-144d-3632-fe0b-72dcf4babcff', '6b550b8f-7ff9-51bc-0f77-d9ebc53aac3d'),
('61d199b1-250a-4aa2-b3d5-ba100c6f7bce', '3cac9e93-6ba9-5ebf-1cb3-db767732063a', '2c380a42-1611-28c2-3ac2-579daad24557'),
('61d1deef-7714-42a5-8709-bf1378b8dc91', '4fe5ee09-2c89-580a-dc49-fe4bedd9e894', NULL),
('61de9ce1-7cfe-2114-9fd5-ba100c6f7bce', '7461553a-1f2b-56a6-e8c0-f32a102323e6', '407db4d1-222b-287d-0135-60b3ebf808a9'),
('622c8b8f-7baa-252e-a8c0-08fd2f807219', '3b880afd-77ba-69c9-6510-dde5fda516a2', '68a440ae-5f36-5eb5-6835-0028ed526dd0'),
('626a2ab0-4d98-6d7f-d30b-87ae14180c33', '4fe5ee09-2c89-580a-dc49-fe4bedd9e894', '619ecbc4-37bc-19ea-6ff6-423b4e874d0f'),
('62a849b4-1145-4227-7009-bf1378b8dc91', '4f610a3d-21c1-4b2b-c4fe-7f9a08424f7b', '2dd6b3a0-2350-1230-1835-60b3ebf808a9'),
('62abe8a7-2c70-6de2-5f29-a2925c0f334d', '2dc25166-685c-4bc3-dd49-fe4bedd9e894', '7a125aae-1c50-3a73-85f6-423b4e874d0f'),
('62c4e131-7305-46df-9ac0-08fd2f807219', '3af97028-144d-3632-fe0b-72dcf4babcff', '1518ced5-6993-37f8-6180-7ed9d1ea06ea'),
('62c6c0e7-2f1d-15b4-7fbe-406293204378', '541c96a6-4e24-27fe-6610-dde5fda516a2', NULL),
('62cf7e45-5290-2e1d-aec0-08fd2f807219', '5eb78adb-60fd-65e0-c5fe-7f9a08424f7b', NULL),
('6307e50b-7414-31ef-c60b-87ae14180c33', '73b4303a-1d86-4f9c-6710-dde5fda516a2', '375c0b70-28af-4afb-2735-60b3ebf808a9'),
('632270a9-57fa-4b80-1484-196123975cb2', '2dc25166-685c-4bc3-dd49-fe4bedd9e894', '6aaa3ade-5fea-78c5-7880-7ed9d1ea06ea'),
('63a55898-424f-5d24-5ade-23e177779933', '61e3cc06-6237-222a-7e5b-5b97e23db0bb', '7ffc8175-788c-17ff-f81d-086412a8ea97'),
('63a7b4a6-1648-7d7f-b0d5-ba100c6f7bce', '7461553a-1f2b-56a6-e8c0-f32a102323e6', '4029deb6-568c-284f-8941-c1ec321fe728'),
('6452e402-1744-5bf8-aa20-39c2f00615e8', '4f610a3d-21c1-4b2b-c4fe-7f9a08424f7b', '34e0b175-5b50-44af-8af6-423b4e874d0f'),
('64747310-7a0f-25f5-7229-a2925c0f334d', '3cac9e93-6ba9-5ebf-1cb3-db767732063a', '5163ba6d-4e5a-4043-df1d-086412a8ea97'),
('648b0e21-42da-7a4c-26cf-9712082ff6cb', '112f44cf-4800-2ee8-7f5b-5b97e23db0bb', NULL),
('64eb5e22-63bb-51c3-5c29-a2925c0f334d', '7461553a-1f2b-56a6-e8c0-f32a102323e6', '6c5b9fe7-14c9-3bb5-b4d2-89b22d10517e'),
('64fe3d2e-4e13-4591-a709-bf1378b8dc91', '112f44cf-4800-2ee8-7f5b-5b97e23db0bb', '5214114e-32b4-1ab1-9b41-c1ec321fe728'),
('65087f3b-61ad-33bf-82be-406293204378', '3b880afd-77ba-69c9-6510-dde5fda516a2', '33f6a5c3-415a-1ee3-87f6-423b4e874d0f'),
('650c49a1-756e-2032-9fc0-08fd2f807219', '541c96a6-4e24-27fe-6610-dde5fda516a2', NULL),
('6577614a-761b-5b49-b40b-87ae14180c33', '73b4303a-1d86-4f9c-6710-dde5fda516a2', NULL),
('65a297e8-7141-3f82-aa0b-87ae14180c33', '541c96a6-4e24-27fe-6610-dde5fda516a2', '6b12b154-39d3-1a5b-2280-de64d090a2c2'),
('65a4625a-5ecd-549d-c20b-87ae14180c33', '7461553a-1f2b-56a6-e8c0-f32a102323e6', '401e72cc-49b0-5b4a-5335-0028ed526dd0'),
('65b435ab-1c68-58b1-32cf-9712082ff6cb', '3cac9e93-6ba9-5ebf-1cb3-db767732063a', '474e492f-23a9-509b-a441-c1ec321fe728'),
('65c089ca-2aae-5759-8109-bf1378b8dc91', '112f44cf-4800-2ee8-7f5b-5b97e23db0bb', '7b666cc3-1b67-6037-67f6-423b4e874d0f'),
('65d68747-2ba6-2926-92c0-08fd2f807219', '3cac9e93-6ba9-5ebf-1cb3-db767732063a', '50b49b1f-3df8-4b52-db1d-086412a8ea97'),
('6615f10b-5132-26b2-42de-23e177779933', '4f610a3d-21c1-4b2b-c4fe-7f9a08424f7b', '23fe9ba6-680a-2bb3-7a80-7ed9d1ea06ea'),
('66408fb1-5675-1ae9-bb20-39c2f00615e8', '61e3cc06-6237-222a-7e5b-5b97e23db0bb', '22bfe5ef-6c16-31e4-4577-d9ebc53aac3d'),
('6643ee80-64d3-5640-1184-196123975cb2', '2dc25166-685c-4bc3-dd49-fe4bedd9e894', '62870b9a-5a0c-5677-7e80-7ed9d1ea06ea'),
('669b5e30-70a2-4626-9f09-bf1378b8dc91', '73b4303a-1d86-4f9c-6710-dde5fda516a2', '1170a168-2949-6f39-dfd2-89b22d10517e'),
('669c8349-2fc8-1dc3-a620-39c2f00615e8', '2dc25166-685c-4bc3-dd49-fe4bedd9e894', '565c3832-2fbc-2ad0-4735-0028ed526dd0'),
('66c10989-4b58-38c7-a009-bf1378b8dc91', '4f610a3d-21c1-4b2b-c4fe-7f9a08424f7b', '56aaf263-3355-23ea-b8d2-89b22d10517e'),
('66cfc64a-12b2-7dcc-8fbe-406293204378', '112f44cf-4800-2ee8-7f5b-5b97e23db0bb', '3a2d000a-5ea1-3197-dbd2-89b22d10517e'),
('66f040c6-49fc-4e4d-2ecf-9712082ff6cb', '791677d3-77fe-14fe-34fe-59285cca9f53', '6bb2a723-7c18-1df2-0b35-60b3ebf808a9'),
('67a7d88a-2bfd-7ea6-b10b-87ae14180c33', '541c96a6-4e24-27fe-6610-dde5fda516a2', '6c06cf05-4533-4cfe-4fc2-579daad24557'),
('6821ba4c-5cfa-205c-96c0-08fd2f807219', '541c96a6-4e24-27fe-6610-dde5fda516a2', '6c80a684-1cb5-41af-ff34-60b3ebf808a9'),
('68922a0b-6cbd-124f-7ebe-406293204378', '4fe5ee09-2c89-580a-dc49-fe4bedd9e894', '407db4d1-222b-287d-0135-60b3ebf808a9'),
('68c59bb6-5505-4bb9-47cf-9712082ff6cb', '3b880afd-77ba-69c9-6510-dde5fda516a2', '22e1c5f6-3888-6d33-6435-0028ed526dd0'),
('68fc6f39-7c51-144b-5029-a2925c0f334d', '3cac9e93-6ba9-5ebf-1cb3-db767732063a', '485c2f8b-26ef-7313-f01d-086412a8ea97'),
('69327c00-3606-5757-8fd5-ba100c6f7bce', '4fe5ee09-2c89-580a-dc49-fe4bedd9e894', '360bd1e4-7bbf-3971-d41d-086412a8ea97'),
('69474879-4ebf-7e71-6a29-a2925c0f334d', '3b880afd-77ba-69c9-6510-dde5fda516a2', '2e9c0c0f-1a6d-3055-3f77-d9ebc53aac3d'),
('69cc327f-46ba-72fc-ac20-39c2f00615e8', '3af97028-144d-3632-fe0b-72dcf4babcff', '12e12a5c-6e3a-503a-d71d-086412a8ea97'),
('69d0a6be-3a49-647e-c30b-87ae14180c33', '5eb78adb-60fd-65e0-c5fe-7f9a08424f7b', '667467e2-6216-209e-8180-7ed9d1ea06ea'),
('6a3cdb3a-63f6-5410-ad20-39c2f00615e8', '4f610a3d-21c1-4b2b-c4fe-7f9a08424f7b', '3f9e1122-6ac0-3e96-8680-7ed9d1ea06ea'),
('6a609d64-6a52-759d-7abe-406293204378', '3cac9e93-6ba9-5ebf-1cb3-db767732063a', '5fd0a411-5945-70f7-4a35-0028ed526dd0'),
('6a6d68d5-6cf5-137e-88be-406293204378', '541c96a6-4e24-27fe-6610-dde5fda516a2', '6a50ecc3-384e-2a54-2177-d9ebc53aac3d'),
('6a8fc0a1-7767-1d76-6b29-a2925c0f334d', '3af97028-144d-3632-fe0b-72dcf4babcff', NULL),
('6a94b3d5-77fe-38bf-a90b-87ae14180c33', '73b4303a-1d86-4f9c-6710-dde5fda516a2', '5c85f9f2-1de1-4f0a-3e35-0028ed526dd0'),
('6aa12382-327a-40cd-2b84-196123975cb2', '2dc25166-685c-4bc3-dd49-fe4bedd9e894', '50c07587-55d5-5b36-1b77-d9ebc53aac3d'),
('6b38b9ca-1944-5121-4cde-23e177779933', '541c96a6-4e24-27fe-6610-dde5fda516a2', '6399a2a5-2afd-3384-da1d-086412a8ea97'),
('6b47b37f-3123-3ce7-14cf-9712082ff6cb', '3cac9e93-6ba9-5ebf-1cb3-db767732063a', '643eb1df-3f3b-2eec-6e80-7ed9d1ea06ea'),
('6b53c4be-58a3-6f9f-8309-bf1378b8dc91', '3cac9e93-6ba9-5ebf-1cb3-db767732063a', '51510d9a-55bc-1ca2-dad2-89b22d10517e'),
('6bb063e6-4b60-5e69-43de-23e177779933', '4f610a3d-21c1-4b2b-c4fe-7f9a08424f7b', '7f1b6c7c-2b74-3ebb-31c2-579daad24557'),
('6be6c0e9-220a-3d03-96d5-ba100c6f7bce', '4f610a3d-21c1-4b2b-c4fe-7f9a08424f7b', NULL),
('6c14ea01-7211-5422-4dde-23e177779933', '3b880afd-77ba-69c9-6510-dde5fda516a2', '31629133-61f6-7765-1535-60b3ebf808a9'),
('6c2d254c-51c8-2ac9-7409-bf1378b8dc91', '5eb78adb-60fd-65e0-c5fe-7f9a08424f7b', '623727c0-4fb7-573d-c3d2-89b22d10517e'),
('6c44fc3e-44b0-3293-9dc0-08fd2f807219', '61e3cc06-6237-222a-7e5b-5b97e23db0bb', '5ebaaa98-6f11-30ce-1c35-60b3ebf808a9'),
('6c836c33-5232-1755-d020-39c2f00615e8', '3cac9e93-6ba9-5ebf-1cb3-db767732063a', '4f6e3234-1da4-7273-c7d2-89b22d10517e'),
('6ca89fa3-4067-7dac-2584-196123975cb2', '112f44cf-4800-2ee8-7f5b-5b97e23db0bb', '1aae7de9-58a5-49fe-3a77-d9ebc53aac3d'),
('6cb5344e-4b6a-3e87-7809-bf1378b8dc91', '61e3cc06-6237-222a-7e5b-5b97e23db0bb', '7dc15ff7-7a2b-68a9-9941-c1ec321fe728'),
('6d0057ed-5e0b-42ca-2dcf-9712082ff6cb', '791677d3-77fe-14fe-34fe-59285cca9f53', '79806d6f-4830-6311-2577-d9ebc53aac3d'),
('6dd5a683-2583-1283-7629-a2925c0f334d', '5eb78adb-60fd-65e0-c5fe-7f9a08424f7b', '15882a38-218c-7556-3280-de64d090a2c2'),
('6e06a7ff-3639-60c7-8409-bf1378b8dc91', '3af97028-144d-3632-fe0b-72dcf4babcff', '69fe3947-41b8-19b2-3e77-d9ebc53aac3d'),
('6e082f6f-22b4-6ab0-9c09-bf1378b8dc91', '3af97028-144d-3632-fe0b-72dcf4babcff', '6f51ea57-13b2-139f-1177-d9ebc53aac3d'),
('6e2d162f-65fb-4ac7-35de-23e177779933', '112f44cf-4800-2ee8-7f5b-5b97e23db0bb', '46325c89-599d-77ef-74f6-423b4e874d0f'),
('6e4a8ceb-4935-6254-d40b-87ae14180c33', '3cac9e93-6ba9-5ebf-1cb3-db767732063a', '2efc0ff3-37c0-286f-bbd2-89b22d10517e'),
('6e98d16d-1cee-3d90-4d29-a2925c0f334d', '61e3cc06-6237-222a-7e5b-5b97e23db0bb', '23309faa-2375-4675-d5d2-89b22d10517e'),
('6ec476cf-6191-3144-55de-23e177779933', '3b880afd-77ba-69c9-6510-dde5fda516a2', '4b649055-43d5-2b07-de1d-086412a8ea97'),
('6eeb0f16-1f95-72a8-8ac0-08fd2f807219', '3cac9e93-6ba9-5ebf-1cb3-db767732063a', '15882a38-218c-7556-3280-de64d090a2c2'),
('6eeb8c68-18e7-5250-3cde-23e177779933', '791677d3-77fe-14fe-34fe-59285cca9f53', '2da0cbfc-13ad-7ad2-82f6-423b4e874d0f'),
('6ef29a53-7bc8-7018-90c0-08fd2f807219', '3af97028-144d-3632-fe0b-72dcf4babcff', '6d7e72ba-1a35-5aaa-e2d2-89b22d10517e'),
('6f1c10e2-1e18-7f4e-3fcf-9712082ff6cb', '3b880afd-77ba-69c9-6510-dde5fda516a2', '432d76c5-6b3a-6bd2-7035-0028ed526dd0'),
('6f1fafa3-242f-2f55-abc0-08fd2f807219', '4f610a3d-21c1-4b2b-c4fe-7f9a08424f7b', NULL),
('6fe6ed5e-23cc-3c76-b60b-87ae14180c33', '3b880afd-77ba-69c9-6510-dde5fda516a2', '5f4b1d0a-247b-7049-4435-0028ed526dd0'),
('6ff90fae-39dc-6ed1-6929-a2925c0f334d', '61e3cc06-6237-222a-7e5b-5b97e23db0bb', '1a5e12b6-47bc-2bc1-7380-7ed9d1ea06ea'),
('6ffac9db-602c-3d4a-8dbe-406293204378', '541c96a6-4e24-27fe-6610-dde5fda516a2', '47447c78-7c3f-29c3-6535-0028ed526dd0'),
('70054e8d-6c42-3aaa-36cf-9712082ff6cb', '5eb78adb-60fd-65e0-c5fe-7f9a08424f7b', '39bd677c-589e-4690-4677-d9ebc53aac3d'),
('701dfa6f-5405-598b-28cf-9712082ff6cb', '541c96a6-4e24-27fe-6610-dde5fda516a2', '18d2ec1b-61c5-1896-2ec2-579daad24557'),
('70238f32-4351-7743-a7c0-08fd2f807219', '3b880afd-77ba-69c9-6510-dde5fda516a2', '46325c89-599d-77ef-74f6-423b4e874d0f'),
('70db2698-6fe2-46c7-95c0-08fd2f807219', '61e3cc06-6237-222a-7e5b-5b97e23db0bb', '13241f9b-34c5-6720-9641-c1ec321fe728'),
('70e8e9ef-1d12-602a-a420-39c2f00615e8', '4f610a3d-21c1-4b2b-c4fe-7f9a08424f7b', '3d7188e7-111a-58b0-6e35-0028ed526dd0'),
('71e90169-14c6-1feb-add5-ba100c6f7bce', '3af97028-144d-3632-fe0b-72dcf4babcff', '7c6c70d9-2ed5-49d8-81f6-423b4e874d0f'),
('7214c81d-705f-3473-65be-406293204378', '73b4303a-1d86-4f9c-6710-dde5fda516a2', '244b1b16-56fc-1f92-73f6-423b4e874d0f'),
('7235e434-7ba8-529a-bc20-39c2f00615e8', '3cac9e93-6ba9-5ebf-1cb3-db767732063a', '46325c89-599d-77ef-74f6-423b4e874d0f'),
('72a26de2-4c5b-22ba-6bbe-406293204378', '2dc25166-685c-4bc3-dd49-fe4bedd9e894', '5e018773-114a-3517-54c2-579daad24557'),
('72f92903-5295-4ea2-3dde-23e177779933', '5eb78adb-60fd-65e0-c5fe-7f9a08424f7b', '2c3624a3-5c41-65f0-3c80-de64d090a2c2'),
('73f57149-5281-7667-ae0b-87ae14180c33', '541c96a6-4e24-27fe-6610-dde5fda516a2', '19208572-271c-6122-3177-d9ebc53aac3d'),
('73f7cd57-4d1d-1883-78be-406293204378', '541c96a6-4e24-27fe-6610-dde5fda516a2', '57dc4273-5c51-4aea-4d35-0028ed526dd0'),
('73f98792-723a-5c61-67be-406293204378', '4f610a3d-21c1-4b2b-c4fe-7f9a08424f7b', NULL),
('742f323b-7dce-3b9a-9209-bf1378b8dc91', '791677d3-77fe-14fe-34fe-59285cca9f53', '255b28ba-2177-6baf-0835-60b3ebf808a9'),
('7441e84e-3b68-7d8b-63be-406293204378', '791677d3-77fe-14fe-34fe-59285cca9f53', '36093e33-5a04-66a2-97f6-423b4e874d0f'),
('749af78e-699e-5d1e-7109-bf1378b8dc91', '7461553a-1f2b-56a6-e8c0-f32a102323e6', '1a1775e2-2a1b-1605-4080-de64d090a2c2'),
('749f165c-16de-4b32-86c0-08fd2f807219', '4f610a3d-21c1-4b2b-c4fe-7f9a08424f7b', '3582e86f-1b41-6262-7ef6-423b4e874d0f'),
('74de5ccc-59ee-1411-a00b-87ae14180c33', '61e3cc06-6237-222a-7e5b-5b97e23db0bb', '34fa6351-5e23-4402-8080-7ed9d1ea06ea'),
('750c0d18-24fb-578b-51de-23e177779933', '541c96a6-4e24-27fe-6610-dde5fda516a2', '190d326c-39c7-2e98-8280-7ed9d1ea06ea'),
('7547886a-3cc3-19f7-8609-bf1378b8dc91', '7461553a-1f2b-56a6-e8c0-f32a102323e6', NULL),
('75493d42-7d63-4fa9-4ade-23e177779933', '4fe5ee09-2c89-580a-dc49-fe4bedd9e894', '1bd700df-4b1c-4b0b-2d35-60b3ebf808a9'),
('75541709-3f4a-4f20-87c0-08fd2f807219', '5eb78adb-60fd-65e0-c5fe-7f9a08424f7b', '6c3c5faa-7f24-5ca3-ad41-c1ec321fe728'),
('75e8312d-4736-1b97-49de-23e177779933', '791677d3-77fe-14fe-34fe-59285cca9f53', '31ae1818-7baf-1872-1e77-d9ebc53aac3d'),
('75ec6c1d-1e49-7b1c-8a09-bf1378b8dc91', '791677d3-77fe-14fe-34fe-59285cca9f53', '6b76d607-7d60-38a2-5680-7ed9d1ea06ea'),
('765a8849-65a2-2ad9-a220-39c2f00615e8', '4f610a3d-21c1-4b2b-c4fe-7f9a08424f7b', '76cbbb4b-1739-2986-4c77-d9ebc53aac3d'),
('7679ed67-7f03-71df-61be-406293204378', '4fe5ee09-2c89-580a-dc49-fe4bedd9e894', '32d0d11c-7c72-5daa-9f41-c1ec321fe728'),
('768816a8-415c-1cf2-7e09-bf1378b8dc91', '5eb78adb-60fd-65e0-c5fe-7f9a08424f7b', '7d7eeed2-2d5b-7355-9c41-c1ec321fe728'),
('76ac5789-6eb7-18f0-83be-406293204378', '791677d3-77fe-14fe-34fe-59285cca9f53', '57d19966-5428-4ce3-4a77-d9ebc53aac3d'),
('76ad5511-22c1-35ae-ce20-39c2f00615e8', '791677d3-77fe-14fe-34fe-59285cca9f53', '6e3f7a8c-2f78-16a9-36c2-579daad24557'),
('76c52404-6f1b-6b19-84be-406293204378', '4fe5ee09-2c89-580a-dc49-fe4bedd9e894', '20aa876a-25c5-7bfa-3977-d9ebc53aac3d'),
('77677125-3b3c-5560-3dcf-9712082ff6cb', '73b4303a-1d86-4f9c-6710-dde5fda516a2', '79b32897-3f8e-5ff4-5cc2-579daad24557'),
('777df041-51a7-37b6-7509-bf1378b8dc91', '112f44cf-4800-2ee8-7f5b-5b97e23db0bb', '1906737f-3aed-5704-1777-d9ebc53aac3d'),
('780d4a88-7745-3862-0184-196123975cb2', '3b880afd-77ba-69c9-6510-dde5fda516a2', '60b57ac2-2e01-384d-2980-de64d090a2c2'),
('782665f6-489e-1247-1bcf-9712082ff6cb', '2dc25166-685c-4bc3-dd49-fe4bedd9e894', '31ae1818-7baf-1872-1e77-d9ebc53aac3d'),
('786080c7-49cd-1283-b9c0-08fd2f807219', '3af97028-144d-3632-fe0b-72dcf4babcff', '6a763a51-4322-5c5a-b5d2-89b22d10517e'),
('78644667-7d24-3947-8b09-bf1378b8dc91', '4fe5ee09-2c89-580a-dc49-fe4bedd9e894', '35a11d1c-179b-2015-3a80-de64d090a2c2'),
('7898e862-3c27-27fd-b9d5-ba100c6f7bce', '61e3cc06-6237-222a-7e5b-5b97e23db0bb', '3b9ddf67-2552-6683-5a80-7ed9d1ea06ea'),
('78fa7fa5-4534-391b-ca20-39c2f00615e8', '4f610a3d-21c1-4b2b-c4fe-7f9a08424f7b', '52a36f9d-42d4-6841-38c2-579daad24557'),
('7909314b-37b3-1623-9d09-bf1378b8dc91', '541c96a6-4e24-27fe-6610-dde5fda516a2', '22732821-2015-1da3-4335-0028ed526dd0'),
('790c6814-28f3-477f-50de-23e177779933', '61e3cc06-6237-222a-7e5b-5b97e23db0bb', '1431bd98-52a5-6694-2635-60b3ebf808a9'),
('7972105d-19f8-150c-9709-bf1378b8dc91', '541c96a6-4e24-27fe-6610-dde5fda516a2', '63b8eb29-7fb9-2880-1d35-60b3ebf808a9'),
('79962adc-60be-1aa3-81be-406293204378', '541c96a6-4e24-27fe-6610-dde5fda516a2', NULL),
('79bbb57f-6adf-180a-a5d5-ba100c6f7bce', '73b4303a-1d86-4f9c-6710-dde5fda516a2', '23309faa-2375-4675-d5d2-89b22d10517e'),
('79da9aa9-7677-3219-91d5-ba100c6f7bce', '7461553a-1f2b-56a6-e8c0-f32a102323e6', '5db1da95-4fee-6fde-4180-de64d090a2c2'),
('79e5ce08-197b-6b8f-a2c0-08fd2f807219', '7461553a-1f2b-56a6-e8c0-f32a102323e6', '5b511806-63ef-7f25-89f6-423b4e874d0f'),
('79eb5f69-5ee9-796b-5b29-a2925c0f334d', '112f44cf-4800-2ee8-7f5b-5b97e23db0bb', '1170a168-2949-6f39-dfd2-89b22d10517e'),
('7aab5e86-48d1-3959-6729-a2925c0f334d', '2dc25166-685c-4bc3-dd49-fe4bedd9e894', '6d7e72ba-1a35-5aaa-e2d2-89b22d10517e'),
('7ab54386-59c1-7a58-a70b-87ae14180c33', '7461553a-1f2b-56a6-e8c0-f32a102323e6', '6d62469c-3182-4553-2e35-60b3ebf808a9'),
('7acc889b-3a41-31d1-7329-a2925c0f334d', '5eb78adb-60fd-65e0-c5fe-7f9a08424f7b', '57e65423-37f0-74b0-71f6-423b4e874d0f'),
('7afbde73-7267-7c6b-a720-39c2f00615e8', '4fe5ee09-2c89-580a-dc49-fe4bedd9e894', '5390f963-6023-37c3-5ac2-579daad24557'),
('7b06b87f-1d8e-7045-ba20-39c2f00615e8', '61e3cc06-6237-222a-7e5b-5b97e23db0bb', '7bc9331d-7764-5dd7-80f6-423b4e874d0f'),
('7b0fa877-394a-6a5c-c620-39c2f00615e8', '791677d3-77fe-14fe-34fe-59285cca9f53', '6b3600cd-500f-4faf-5035-0028ed526dd0'),
('7b2691d2-2f11-17aa-41cf-9712082ff6cb', '73b4303a-1d86-4f9c-6710-dde5fda516a2', '45c09477-664f-1904-0f35-60b3ebf808a9'),
('7b353b36-3996-4309-4e29-a2925c0f334d', '5eb78adb-60fd-65e0-c5fe-7f9a08424f7b', NULL),
('7be350e8-54d2-60b1-9cc0-08fd2f807219', '541c96a6-4e24-27fe-6610-dde5fda516a2', '40fff47f-4425-60cb-5135-0028ed526dd0'),
('7c8a1994-60bc-610c-9a09-bf1378b8dc91', '2dc25166-685c-4bc3-dd49-fe4bedd9e894', '6a763a51-4322-5c5a-b5d2-89b22d10517e'),
('7c94355d-4702-3a9b-5abe-406293204378', '5eb78adb-60fd-65e0-c5fe-7f9a08424f7b', '4d536cce-31bf-335e-bfd2-89b22d10517e'),
('7cd8b4b6-438c-5547-92d5-ba100c6f7bce', '4f610a3d-21c1-4b2b-c4fe-7f9a08424f7b', '1fecd07f-2488-638c-8141-c1ec321fe728'),
('7d6bf0e6-5254-32fc-ce0b-87ae14180c33', '73b4303a-1d86-4f9c-6710-dde5fda516a2', '4e2c885d-5347-35dc-79f6-423b4e874d0f'),
('7d85be69-2fdf-5710-b50b-87ae14180c33', '73b4303a-1d86-4f9c-6710-dde5fda516a2', '3fa724dd-431f-5032-2a80-de64d090a2c2'),
('7d93df39-3dad-2701-b2d5-ba100c6f7bce', '61e3cc06-6237-222a-7e5b-5b97e23db0bb', '2e25af01-3568-3517-7580-7ed9d1ea06ea'),
('7dbd90f6-6015-12c6-4b29-a2925c0f334d', '73b4303a-1d86-4f9c-6710-dde5fda516a2', '4989ff24-23e7-7b82-b6d2-89b22d10517e'),
('7dc43ab0-2448-4bda-bcc0-08fd2f807219', '5eb78adb-60fd-65e0-c5fe-7f9a08424f7b', '11e8faef-6121-695a-86f6-423b4e874d0f'),
('7e3d0b8b-126d-570c-85be-406293204378', '3b880afd-77ba-69c9-6510-dde5fda516a2', '337faf61-662b-461a-69f6-423b4e874d0f'),
('7e77e231-2785-2bd0-5d29-a2925c0f334d', '541c96a6-4e24-27fe-6610-dde5fda516a2', '22ef197e-5586-3911-a741-c1ec321fe728'),
('7ecbf6e5-15cb-3313-8bbe-406293204378', '4f610a3d-21c1-4b2b-c4fe-7f9a08424f7b', '13e1d857-71ca-355c-5835-0028ed526dd0'),
('7f6282cd-3f90-34ad-b3c0-08fd2f807219', '3cac9e93-6ba9-5ebf-1cb3-db767732063a', '233d36ab-4bd0-431e-78f6-423b4e874d0f'),
('7f87c0c6-2f8d-40fa-cb20-39c2f00615e8', '4f610a3d-21c1-4b2b-c4fe-7f9a08424f7b', '5fb9392a-4ad5-1fe7-76f6-423b4e874d0f'),
('7fac2a57-38e1-543c-31cf-9712082ff6cb', '2dc25166-685c-4bc3-dd49-fe4bedd9e894', NULL);

-- 
-- Dumping data for table employee_equipment_room
--
INSERT INTO employee_equipment_room VALUES
('114ebdc0-36a8-1d80-fc69-4afe230d73a5', '2102924a-510c-7251-a026-71cca92946bf', '36093e33-5a04-66a2-97f6-423b4e874d0f'),
('1165d277-46c4-6ca4-6369-9f77bda75690', '74b4ef62-677e-21c3-88db-f21ac591aca5', '32d33559-61a5-4afd-d91d-086412a8ea97'),
('118a85e8-3220-6043-401e-21c6d80fbd76', '71952621-23c8-61d2-d0eb-e423f1575e00', '4db9a514-6d87-2ec1-3b35-0028ed526dd0'),
('1199652f-58c2-37d3-5a71-153b37881afe', '2102924a-510c-7251-a026-71cca92946bf', '46eaa3fa-4f84-7c8d-3480-de64d090a2c2'),
('11c774a3-3591-32bb-6795-2c566fa88632', '447816de-6069-15bf-de3d-c9e9e9038fe2', '678732d9-6f0c-3bf8-6b35-0028ed526dd0'),
('11ce5d2d-260e-11cb-4595-2c566fa88632', '423d5b84-2191-6cce-df3d-c9e9e9038fe2', '321cca36-5b09-7efa-52c2-579daad24557'),
('11db07ea-3a3f-169b-3c80-3a2297d01534', '74b4ef62-677e-21c3-88db-f21ac591aca5', '1e5ce342-2eec-79a4-5380-7ed9d1ea06ea'),
('11fd8f13-605a-7027-6895-2c566fa88632', '3541ff76-58f0-6d1a-e836-63d5d5eff719', '6b550b8f-7ff9-51bc-0f77-d9ebc53aac3d'),
('1205d8a3-1b9b-13e2-311e-21c6d80fbd76', '447816de-6069-15bf-de3d-c9e9e9038fe2', NULL),
('122a77f9-5685-12de-4080-3a2297d01534', '2102924a-510c-7251-a026-71cca92946bf', '6b76d607-7d60-38a2-5680-7ed9d1ea06ea'),
('122b9397-737f-7e75-4f1e-21c6d80fbd76', '48b51439-3625-6c0c-7532-03c92da59c43', NULL),
('123459d3-6165-5820-6469-9f77bda75690', '79aca385-65e3-1ebe-f488-479bce9b28fc', '2d3ae261-2b44-7713-41c2-579daad24557'),
('123f328a-5394-6552-6071-153b37881afe', '74b4ef62-677e-21c3-88db-f21ac591aca5', '4d536cce-31bf-335e-bfd2-89b22d10517e'),
('124009e8-6f21-55ea-4c4a-aea48a10ed18', '79aca385-65e3-1ebe-f488-479bce9b28fc', '1c98cac7-2784-73af-43c2-579daad24557'),
('128c9c31-1636-6547-e269-4afe230d73a5', '79aca385-65e3-1ebe-f488-479bce9b28fc', '11ea67a8-36b3-7e4b-3e80-de64d090a2c2'),
('12ba6b8e-17e4-3d68-4a1e-21c6d80fbd76', '74b4ef62-677e-21c3-88db-f21ac591aca5', '192b3b9d-5e60-3b13-5b80-7ed9d1ea06ea'),
('13009ae2-3273-11e8-fb69-4afe230d73a5', '2102924a-510c-7251-a026-71cca92946bf', '488526e3-42cc-4255-aa41-c1ec321fe728'),
('13145f26-13f8-7f78-3e80-3a2297d01534', '447816de-6069-15bf-de3d-c9e9e9038fe2', '623727c0-4fb7-573d-c3d2-89b22d10517e'),
('131cd73b-3657-43f5-201e-21c6d80fbd76', '39446ba3-3071-7af6-a5a9-deaf32c96293', '19208572-271c-6122-3177-d9ebc53aac3d'),
('1385958b-3e5b-5032-5d71-153b37881afe', '2102924a-510c-7251-a026-71cca92946bf', '3e9b9b39-3e75-3a20-a941-c1ec321fe728'),
('13ba7a8b-40f5-6355-4b1e-21c6d80fbd76', '3541ff76-58f0-6d1a-e836-63d5d5eff719', '11e8faef-6121-695a-86f6-423b4e874d0f'),
('13d12452-40ad-356f-5869-9f77bda75690', '71952621-23c8-61d2-d0eb-e423f1575e00', '36093e33-5a04-66a2-97f6-423b4e874d0f'),
('14395b0f-634c-62bc-434a-aea48a10ed18', '174ffc6c-4080-4bc3-a126-71cca92946bf', '60cfb854-3731-4813-5dc2-579daad24557'),
('1460fc50-21cf-2b05-24b5-c8af08a50cbf', '74b4ef62-677e-21c3-88db-f21ac591aca5', '13ede5b6-19dd-563e-1980-de64d090a2c2'),
('14d5284d-5855-4151-5626-978952f080e4', '39446ba3-3071-7af6-a5a9-deaf32c96293', '7ffc8175-788c-17ff-f81d-086412a8ea97'),
('14e0fb8e-132c-6f8c-6c80-3a2297d01534', '71952621-23c8-61d2-d0eb-e423f1575e00', '14aa1334-3d35-32c4-30c2-579daad24557'),
('15277503-2ce8-5417-4a80-3a2297d01534', '48b51439-3625-6c0c-7532-03c92da59c43', '7c086898-6040-64ee-4777-d9ebc53aac3d'),
('152d9cd3-28d6-5fe5-6495-2c566fa88632', '447816de-6069-15bf-de3d-c9e9e9038fe2', '7e61a689-2cd8-340e-2677-d9ebc53aac3d'),
('153ab8dd-24df-3392-e569-4afe230d73a5', '71952621-23c8-61d2-d0eb-e423f1575e00', NULL),
('1540f206-42cf-6f42-4769-9f77bda75690', '48b51439-3625-6c0c-7532-03c92da59c43', '28cd1599-63bf-785f-4f80-7ed9d1ea06ea'),
('1547bb01-30a2-62ea-6595-2c566fa88632', '74b4ef62-677e-21c3-88db-f21ac591aca5', '28a16581-1fd1-546b-1677-d9ebc53aac3d'),
('15759af0-326b-7ba8-261e-21c6d80fbd76', '79aca385-65e3-1ebe-f488-479bce9b28fc', '22cb30ef-3311-51f7-e21d-086412a8ea97'),
('15b74345-3676-3005-feb4-c8af08a50cbf', '79aca385-65e3-1ebe-f488-479bce9b28fc', '13e1d857-71ca-355c-5835-0028ed526dd0'),
('15b7df7d-3952-2373-f969-4afe230d73a5', '2102924a-510c-7251-a026-71cca92946bf', '3d9b23c7-7369-2872-5635-0028ed526dd0'),
('15ff33b9-1dd5-7b26-2ab5-c8af08a50cbf', '447816de-6069-15bf-de3d-c9e9e9038fe2', '5dc832b0-169a-1395-37c2-579daad24557'),
('16025878-7f1c-4e34-0e6a-4afe230d73a5', '3541ff76-58f0-6d1a-e836-63d5d5eff719', '337faf61-662b-461a-69f6-423b4e874d0f'),
('161f4dea-772b-64f8-5b80-3a2297d01534', '2102924a-510c-7251-a026-71cca92946bf', '1c81ee21-5452-337b-3c77-d9ebc53aac3d'),
('1630163b-3373-7060-4c1e-21c6d80fbd76', '447816de-6069-15bf-de3d-c9e9e9038fe2', '322105dd-142f-392d-2fc2-579daad24557'),
('16837a0b-4c4c-6b63-f769-4afe230d73a5', '174ffc6c-4080-4bc3-a126-71cca92946bf', NULL),
('1683b9c3-7632-486f-7fcb-b8d37b68af4d', '79aca385-65e3-1ebe-f488-479bce9b28fc', '257f267d-1259-4c3b-2e80-de64d090a2c2'),
('16901daa-2657-688d-274a-aea48a10ed18', '174ffc6c-4080-4bc3-a126-71cca92946bf', '197fda97-5a35-781d-0e77-d9ebc53aac3d'),
('16d53221-7af9-67a4-60cb-b8d37b68af4d', '2102924a-510c-7251-a026-71cca92946bf', '3017e692-73fb-6331-6a80-7ed9d1ea06ea'),
('16fc94ab-327e-4d3a-3995-2c566fa88632', '447816de-6069-15bf-de3d-c9e9e9038fe2', '1a03b81f-4e62-61a7-56c2-579daad24557'),
('17094ad4-2727-3253-06b5-c8af08a50cbf', '74b4ef62-677e-21c3-88db-f21ac591aca5', '395fb299-3c5f-46fe-8841-c1ec321fe728'),
('174b8763-2707-7cb1-3c71-153b37881afe', '447816de-6069-15bf-de3d-c9e9e9038fe2', '1b44b340-6210-3522-8780-7ed9d1ea06ea'),
('17550e17-585d-701d-fdb4-c8af08a50cbf', '74b4ef62-677e-21c3-88db-f21ac591aca5', '60cfb854-3731-4813-5dc2-579daad24557'),
('176a9101-657e-3593-231e-21c6d80fbd76', '2102924a-510c-7251-a026-71cca92946bf', '26942456-25a8-5ec2-8b41-c1ec321fe728'),
('17939b5b-596f-3d64-291e-21c6d80fbd76', '39446ba3-3071-7af6-a5a9-deaf32c96293', NULL),
('17a5fb2a-5d0f-77b1-431e-21c6d80fbd76', '79aca385-65e3-1ebe-f488-479bce9b28fc', '4b97b88b-69a5-234a-4277-d9ebc53aac3d'),
('180dd722-49a7-2b93-fab4-c8af08a50cbf', '39446ba3-3071-7af6-a5a9-deaf32c96293', '3a2d000a-5ea1-3197-dbd2-89b22d10517e'),
('181355a3-4d99-27a0-6780-3a2297d01534', '71952621-23c8-61d2-d0eb-e423f1575e00', '28cd1599-63bf-785f-4f80-7ed9d1ea06ea'),
('1847c988-132a-3139-f669-4afe230d73a5', '48b51439-3625-6c0c-7532-03c92da59c43', '6349b25b-78e2-2d06-2780-de64d090a2c2'),
('184db986-422c-14ce-03b5-c8af08a50cbf', '74b4ef62-677e-21c3-88db-f21ac591aca5', '1a7000fc-53a9-670b-1b35-60b3ebf808a9'),
('187ff49a-207a-56b5-5095-2c566fa88632', '447816de-6069-15bf-de3d-c9e9e9038fe2', '1343d389-1cc2-4ab7-88f6-423b4e874d0f'),
('188263d8-1426-370e-3869-9f77bda75690', '39446ba3-3071-7af6-a5a9-deaf32c96293', '3512583a-64ab-33c0-6c80-7ed9d1ea06ea'),
('18834b2f-1187-1ab1-0ab5-c8af08a50cbf', '48b51439-3625-6c0c-7532-03c92da59c43', '53f68d51-267f-2d1e-8241-c1ec321fe728'),
('1883e369-7f68-5eee-324a-aea48a10ed18', '79aca385-65e3-1ebe-f488-479bce9b28fc', '7ad34860-1ac8-7ad7-d01d-086412a8ea97'),
('1921aea6-6cdc-3694-4e69-9f77bda75690', '48b51439-3625-6c0c-7532-03c92da59c43', '15882a38-218c-7556-3280-de64d090a2c2'),
('195135f7-1f19-2436-6971-153b37881afe', '447816de-6069-15bf-de3d-c9e9e9038fe2', '3d1266d8-49d7-3605-2477-d9ebc53aac3d'),
('1951379c-2b9c-7eaf-4726-978952f080e4', '79aca385-65e3-1ebe-f488-479bce9b28fc', '7d7eeed2-2d5b-7355-9c41-c1ec321fe728'),
('1954f85f-6680-5dab-6480-3a2297d01534', '48b51439-3625-6c0c-7532-03c92da59c43', '2107e2a5-49f8-237b-5780-7ed9d1ea06ea'),
('195cdeac-47b5-799a-6869-9f77bda75690', '48b51439-3625-6c0c-7532-03c92da59c43', NULL),
('19d1c0ea-24d9-628f-4695-2c566fa88632', '447816de-6069-15bf-de3d-c9e9e9038fe2', '592aba45-4643-52ff-c1d2-89b22d10517e'),
('1a108fad-35bc-6782-25b5-c8af08a50cbf', '71952621-23c8-61d2-d0eb-e423f1575e00', '323e9a2a-289d-273d-2535-60b3ebf808a9'),
('1a11cbdd-3ceb-4bb7-471e-21c6d80fbd76', '423d5b84-2191-6cce-df3d-c9e9e9038fe2', '322105dd-142f-392d-2fc2-579daad24557'),
('1a66c4b3-1ba5-66d1-5495-2c566fa88632', '39446ba3-3071-7af6-a5a9-deaf32c96293', '4d65a4a5-6f4c-6c5e-d7d2-89b22d10517e'),
('1a6d3864-4562-2ea0-2d1e-21c6d80fbd76', '174ffc6c-4080-4bc3-a126-71cca92946bf', '500b6761-1631-4f3a-c0d2-89b22d10517e'),
('1a8828f8-6722-47d5-5426-978952f080e4', '48b51439-3625-6c0c-7532-03c92da59c43', '34e0b175-5b50-44af-8af6-423b4e874d0f'),
('1a974779-486e-3eea-6580-3a2297d01534', '74b4ef62-677e-21c3-88db-f21ac591aca5', '4a93533c-166e-153b-5a35-0028ed526dd0'),
('1a9ce3d6-6094-1d88-5580-3a2297d01534', '2102924a-510c-7251-a026-71cca92946bf', '7c9b1a92-6272-7972-62c2-579daad24557'),
('1aa330a8-4e48-7daf-214a-aea48a10ed18', '174ffc6c-4080-4bc3-a126-71cca92946bf', '5fd0a411-5945-70f7-4a35-0028ed526dd0'),
('1b685a08-4653-3117-5b26-978952f080e4', '2102924a-510c-7251-a026-71cca92946bf', '4d4a30d1-798d-4346-f61d-086412a8ea97'),
('1b6b0b4c-7320-6876-381e-21c6d80fbd76', '74b4ef62-677e-21c3-88db-f21ac591aca5', NULL),
('1bcc7544-4cd6-6658-7571-153b37881afe', '174ffc6c-4080-4bc3-a126-71cca92946bf', '212a5f62-4eb8-203c-4035-0028ed526dd0'),
('1c56d719-74ef-7b96-6c71-153b37881afe', '2102924a-510c-7251-a026-71cca92946bf', '3582e86f-1b41-6262-7ef6-423b4e874d0f'),
('1c6ab38c-3731-73bb-6b71-153b37881afe', '79aca385-65e3-1ebe-f488-479bce9b28fc', '623727c0-4fb7-573d-c3d2-89b22d10517e'),
('1c796922-28e7-2ed2-4980-3a2297d01534', '447816de-6069-15bf-de3d-c9e9e9038fe2', '192b3b9d-5e60-3b13-5b80-7ed9d1ea06ea'),
('1c7c724a-5119-2f8a-3326-978952f080e4', '79aca385-65e3-1ebe-f488-479bce9b28fc', '244b1b16-56fc-1f92-73f6-423b4e874d0f'),
('1cb3b817-57d2-3eba-f569-4afe230d73a5', '39446ba3-3071-7af6-a5a9-deaf32c96293', '12e12a5c-6e3a-503a-d71d-086412a8ea97'),
('1cbeaf2b-59af-1d1b-4180-3a2297d01534', '39446ba3-3071-7af6-a5a9-deaf32c96293', '32d33559-61a5-4afd-d91d-086412a8ea97'),
('1cd29b36-735e-4507-4395-2c566fa88632', '423d5b84-2191-6cce-df3d-c9e9e9038fe2', '436ac860-2783-2170-e61d-086412a8ea97'),
('1cfe0162-6db8-578e-5d95-2c566fa88632', '3541ff76-58f0-6d1a-e836-63d5d5eff719', '50c07587-55d5-5b36-1b77-d9ebc53aac3d'),
('1e36dd43-4209-6585-5671-153b37881afe', '174ffc6c-4080-4bc3-a126-71cca92946bf', '34e55501-2213-19af-6d80-7ed9d1ea06ea'),
('1e45f86b-55ea-1617-4895-2c566fa88632', '71952621-23c8-61d2-d0eb-e423f1575e00', '54f4076f-3abc-2bf6-e4d2-89b22d10517e'),
('1eb42cb0-2796-7c6b-4071-153b37881afe', '2102924a-510c-7251-a026-71cca92946bf', '233d36ab-4bd0-431e-78f6-423b4e874d0f'),
('1eb6f1d6-16b2-1f51-5695-2c566fa88632', '3541ff76-58f0-6d1a-e836-63d5d5eff719', '76cbbb4b-1739-2986-4c77-d9ebc53aac3d'),
('1ef50b1c-1203-7f02-3a80-3a2297d01534', '3541ff76-58f0-6d1a-e836-63d5d5eff719', '2bd927cf-7faf-452e-4535-0028ed526dd0'),
('1f30ea44-3576-3c82-76cb-b8d37b68af4d', '48b51439-3625-6c0c-7532-03c92da59c43', '2da5cb9b-6b25-1316-f41d-086412a8ea97'),
('1f818a24-3e97-339a-3b69-9f77bda75690', '48b51439-3625-6c0c-7532-03c92da59c43', '5d116bf3-28ac-3a5c-e1d2-89b22d10517e'),
('1fda93be-45c1-32ec-5395-2c566fa88632', '3541ff76-58f0-6d1a-e836-63d5d5eff719', NULL),
('1fe22ad9-5d87-5860-421e-21c6d80fbd76', '423d5b84-2191-6cce-df3d-c9e9e9038fe2', '7976650d-4e86-2615-8c41-c1ec321fe728'),
('1fe932b3-3506-5a4f-5195-2c566fa88632', '2102924a-510c-7251-a026-71cca92946bf', '5c7f0ec4-77f2-3794-cf1d-086412a8ea97'),
('1feb773c-400f-3f59-4426-978952f080e4', '71952621-23c8-61d2-d0eb-e423f1575e00', '68c6083a-3e64-63ed-49c2-579daad24557'),
('20280f6e-1661-65a0-f269-4afe230d73a5', '423d5b84-2191-6cce-df3d-c9e9e9038fe2', '5f1a8611-19e1-6b21-6135-0028ed526dd0'),
('2028b908-6182-4cd4-474a-aea48a10ed18', '79aca385-65e3-1ebe-f488-479bce9b28fc', '244b1b16-56fc-1f92-73f6-423b4e874d0f'),
('2070f208-22b7-41a5-3026-978952f080e4', '2102924a-510c-7251-a026-71cca92946bf', '3d1266d8-49d7-3605-2477-d9ebc53aac3d'),
('2071dbd2-2dec-6d38-354a-aea48a10ed18', '423d5b84-2191-6cce-df3d-c9e9e9038fe2', '7d7c8cbb-3c1b-7e12-6680-7ed9d1ea06ea'),
('2075983f-779f-6aa3-5880-3a2297d01534', '48b51439-3625-6c0c-7532-03c92da59c43', '566cfceb-4e8e-112c-4580-de64d090a2c2'),
('20a8400b-3226-26c9-6671-153b37881afe', '39446ba3-3071-7af6-a5a9-deaf32c96293', NULL),
('20e16f03-2b59-1c2c-321e-21c6d80fbd76', '48b51439-3625-6c0c-7532-03c92da59c43', '3d1266d8-49d7-3605-2477-d9ebc53aac3d'),
('20e6cf5c-56c1-4716-4880-3a2297d01534', '71952621-23c8-61d2-d0eb-e423f1575e00', '77d8752b-2920-240f-b241-c1ec321fe728'),
('212165a7-6b40-52ba-504a-aea48a10ed18', '423d5b84-2191-6cce-df3d-c9e9e9038fe2', '151fd6bf-23e6-1487-ec1d-086412a8ea97'),
('21851c35-604d-7872-10b5-c8af08a50cbf', '71952621-23c8-61d2-d0eb-e423f1575e00', '188ea19d-5d0a-5e5d-e6d2-89b22d10517e'),
('21994fa1-44ce-315f-e969-4afe230d73a5', '79aca385-65e3-1ebe-f488-479bce9b28fc', '2e9c0c0f-1a6d-3055-3f77-d9ebc53aac3d'),
('21c27f0b-7ae1-177e-2b1e-21c6d80fbd76', '3541ff76-58f0-6d1a-e836-63d5d5eff719', '721b7460-7378-2203-0435-60b3ebf808a9'),
('21ca0184-62c4-65e3-e869-4afe230d73a5', '39446ba3-3071-7af6-a5a9-deaf32c96293', '3b9be541-2ef2-4000-4bc2-579daad24557'),
('21deeb10-7abc-5f2d-4480-3a2297d01534', '3541ff76-58f0-6d1a-e836-63d5d5eff719', '6d62469c-3182-4553-2e35-60b3ebf808a9'),
('227a754a-2c7c-6ae1-4369-9f77bda75690', '423d5b84-2191-6cce-df3d-c9e9e9038fe2', '689162ae-5547-173e-4877-d9ebc53aac3d'),
('228b85f5-52b1-2110-e069-4afe230d73a5', '447816de-6069-15bf-de3d-c9e9e9038fe2', '5d1892e7-6a64-7bb6-8580-7ed9d1ea06ea'),
('228e3286-7b04-1cb0-3d26-978952f080e4', '174ffc6c-4080-4bc3-a126-71cca92946bf', '17533c84-1985-633c-83f6-423b4e874d0f'),
('22e27a6c-593f-7c39-5680-3a2297d01534', '39446ba3-3071-7af6-a5a9-deaf32c96293', '22ef197e-5586-3911-a741-c1ec321fe728'),
('22ff5819-76fc-576e-5c26-978952f080e4', '39446ba3-3071-7af6-a5a9-deaf32c96293', '4863fe5f-13df-4653-9041-c1ec321fe728'),
('235e7e98-18cc-5498-fd69-4afe230d73a5', '48b51439-3625-6c0c-7532-03c92da59c43', '1fecd07f-2488-638c-8141-c1ec321fe728'),
('236283fa-1c9f-2733-221e-21c6d80fbd76', '79aca385-65e3-1ebe-f488-479bce9b28fc', '62870b9a-5a0c-5677-7e80-7ed9d1ea06ea'),
('23d3e425-72b1-1755-254a-aea48a10ed18', '48b51439-3625-6c0c-7532-03c92da59c43', '337faf61-662b-461a-69f6-423b4e874d0f'),
('24127ab6-2b1b-4a63-3e69-9f77bda75690', '48b51439-3625-6c0c-7532-03c92da59c43', '1e2dfa96-54fc-3a0e-5f35-0028ed526dd0'),
('2457177b-5524-738c-3426-978952f080e4', '423d5b84-2191-6cce-df3d-c9e9e9038fe2', '4c61c74b-4a9f-769e-0d35-60b3ebf808a9'),
('249553ef-3a6d-341c-4826-978952f080e4', '2102924a-510c-7251-a026-71cca92946bf', '1f85f165-3ed3-370a-b7d2-89b22d10517e'),
('24dee9c4-731e-62e7-13b5-c8af08a50cbf', '79aca385-65e3-1ebe-f488-479bce9b28fc', '234865cb-5d80-7244-70f6-423b4e874d0f'),
('2510011f-7734-4a66-3c69-9f77bda75690', '39446ba3-3071-7af6-a5a9-deaf32c96293', '5de704c2-573f-1a71-1a80-de64d090a2c2'),
('254ea6dc-5688-2db6-23b5-c8af08a50cbf', '2102924a-510c-7251-a026-71cca92946bf', '5e07660f-437a-6b63-4ac2-579daad24557'),
('255034ba-6ea3-381c-17b5-c8af08a50cbf', '447816de-6069-15bf-de3d-c9e9e9038fe2', NULL),
('25cfd9a9-3a8a-2cc2-2a1e-21c6d80fbd76', '2102924a-510c-7251-a026-71cca92946bf', '20185adb-3016-3207-ac41-c1ec321fe728'),
('25d65c3f-4a6c-3a01-3c95-2c566fa88632', '2102924a-510c-7251-a026-71cca92946bf', NULL),
('261b21df-65dc-6ac7-81cb-b8d37b68af4d', '48b51439-3625-6c0c-7532-03c92da59c43', '7a93f087-7a0e-1704-6f35-0028ed526dd0'),
('2648b380-596b-28cc-80cb-b8d37b68af4d', '71952621-23c8-61d2-d0eb-e423f1575e00', '257f267d-1259-4c3b-2e80-de64d090a2c2'),
('26e66448-44a8-39c1-e669-4afe230d73a5', '423d5b84-2191-6cce-df3d-c9e9e9038fe2', '63c66820-7397-776d-4ec2-579daad24557'),
('271a41be-5739-6088-3795-2c566fa88632', NULL, '1b44b340-6210-3522-8780-7ed9d1ea06ea'),
('277c1f90-59e1-688a-384a-aea48a10ed18', '3541ff76-58f0-6d1a-e836-63d5d5eff719', '6bb2a723-7c18-1df2-0b35-60b3ebf808a9'),
('27b70735-6a1b-70dc-2d4a-aea48a10ed18', '71952621-23c8-61d2-d0eb-e423f1575e00', '432d76c5-6b3a-6bd2-7035-0028ed526dd0'),
('27cc47a0-50f9-7e50-454a-aea48a10ed18', '48b51439-3625-6c0c-7532-03c92da59c43', '4155b8df-1bec-5054-7480-7ed9d1ea06ea'),
('283043e1-57ec-2136-4c69-9f77bda75690', '48b51439-3625-6c0c-7532-03c92da59c43', '47447c78-7c3f-29c3-6535-0028ed526dd0'),
('285bb738-292a-40ac-e469-4afe230d73a5', '174ffc6c-4080-4bc3-a126-71cca92946bf', '40160288-72cf-185c-c8d2-89b22d10517e'),
('28a271d2-4680-5cb2-3f1e-21c6d80fbd76', '423d5b84-2191-6cce-df3d-c9e9e9038fe2', '3d9b23c7-7369-2872-5635-0028ed526dd0'),
('28aa154f-6d8f-745b-f8b4-c8af08a50cbf', '48b51439-3625-6c0c-7532-03c92da59c43', '22e1c5f6-3888-6d33-6435-0028ed526dd0'),
('28c43acd-244e-5d8d-4f69-9f77bda75690', '3541ff76-58f0-6d1a-e836-63d5d5eff719', '7c086898-6040-64ee-4777-d9ebc53aac3d'),
('28de94e8-3bff-23b0-4d95-2c566fa88632', '71952621-23c8-61d2-d0eb-e423f1575e00', '40160288-72cf-185c-c8d2-89b22d10517e'),
('29318abd-6a6c-7a98-ffb4-c8af08a50cbf', '74b4ef62-677e-21c3-88db-f21ac591aca5', '15f7fc94-6dce-3bce-2680-de64d090a2c2'),
('2985d53b-4eb4-59d9-5c80-3a2297d01534', '423d5b84-2191-6cce-df3d-c9e9e9038fe2', NULL),
('2997b570-182c-1e2e-2c26-978952f080e4', '2102924a-510c-7251-a026-71cca92946bf', '129d7247-1da3-5f84-f91d-086412a8ea97'),
('29d8fa13-4572-6ac1-2bb5-c8af08a50cbf', '74b4ef62-677e-21c3-88db-f21ac591aca5', '26cb2a41-172b-4e63-8380-7ed9d1ea06ea'),
('29e9a5e4-2a62-7450-6471-153b37881afe', '2102924a-510c-7251-a026-71cca92946bf', '488526e3-42cc-4255-aa41-c1ec321fe728'),
('2a073c0a-127c-307f-5b95-2c566fa88632', '39446ba3-3071-7af6-a5a9-deaf32c96293', '3f7028bf-3771-75c5-2380-de64d090a2c2'),
('2a1f014c-209c-2a6d-4a26-978952f080e4', '79aca385-65e3-1ebe-f488-479bce9b28fc', '1fbf8e6f-17d3-6a04-2180-de64d090a2c2'),
('2a2dfd93-1cca-262d-026a-4afe230d73a5', '39446ba3-3071-7af6-a5a9-deaf32c96293', '2356a2d8-7751-6f97-66f6-423b4e874d0f'),
('2a3cacd6-1a30-6760-3769-9f77bda75690', '48b51439-3625-6c0c-7532-03c92da59c43', '29dcec4b-6bba-5878-1735-60b3ebf808a9'),
('2a4dcb61-3cde-2171-2a26-978952f080e4', '79aca385-65e3-1ebe-f488-479bce9b28fc', '6349b25b-78e2-2d06-2780-de64d090a2c2'),
('2a620475-34f6-2fff-414a-aea48a10ed18', '79aca385-65e3-1ebe-f488-479bce9b28fc', '2b02c531-6d94-2852-2b35-60b3ebf808a9'),
('2af78bcb-2bab-51c2-57cb-b8d37b68af4d', '39446ba3-3071-7af6-a5a9-deaf32c96293', '324ac33a-77c5-13a5-0535-60b3ebf808a9'),
('2b547a38-6d93-7799-4571-153b37881afe', '423d5b84-2191-6cce-df3d-c9e9e9038fe2', NULL),
('2b5f15b9-17d9-57e8-1e4a-aea48a10ed18', '2102924a-510c-7251-a026-71cca92946bf', '7ad34860-1ac8-7ad7-d01d-086412a8ea97'),
('2bb749da-6ae4-2dbb-6569-9f77bda75690', '79aca385-65e3-1ebe-f488-479bce9b28fc', '70aead00-2db5-77f7-2277-d9ebc53aac3d'),
('2bd742e7-2f5a-3eae-241e-21c6d80fbd76', '2102924a-510c-7251-a026-71cca92946bf', '1219e510-59ef-36fc-45c2-579daad24557'),
('2c2ebc84-30b0-161d-331e-21c6d80fbd76', '423d5b84-2191-6cce-df3d-c9e9e9038fe2', '5fab4ff7-1b8e-64d0-1880-de64d090a2c2'),
('2c703b46-66ea-1ce4-65cb-b8d37b68af4d', '79aca385-65e3-1ebe-f488-479bce9b28fc', '5a841b92-791c-78df-5180-7ed9d1ea06ea'),
('2c8157c0-5a25-6a81-3926-978952f080e4', '2102924a-510c-7251-a026-71cca92946bf', '26cf1651-7aed-7c9d-6035-0028ed526dd0'),
('2cc791ea-267a-54d2-066a-4afe230d73a5', '2102924a-510c-7251-a026-71cca92946bf', '2b941a5a-1297-627d-e5d2-89b22d10517e'),
('2cca9dd5-1228-294d-3e71-153b37881afe', '74b4ef62-677e-21c3-88db-f21ac591aca5', '76b3b772-27f3-37bf-75f6-423b4e874d0f'),
('2cf45a23-4a27-72fb-3f95-2c566fa88632', '79aca385-65e3-1ebe-f488-479bce9b28fc', '5d1892e7-6a64-7bb6-8580-7ed9d1ea06ea'),
('2cfc945b-25e8-211f-126a-4afe230d73a5', '79aca385-65e3-1ebe-f488-479bce9b28fc', '1a03b81f-4e62-61a7-56c2-579daad24557'),
('2d19d265-4e80-6376-6280-3a2297d01534', '74b4ef62-677e-21c3-88db-f21ac591aca5', '4bf9ecda-2d8e-1724-1d80-de64d090a2c2'),
('2d28d4ad-2835-2e9b-fa69-4afe230d73a5', '74b4ef62-677e-21c3-88db-f21ac591aca5', '619ecbc4-37bc-19ea-6ff6-423b4e874d0f'),
('2d28d8a9-548e-7f8b-6669-9f77bda75690', '39446ba3-3071-7af6-a5a9-deaf32c96293', '39f3c493-4680-145e-42c2-579daad24557'),
('2d5a5264-2401-1af0-f469-4afe230d73a5', '74b4ef62-677e-21c3-88db-f21ac591aca5', '6c4efcd6-2c86-28c8-a641-c1ec321fe728'),
('2d6646d9-6fbf-77d1-6395-2c566fa88632', '71952621-23c8-61d2-d0eb-e423f1575e00', '31ae1818-7baf-1872-1e77-d9ebc53aac3d'),
('2d66a90b-5656-4669-6095-2c566fa88632', '74b4ef62-677e-21c3-88db-f21ac591aca5', '7eebdc34-6c41-1ab4-5735-0028ed526dd0'),
('2e678983-32b4-7a2b-6bcb-b8d37b68af4d', '74b4ef62-677e-21c3-88db-f21ac591aca5', NULL),
('2e96c051-7e50-2b3c-6980-3a2297d01534', '447816de-6069-15bf-de3d-c9e9e9038fe2', '3fed64ec-2f94-798f-0335-60b3ebf808a9'),
('2ecf4007-6b24-2f7f-5f95-2c566fa88632', '174ffc6c-4080-4bc3-a126-71cca92946bf', '190d326c-39c7-2e98-8280-7ed9d1ea06ea'),
('2ee920ae-3341-4f61-4e80-3a2297d01534', '39446ba3-3071-7af6-a5a9-deaf32c96293', NULL),
('2f5a19b0-5c05-61f2-4e1e-21c6d80fbd76', '2102924a-510c-7251-a026-71cca92946bf', '257199aa-33bb-3156-3680-de64d090a2c2'),
('2fedc234-413b-2a41-4326-978952f080e4', '423d5b84-2191-6cce-df3d-c9e9e9038fe2', '1a1775e2-2a1b-1605-4080-de64d090a2c2'),
('303bf193-680a-4f16-6271-153b37881afe', '2102924a-510c-7251-a026-71cca92946bf', '77d8752b-2920-240f-b241-c1ec321fe728'),
('3052c754-3516-667a-3980-3a2297d01534', '79aca385-65e3-1ebe-f488-479bce9b28fc', '31629133-61f6-7765-1535-60b3ebf808a9'),
('30eae4e9-3b42-5efb-74cb-b8d37b68af4d', '2102924a-510c-7251-a026-71cca92946bf', '6b9348f5-1362-7ba5-1235-60b3ebf808a9'),
('31142ee6-3a4d-28d1-6d71-153b37881afe', '2102924a-510c-7251-a026-71cca92946bf', '3d18d4c2-2f39-3dce-d61d-086412a8ea97'),
('312ac1d1-682c-1cd8-0a6a-4afe230d73a5', '2102924a-510c-7251-a026-71cca92946bf', '1a1775e2-2a1b-1605-4080-de64d090a2c2'),
('31878eb1-6921-66f2-6295-2c566fa88632', '79aca385-65e3-1ebe-f488-479bce9b28fc', '22ef197e-5586-3911-a741-c1ec321fe728'),
('31fbfdd2-4e3e-5379-4e95-2c566fa88632', '48b51439-3625-6c0c-7532-03c92da59c43', '69fe3947-41b8-19b2-3e77-d9ebc53aac3d'),
('32153575-21ac-6bf2-5ecb-b8d37b68af4d', '447816de-6069-15bf-de3d-c9e9e9038fe2', '464cab51-7f72-16a0-51c2-579daad24557'),
('32aafce4-5d74-5c3b-404a-aea48a10ed18', '423d5b84-2191-6cce-df3d-c9e9e9038fe2', '2bd27090-2727-2b8e-2f80-de64d090a2c2'),
('336ab0fc-591d-575f-3f4a-aea48a10ed18', '79aca385-65e3-1ebe-f488-479bce9b28fc', '7a1114ad-76c4-3734-1f77-d9ebc53aac3d'),
('33ac3b00-1b41-254c-451e-21c6d80fbd76', '174ffc6c-4080-4bc3-a126-71cca92946bf', NULL),
('33f3ebc3-7511-4bd0-166a-4afe230d73a5', '423d5b84-2191-6cce-df3d-c9e9e9038fe2', NULL),
('345c8f8a-35c0-3ddc-21b5-c8af08a50cbf', '174ffc6c-4080-4bc3-a126-71cca92946bf', '2cc54220-681e-2f38-1e35-60b3ebf808a9'),
('3479429f-718f-440c-334a-aea48a10ed18', '48b51439-3625-6c0c-7532-03c92da59c43', '5de1a9ab-2990-4fc3-3135-60b3ebf808a9'),
('34a86c51-350e-22b1-4d4a-aea48a10ed18', '48b51439-3625-6c0c-7532-03c92da59c43', '35236925-67e9-5395-4177-d9ebc53aac3d'),
('34bd2cef-5026-567c-3b71-153b37881afe', '48b51439-3625-6c0c-7532-03c92da59c43', '667467e2-6216-209e-8180-7ed9d1ea06ea'),
('350c386f-1235-4a0b-006a-4afe230d73a5', '447816de-6069-15bf-de3d-c9e9e9038fe2', '4eb131b8-234a-632f-4b35-0028ed526dd0'),
('351a2156-165c-12c5-5726-978952f080e4', '174ffc6c-4080-4bc3-a126-71cca92946bf', '4bf9ecda-2d8e-1724-1d80-de64d090a2c2'),
('35a5784b-2ec9-1988-4f4a-aea48a10ed18', '74b4ef62-677e-21c3-88db-f21ac591aca5', '183d7fea-247d-172e-3677-d9ebc53aac3d'),
('35cf2cf6-11d2-609c-2db5-c8af08a50cbf', '74b4ef62-677e-21c3-88db-f21ac591aca5', '6a50ecc3-384e-2a54-2177-d9ebc53aac3d'),
('35dd3c23-148b-58c5-484a-aea48a10ed18', '39446ba3-3071-7af6-a5a9-deaf32c96293', '6485b64f-7835-65a4-8041-c1ec321fe728'),
('3600a2bc-6e92-2eac-1bb5-c8af08a50cbf', '423d5b84-2191-6cce-df3d-c9e9e9038fe2', '401e72cc-49b0-5b4a-5335-0028ed526dd0'),
('361677bd-4c00-25ea-3a1e-21c6d80fbd76', '423d5b84-2191-6cce-df3d-c9e9e9038fe2', '42b9446a-790b-3892-2ac2-579daad24557'),
('36206bdb-1382-3737-4d26-978952f080e4', '79aca385-65e3-1ebe-f488-479bce9b28fc', '201b9639-5997-303c-5880-7ed9d1ea06ea'),
('3658d468-1d2f-400e-0f6a-4afe230d73a5', '3541ff76-58f0-6d1a-e836-63d5d5eff719', '2b45c492-5011-1aed-4380-de64d090a2c2'),
('3679a94f-304b-6e8d-53cb-b8d37b68af4d', '3541ff76-58f0-6d1a-e836-63d5d5eff719', '5fab4ff7-1b8e-64d0-1880-de64d090a2c2'),
('3692cf55-532c-7ff8-05b5-c8af08a50cbf', '48b51439-3625-6c0c-7532-03c92da59c43', '3017e692-73fb-6331-6a80-7ed9d1ea06ea'),
('369344c8-5381-2751-494a-aea48a10ed18', '39446ba3-3071-7af6-a5a9-deaf32c96293', NULL),
('36c45179-1fc2-27b2-3b95-2c566fa88632', '2102924a-510c-7251-a026-71cca92946bf', '4c42e235-3098-1375-f31d-086412a8ea97'),
('36eca2ff-234e-17df-04b5-c8af08a50cbf', '3541ff76-58f0-6d1a-e836-63d5d5eff719', '5dc832b0-169a-1395-37c2-579daad24557'),
('36ef530a-1c35-437e-4995-2c566fa88632', '39446ba3-3071-7af6-a5a9-deaf32c96293', '57e115c5-51e2-6d06-7780-7ed9d1ea06ea'),
('36f8f452-38b9-3214-5369-9f77bda75690', '2102924a-510c-7251-a026-71cca92946bf', '13ede5b6-19dd-563e-1980-de64d090a2c2'),
('3762edc1-6275-6d66-e769-4afe230d73a5', '48b51439-3625-6c0c-7532-03c92da59c43', '3045ede0-4b2b-73eb-64c2-579daad24557'),
('377e7192-2b5b-3484-5f80-3a2297d01534', '79aca385-65e3-1ebe-f488-479bce9b28fc', NULL),
('377fc4c7-7ba9-3f32-5571-153b37881afe', '2102924a-510c-7251-a026-71cca92946bf', '281af570-5697-2b8d-6b80-7ed9d1ea06ea'),
('3797561e-17b2-361c-6171-153b37881afe', '79aca385-65e3-1ebe-f488-479bce9b28fc', '61499beb-584c-2b1e-d0d2-89b22d10517e'),
('37bd142f-1f00-5180-7171-153b37881afe', '79aca385-65e3-1ebe-f488-479bce9b28fc', '3d1266d8-49d7-3605-2477-d9ebc53aac3d'),
('37d8d494-1925-3b91-351e-21c6d80fbd76', '447816de-6069-15bf-de3d-c9e9e9038fe2', '6b76d607-7d60-38a2-5680-7ed9d1ea06ea'),
('38b0f9a7-6527-6373-6169-9f77bda75690', '423d5b84-2191-6cce-df3d-c9e9e9038fe2', '28655a7f-2f9a-1b7d-d3d2-89b22d10517e'),
('38d0c8d3-7e6b-7ced-4095-2c566fa88632', '3541ff76-58f0-6d1a-e836-63d5d5eff719', NULL),
('3926c094-7e45-3536-68cb-b8d37b68af4d', '71952621-23c8-61d2-d0eb-e423f1575e00', '4756a513-5900-5b67-1f35-60b3ebf808a9'),
('3949c4d0-6919-2f6a-4069-9f77bda75690', '79aca385-65e3-1ebe-f488-479bce9b28fc', '214977d8-66ff-5762-1335-60b3ebf808a9'),
('39be3129-5341-64fd-3b4a-aea48a10ed18', '48b51439-3625-6c0c-7532-03c92da59c43', NULL),
('39d9b7aa-494c-16ee-3c4a-aea48a10ed18', '74b4ef62-677e-21c3-88db-f21ac591aca5', '3d18d4c2-2f39-3dce-d61d-086412a8ea97'),
('39f12ee3-4b34-6c61-5669-9f77bda75690', '174ffc6c-4080-4bc3-a126-71cca92946bf', '4efc95ad-2cc2-3f45-bed2-89b22d10517e'),
('3a375312-1aef-42e0-444a-aea48a10ed18', '39446ba3-3071-7af6-a5a9-deaf32c96293', '6c3c5faa-7f24-5ca3-ad41-c1ec321fe728'),
('3a64f246-3f01-16ab-77cb-b8d37b68af4d', '174ffc6c-4080-4bc3-a126-71cca92946bf', '5eaa6527-768d-3ae7-1977-d9ebc53aac3d'),
('3a687c3b-4d7d-2ad2-2c4a-aea48a10ed18', '447816de-6069-15bf-de3d-c9e9e9038fe2', '592aba45-4643-52ff-c1d2-89b22d10517e'),
('3a8da253-7acf-2c70-2e26-978952f080e4', '447816de-6069-15bf-de3d-c9e9e9038fe2', NULL),
('3a98e1df-6a4c-4f78-4b80-3a2297d01534', '3541ff76-58f0-6d1a-e836-63d5d5eff719', '46421cb1-7414-1d61-2c80-de64d090a2c2'),
('3b1c4599-5271-2336-4969-9f77bda75690', '79aca385-65e3-1ebe-f488-479bce9b28fc', '46325c89-599d-77ef-74f6-423b4e874d0f'),
('3b5336cf-7951-27ff-6995-2c566fa88632', '2102924a-510c-7251-a026-71cca92946bf', '613afd47-2fc1-15ed-0735-60b3ebf808a9'),
('3c0ea1ce-7cb6-4bf5-4671-153b37881afe', '174ffc6c-4080-4bc3-a126-71cca92946bf', '3abffc51-2a43-18c6-6cf6-423b4e874d0f'),
('3c39055f-64c2-11b9-f7b4-c8af08a50cbf', '39446ba3-3071-7af6-a5a9-deaf32c96293', '72b3a7fb-5af1-655b-5fc2-579daad24557'),
('3c55acdb-375c-4705-3e26-978952f080e4', '79aca385-65e3-1ebe-f488-479bce9b28fc', NULL),
('3c59298e-6854-4862-07b5-c8af08a50cbf', '48b51439-3625-6c0c-7532-03c92da59c43', '13e1d857-71ca-355c-5835-0028ed526dd0'),
('3c91bd67-6353-1edc-1f4a-aea48a10ed18', '3541ff76-58f0-6d1a-e836-63d5d5eff719', '4f65f6c1-4525-16e5-4135-0028ed526dd0'),
('3cae3b8b-312a-6821-046a-4afe230d73a5', '2102924a-510c-7251-a026-71cca92946bf', '28a16581-1fd1-546b-1677-d9ebc53aac3d'),
('3cf1ead4-291e-575d-3b80-3a2297d01534', '39446ba3-3071-7af6-a5a9-deaf32c96293', '79dadd0d-69fa-5e30-35c2-579daad24557'),
('3d0601eb-48ca-39ba-6871-153b37881afe', '174ffc6c-4080-4bc3-a126-71cca92946bf', '6c5b9fe7-14c9-3bb5-b4d2-89b22d10517e'),
('3d87a723-6a47-7aa8-096a-4afe230d73a5', '74b4ef62-677e-21c3-88db-f21ac591aca5', '57dc4273-5c51-4aea-4d35-0028ed526dd0'),
('3da912d6-6a66-197d-6e71-153b37881afe', '2102924a-510c-7251-a026-71cca92946bf', '506acf1e-5331-67a9-0d77-d9ebc53aac3d'),
('3e1a01ba-4a49-2570-2d26-978952f080e4', '174ffc6c-4080-4bc3-a126-71cca92946bf', '401e72cc-49b0-5b4a-5335-0028ed526dd0'),
('3e3260fe-1274-255d-6769-9f77bda75690', '39446ba3-3071-7af6-a5a9-deaf32c96293', '192b3b9d-5e60-3b13-5b80-7ed9d1ea06ea'),
('3e73de80-5063-5270-6695-2c566fa88632', '174ffc6c-4080-4bc3-a126-71cca92946bf', '56313fc9-7b84-1517-3080-de64d090a2c2'),
('3e805329-4dde-7c42-3f80-3a2297d01534', '48b51439-3625-6c0c-7532-03c92da59c43', '38dc720e-654a-29d5-34c2-579daad24557'),
('3ec88e47-61f4-6fb5-281e-21c6d80fbd76', '174ffc6c-4080-4bc3-a126-71cca92946bf', '7c6c70d9-2ed5-49d8-81f6-423b4e874d0f'),
('3ef40874-7653-5c65-2726-978952f080e4', '79aca385-65e3-1ebe-f488-479bce9b28fc', NULL),
('3f3e0fa4-59be-5309-72cb-b8d37b68af4d', '79aca385-65e3-1ebe-f488-479bce9b28fc', '430298e0-2d52-2266-5ec2-579daad24557'),
('3f49e438-57a0-50ed-5926-978952f080e4', '71952621-23c8-61d2-d0eb-e423f1575e00', '69214c99-53ca-5018-7f80-7ed9d1ea06ea'),
('40126657-4b7d-4f24-ef69-4afe230d73a5', '48b51439-3625-6c0c-7532-03c92da59c43', '151fd6bf-23e6-1487-ec1d-086412a8ea97'),
('40363e8d-228c-5a69-7071-153b37881afe', '174ffc6c-4080-4bc3-a126-71cca92946bf', '322105dd-142f-392d-2fc2-579daad24557'),
('406501b7-7932-293c-3e95-2c566fa88632', '74b4ef62-677e-21c3-88db-f21ac591aca5', '46325c89-599d-77ef-74f6-423b4e874d0f'),
('40aafbeb-2731-7c9d-27b5-c8af08a50cbf', '39446ba3-3071-7af6-a5a9-deaf32c96293', '3ac85d96-49eb-7b1d-1135-60b3ebf808a9'),
('40d04765-7f51-6e2c-304a-aea48a10ed18', '423d5b84-2191-6cce-df3d-c9e9e9038fe2', '350cf027-3245-532d-bcd2-89b22d10517e'),
('41eda6ce-6226-1f89-02b5-c8af08a50cbf', '71952621-23c8-61d2-d0eb-e423f1575e00', '3fed64ec-2f94-798f-0335-60b3ebf808a9'),
('424d7355-4589-1951-0bb5-c8af08a50cbf', '447816de-6069-15bf-de3d-c9e9e9038fe2', '485c2f8b-26ef-7313-f01d-086412a8ea97'),
('42784277-1650-434a-251e-21c6d80fbd76', '3541ff76-58f0-6d1a-e836-63d5d5eff719', '4c9ebdde-5f9a-58dd-4235-0028ed526dd0'),
('42950a9c-2cfa-3933-4271-153b37881afe', '447816de-6069-15bf-de3d-c9e9e9038fe2', '5fb9392a-4ad5-1fe7-76f6-423b4e874d0f'),
('42e76f39-5529-3e7f-e369-4afe230d73a5', '79aca385-65e3-1ebe-f488-479bce9b28fc', '1a5e12b6-47bc-2bc1-7380-7ed9d1ea06ea'),
('42f503bd-5170-1658-4f26-978952f080e4', '3541ff76-58f0-6d1a-e836-63d5d5eff719', NULL),
('4320b52a-68c9-5b24-6371-153b37881afe', '74b4ef62-677e-21c3-88db-f21ac591aca5', NULL),
('438598e2-2574-4fc8-2626-978952f080e4', '447816de-6069-15bf-de3d-c9e9e9038fe2', '1630913e-76d8-4524-f71d-086412a8ea97'),
('43a6bdf5-1b6b-451b-3695-2c566fa88632', '71952621-23c8-61d2-d0eb-e423f1575e00', '592aba45-4643-52ff-c1d2-89b22d10517e'),
('43be68cc-3f6b-1afd-136a-4afe230d73a5', '423d5b84-2191-6cce-df3d-c9e9e9038fe2', '7c9b1a92-6272-7972-62c2-579daad24557'),
('43c28052-24df-5238-2a4a-aea48a10ed18', '74b4ef62-677e-21c3-88db-f21ac591aca5', '51b5ac10-6dea-17ad-2080-de64d090a2c2'),
('43c88cad-5cd2-77cf-6acb-b8d37b68af4d', '71952621-23c8-61d2-d0eb-e423f1575e00', '7b666cc3-1b67-6037-67f6-423b4e874d0f'),
('43fb1702-7e5d-594d-3c1e-21c6d80fbd76', '3541ff76-58f0-6d1a-e836-63d5d5eff719', '6d7def1b-4b7e-52aa-8f41-c1ec321fe728'),
('44010e90-3864-40dd-5e80-3a2297d01534', '174ffc6c-4080-4bc3-a126-71cca92946bf', '7976650d-4e86-2615-8c41-c1ec321fe728'),
('4401bab3-5d36-1d04-0eb5-c8af08a50cbf', '48b51439-3625-6c0c-7532-03c92da59c43', '224d0e4c-6e50-468c-fe1d-086412a8ea97'),
('4421a98d-1c13-6964-4a71-153b37881afe', '74b4ef62-677e-21c3-88db-f21ac591aca5', '5fb9392a-4ad5-1fe7-76f6-423b4e874d0f'),
('444bc3e9-2449-7620-4b26-978952f080e4', '423d5b84-2191-6cce-df3d-c9e9e9038fe2', '3cb58bb5-2fd7-6c15-8741-c1ec321fe728'),
('447c1c57-7d54-5847-7771-153b37881afe', '74b4ef62-677e-21c3-88db-f21ac591aca5', NULL),
('44abb0e2-3a90-327f-4169-9f77bda75690', '39446ba3-3071-7af6-a5a9-deaf32c96293', '48147636-7e8f-6939-2580-de64d090a2c2'),
('44bce587-789f-3995-2e1e-21c6d80fbd76', '2102924a-510c-7251-a026-71cca92946bf', '56547b86-64c2-647f-53c2-579daad24557'),
('44eaf230-462a-493b-3d80-3a2297d01534', '48b51439-3625-6c0c-7532-03c92da59c43', '5e018773-114a-3517-54c2-579daad24557'),
('44ec44c9-4529-7340-4a4a-aea48a10ed18', '423d5b84-2191-6cce-df3d-c9e9e9038fe2', '2cc54220-681e-2f38-1e35-60b3ebf808a9'),
('44edba69-403e-3174-4171-153b37881afe', '2102924a-510c-7251-a026-71cca92946bf', '257199aa-33bb-3156-3680-de64d090a2c2'),
('4511c5e9-17d7-743e-2b4a-aea48a10ed18', '447816de-6069-15bf-de3d-c9e9e9038fe2', '79b32897-3f8e-5ff4-5cc2-579daad24557'),
('4529fc81-35b4-6010-19b5-c8af08a50cbf', '2102924a-510c-7251-a026-71cca92946bf', '35992438-457c-3b07-1935-60b3ebf808a9'),
('4545f07c-3597-6663-1db5-c8af08a50cbf', '48b51439-3625-6c0c-7532-03c92da59c43', NULL),
('4569f996-12b0-64d5-54cb-b8d37b68af4d', '39446ba3-3071-7af6-a5a9-deaf32c96293', '5b92dd14-27d6-12d0-0e35-60b3ebf808a9'),
('45a4e43d-553a-45b9-5c95-2c566fa88632', '423d5b84-2191-6cce-df3d-c9e9e9038fe2', '5521f178-4d4a-7a98-3980-de64d090a2c2'),
('4656ffed-5c97-29ac-5995-2c566fa88632', '423d5b84-2191-6cce-df3d-c9e9e9038fe2', '6e1ed17d-2114-41fc-9e41-c1ec321fe728'),
('468a02a4-5084-404f-11b5-c8af08a50cbf', '447816de-6069-15bf-de3d-c9e9e9038fe2', '12693b29-274c-35ce-d11d-086412a8ea97'),
('46a3e3b4-6d35-6565-69cb-b8d37b68af4d', '423d5b84-2191-6cce-df3d-c9e9e9038fe2', '407db4d1-222b-287d-0135-60b3ebf808a9'),
('46d3ebf1-6c9e-75a3-3e4a-aea48a10ed18', '2102924a-510c-7251-a026-71cca92946bf', '68c6083a-3e64-63ed-49c2-579daad24557'),
('46f0c91d-358e-17f5-2cb5-c8af08a50cbf', '71952621-23c8-61d2-d0eb-e423f1575e00', '7c086898-6040-64ee-4777-d9ebc53aac3d'),
('4746724c-4b5a-2c8b-5f71-153b37881afe', '74b4ef62-677e-21c3-88db-f21ac591aca5', '6c5b9fe7-14c9-3bb5-b4d2-89b22d10517e'),
('4776ca25-7948-1464-5026-978952f080e4', '71952621-23c8-61d2-d0eb-e423f1575e00', '58e51377-17af-4bb8-fc1d-086412a8ea97'),
('4797935a-3fc5-1bdf-4380-3a2297d01534', '447816de-6069-15bf-de3d-c9e9e9038fe2', '5440d89a-638d-5382-47c2-579daad24557'),
('47af955a-272b-3d92-85cb-b8d37b68af4d', '423d5b84-2191-6cce-df3d-c9e9e9038fe2', '58afd6b5-2205-64f6-9341-c1ec321fe728'),
('484c4624-5a98-3e0b-4626-978952f080e4', '48b51439-3625-6c0c-7532-03c92da59c43', '67e3818b-56b7-4eb0-5c80-7ed9d1ea06ea'),
('48a49627-5a74-208f-0fb5-c8af08a50cbf', '423d5b84-2191-6cce-df3d-c9e9e9038fe2', '26cf1651-7aed-7c9d-6035-0028ed526dd0'),
('48acea9c-2824-24f9-5dcb-b8d37b68af4d', '2102924a-510c-7251-a026-71cca92946bf', '39bd677c-589e-4690-4677-d9ebc53aac3d'),
('48c92485-64f0-47a2-4926-978952f080e4', '2102924a-510c-7251-a026-71cca92946bf', '70b4a90e-486b-2120-d6d2-89b22d10517e'),
('48d04691-671b-2f98-de69-4afe230d73a5', '39446ba3-3071-7af6-a5a9-deaf32c96293', '19256041-7623-2834-6df6-423b4e874d0f'),
('48eb6210-3757-582f-6126-978952f080e4', '48b51439-3625-6c0c-7532-03c92da59c43', '6d74b282-214c-565e-65c2-579daad24557'),
('48ecd789-755b-3d53-3f71-153b37881afe', '39446ba3-3071-7af6-a5a9-deaf32c96293', '66d46c4c-1de7-4d3a-91f6-423b4e874d0f'),
('48eeb835-439f-6a4b-16b5-c8af08a50cbf', '447816de-6069-15bf-de3d-c9e9e9038fe2', '51b5ac10-6dea-17ad-2080-de64d090a2c2'),
('4926ab08-72bb-65f3-5c69-9f77bda75690', '48b51439-3625-6c0c-7532-03c92da59c43', '5c7f0ec4-77f2-3794-cf1d-086412a8ea97'),
('492c33d2-2e7e-39f3-2926-978952f080e4', '174ffc6c-4080-4bc3-a126-71cca92946bf', '417f31fa-5c7b-6b08-6280-7ed9d1ea06ea'),
('49504883-5fdb-3ed7-82cb-b8d37b68af4d', '79aca385-65e3-1ebe-f488-479bce9b28fc', '5cc649e9-60e1-5050-5435-0028ed526dd0'),
('49932b51-4706-1619-7ccb-b8d37b68af4d', '423d5b84-2191-6cce-df3d-c9e9e9038fe2', '151fd6bf-23e6-1487-ec1d-086412a8ea97'),
('49de27ba-759b-7255-3626-978952f080e4', '2102924a-510c-7251-a026-71cca92946bf', '341706d9-627c-345d-e91d-086412a8ea97'),
('4a3e9070-6a14-4754-361e-21c6d80fbd76', '447816de-6069-15bf-de3d-c9e9e9038fe2', '14eefd80-16e7-2f31-fd1d-086412a8ea97'),
('4a93ff45-3577-2ac8-5a69-9f77bda75690', '174ffc6c-4080-4bc3-a126-71cca92946bf', '77cb6cf2-4da8-2067-5b35-0028ed526dd0'),
('4abe5367-730a-5742-59cb-b8d37b68af4d', '71952621-23c8-61d2-d0eb-e423f1575e00', '1e2dfa96-54fc-3a0e-5f35-0028ed526dd0'),
('4acbe745-584f-175f-6fcb-b8d37b68af4d', '71952621-23c8-61d2-d0eb-e423f1575e00', '42db9027-5e76-257b-33c2-579daad24557'),
('4af0d282-483d-7531-4026-978952f080e4', '79aca385-65e3-1ebe-f488-479bce9b28fc', '741b0ac2-17ca-4d0a-ae41-c1ec321fe728'),
('4b662a45-68e9-6cf4-1cb5-c8af08a50cbf', '79aca385-65e3-1ebe-f488-479bce9b28fc', '256c7bfd-6225-4caa-3077-d9ebc53aac3d'),
('4b7e1819-5124-575e-4471-153b37881afe', '79aca385-65e3-1ebe-f488-479bce9b28fc', '6b76d607-7d60-38a2-5680-7ed9d1ea06ea'),
('4bd2bc27-68fa-432f-0b6a-4afe230d73a5', '2102924a-510c-7251-a026-71cca92946bf', '57e115c5-51e2-6d06-7780-7ed9d1ea06ea'),
('4bd3b92e-2e9c-1ae4-6571-153b37881afe', '74b4ef62-677e-21c3-88db-f21ac591aca5', '5d213e77-3e99-4069-3b77-d9ebc53aac3d'),
('4c14b14c-7023-7881-2f26-978952f080e4', '3541ff76-58f0-6d1a-e836-63d5d5eff719', '3e9b9b39-3e75-3a20-a941-c1ec321fe728'),
('4c6860e2-67fb-26c2-086a-4afe230d73a5', '2102924a-510c-7251-a026-71cca92946bf', '32e3be81-3548-6f8f-6380-7ed9d1ea06ea'),
('4c977380-455d-69a3-ed69-4afe230d73a5', '2102924a-510c-7251-a026-71cca92946bf', '20aa876a-25c5-7bfa-3977-d9ebc53aac3d'),
('4cad8606-32c9-3513-fbb4-c8af08a50cbf', '174ffc6c-4080-4bc3-a126-71cca92946bf', '28655a7f-2f9a-1b7d-d3d2-89b22d10517e'),
('4cb51238-6eb7-5771-3f69-9f77bda75690', '71952621-23c8-61d2-d0eb-e423f1575e00', '1e80d89e-6fae-4a9d-d8d2-89b22d10517e'),
('4cca4e15-1182-2aee-70cb-b8d37b68af4d', '3541ff76-58f0-6d1a-e836-63d5d5eff719', '4c14bdf4-3327-39eb-2d80-de64d090a2c2'),
('4ccb48ce-1784-5de5-314a-aea48a10ed18', '447816de-6069-15bf-de3d-c9e9e9038fe2', '192b3b9d-5e60-3b13-5b80-7ed9d1ea06ea'),
('4d72aab9-42ad-217c-5d80-3a2297d01534', '74b4ef62-677e-21c3-88db-f21ac591aca5', NULL),
('4da622c9-1196-14cc-5e71-153b37881afe', '2102924a-510c-7251-a026-71cca92946bf', NULL),
('4de35a65-19ca-2bc5-2fb5-c8af08a50cbf', '79aca385-65e3-1ebe-f488-479bce9b28fc', NULL),
('4e151d72-5d95-270b-3226-978952f080e4', '3541ff76-58f0-6d1a-e836-63d5d5eff719', '3fa724dd-431f-5032-2a80-de64d090a2c2'),
('4e358f49-4c07-60eb-71cb-b8d37b68af4d', '174ffc6c-4080-4bc3-a126-71cca92946bf', '2c3863b6-1318-357f-d4d2-89b22d10517e'),
('4e5a688e-148d-6e8b-4580-3a2297d01534', '3541ff76-58f0-6d1a-e836-63d5d5eff719', '244b1b16-56fc-1f92-73f6-423b4e874d0f'),
('4ec58507-41c2-231a-5171-153b37881afe', '423d5b84-2191-6cce-df3d-c9e9e9038fe2', '214977d8-66ff-5762-1335-60b3ebf808a9'),
('4edaefbe-3a5b-7456-4771-153b37881afe', '174ffc6c-4080-4bc3-a126-71cca92946bf', '3045ede0-4b2b-73eb-64c2-579daad24557'),
('4ef53589-11d3-7327-0db5-c8af08a50cbf', '447816de-6069-15bf-de3d-c9e9e9038fe2', '2a5fb073-323d-114a-7980-7ed9d1ea06ea'),
('4efb4721-715b-2d1c-264a-aea48a10ed18', '71952621-23c8-61d2-d0eb-e423f1575e00', '6c5b9fe7-14c9-3bb5-b4d2-89b22d10517e'),
('4f2c4212-6f57-1f8e-22b5-c8af08a50cbf', '39446ba3-3071-7af6-a5a9-deaf32c96293', '2d3ae261-2b44-7713-41c2-579daad24557'),
('4f68d92b-443f-402f-87cb-b8d37b68af4d', '48b51439-3625-6c0c-7532-03c92da59c43', NULL),
('4f80a67b-6f79-257f-271e-21c6d80fbd76', '174ffc6c-4080-4bc3-a126-71cca92946bf', '3017e692-73fb-6331-6a80-7ed9d1ea06ea'),
('503b7598-60a8-3d98-5826-978952f080e4', '48b51439-3625-6c0c-7532-03c92da59c43', NULL),
('50522257-25e3-5395-4a69-9f77bda75690', '423d5b84-2191-6cce-df3d-c9e9e9038fe2', '337faf61-662b-461a-69f6-423b4e874d0f'),
('50b35c9b-2f79-3fa7-5771-153b37881afe', '174ffc6c-4080-4bc3-a126-71cca92946bf', '22df58b0-55d2-6108-2480-de64d090a2c2'),
('50c3b447-5f8f-55b7-3d4a-aea48a10ed18', '74b4ef62-677e-21c3-88db-f21ac591aca5', '632e450d-4c6f-560e-8ff6-423b4e874d0f'),
('50d9908d-32eb-4449-461e-21c6d80fbd76', '39446ba3-3071-7af6-a5a9-deaf32c96293', '6348f879-2be1-5c99-e51d-086412a8ea97'),
('51049083-1ae4-254d-5295-2c566fa88632', '447816de-6069-15bf-de3d-c9e9e9038fe2', '73dc79e1-1ccb-35a6-0235-60b3ebf808a9'),
('51815ff4-5494-5fd1-7671-153b37881afe', '71952621-23c8-61d2-d0eb-e423f1575e00', NULL),
('519bbc11-2bff-2e82-5280-3a2297d01534', '39446ba3-3071-7af6-a5a9-deaf32c96293', '2c3863b6-1318-357f-d4d2-89b22d10517e'),
('52205e16-43a2-7b5b-364a-aea48a10ed18', '2102924a-510c-7251-a026-71cca92946bf', '28cd1599-63bf-785f-4f80-7ed9d1ea06ea'),
('5250a75f-451d-44d2-3c26-978952f080e4', '174ffc6c-4080-4bc3-a126-71cca92946bf', '7eebdc34-6c41-1ab4-5735-0028ed526dd0'),
('527ef44e-3350-2b72-5569-9f77bda75690', '71952621-23c8-61d2-d0eb-e423f1575e00', '60fa924e-77de-55f3-2377-d9ebc53aac3d'),
('5330491b-2e0d-76e5-294a-aea48a10ed18', '3541ff76-58f0-6d1a-e836-63d5d5eff719', '255b28ba-2177-6baf-0835-60b3ebf808a9'),
('534b8747-70b5-36a6-58cb-b8d37b68af4d', '74b4ef62-677e-21c3-88db-f21ac591aca5', '18baaac1-2b18-2317-b9d2-89b22d10517e'),
('5369b303-19c3-3de5-7271-153b37881afe', '71952621-23c8-61d2-d0eb-e423f1575e00', '17872e95-3d24-6d1a-32c2-579daad24557'),
('536f0d7b-6fd5-2bb9-52cb-b8d37b68af4d', '2102924a-510c-7251-a026-71cca92946bf', '59e251d1-677e-7abe-9a41-c1ec321fe728'),
('5371882a-209f-5266-20b5-c8af08a50cbf', '71952621-23c8-61d2-d0eb-e423f1575e00', '527e293c-2185-6d0a-5580-7ed9d1ea06ea'),
('53825d30-3188-380d-01b5-c8af08a50cbf', '2102924a-510c-7251-a026-71cca92946bf', '40160288-72cf-185c-c8d2-89b22d10517e'),
('53fc4625-34e2-1b0a-3b1e-21c6d80fbd76', '423d5b84-2191-6cce-df3d-c9e9e9038fe2', '417f31fa-5c7b-6b08-6280-7ed9d1ea06ea'),
('5403b416-3959-63fb-ea69-4afe230d73a5', '71952621-23c8-61d2-d0eb-e423f1575e00', '77a68c44-5111-2d8c-7d80-7ed9d1ea06ea'),
('541ecfe5-65b8-743f-6e80-3a2297d01534', '2102924a-510c-7251-a026-71cca92946bf', NULL),
('5429d91f-14a6-333f-2f1e-21c6d80fbd76', '74b4ef62-677e-21c3-88db-f21ac591aca5', '67f9c991-2cfd-332e-3877-d9ebc53aac3d'),
('54f6bb87-3f0d-6e92-6a80-3a2297d01534', '79aca385-65e3-1ebe-f488-479bce9b28fc', '234865cb-5d80-7244-70f6-423b4e874d0f'),
('55555d4a-520e-68b9-5980-3a2297d01534', '79aca385-65e3-1ebe-f488-479bce9b28fc', '58e49fff-2a42-4ce7-1c77-d9ebc53aac3d'),
('55594873-22a9-1206-4d1e-21c6d80fbd76', '423d5b84-2191-6cce-df3d-c9e9e9038fe2', '36093e33-5a04-66a2-97f6-423b4e874d0f'),
('56023e30-735e-4153-6b80-3a2297d01534', '74b4ef62-677e-21c3-88db-f21ac591aca5', '5c762b70-6ca3-4343-2880-de64d090a2c2'),
('563a8e41-7629-7ea1-481e-21c6d80fbd76', '48b51439-3625-6c0c-7532-03c92da59c43', '2c3624a3-5c41-65f0-3c80-de64d090a2c2'),
('56be9942-285c-4c87-5380-3a2297d01534', '39446ba3-3071-7af6-a5a9-deaf32c96293', '527e293c-2185-6d0a-5580-7ed9d1ea06ea'),
('56dddb9b-7d01-19a4-0cb5-c8af08a50cbf', '71952621-23c8-61d2-d0eb-e423f1575e00', '7ffc8175-788c-17ff-f81d-086412a8ea97'),
('56f27390-4993-5232-341e-21c6d80fbd76', '79aca385-65e3-1ebe-f488-479bce9b28fc', '5254e49d-4368-3162-29c2-579daad24557'),
('56f6fd13-7b2f-7432-2eb5-c8af08a50cbf', '2102924a-510c-7251-a026-71cca92946bf', NULL),
('571bead8-32e2-4e41-84cb-b8d37b68af4d', '48b51439-3625-6c0c-7532-03c92da59c43', '485c2f8b-26ef-7313-f01d-086412a8ea97'),
('573eb1cd-4112-72cc-14b5-c8af08a50cbf', '39446ba3-3071-7af6-a5a9-deaf32c96293', '58e49fff-2a42-4ce7-1c77-d9ebc53aac3d'),
('5741caca-14bf-5256-3526-978952f080e4', '174ffc6c-4080-4bc3-a126-71cca92946bf', '1a5e12b6-47bc-2bc1-7380-7ed9d1ea06ea'),
('577a845f-4504-13de-6380-3a2297d01534', '48b51439-3625-6c0c-7532-03c92da59c43', NULL),
('57b751a6-730c-54a8-f369-4afe230d73a5', '447816de-6069-15bf-de3d-c9e9e9038fe2', '1b972dfb-67eb-5f25-39c2-579daad24557'),
('57d53bc3-4fe6-7957-441e-21c6d80fbd76', '74b4ef62-677e-21c3-88db-f21ac591aca5', '79dadd0d-69fa-5e30-35c2-579daad24557'),
('57f955c6-33cb-154e-28b5-c8af08a50cbf', '423d5b84-2191-6cce-df3d-c9e9e9038fe2', '79e76e01-3ab3-7df1-4980-de64d090a2c2'),
('585cf388-7254-196e-156a-4afe230d73a5', '71952621-23c8-61d2-d0eb-e423f1575e00', '17872e95-3d24-6d1a-32c2-579daad24557'),
('589520c1-6bf7-52b8-056a-4afe230d73a5', '79aca385-65e3-1ebe-f488-479bce9b28fc', '593a5379-47b5-78b2-1a35-60b3ebf808a9'),
('59093e49-1205-5e55-5226-978952f080e4', '39446ba3-3071-7af6-a5a9-deaf32c96293', '6e5bdc72-59a2-5141-7af6-423b4e874d0f'),
('5961772b-29e8-509d-5871-153b37881afe', '71952621-23c8-61d2-d0eb-e423f1575e00', '53a94363-7679-3c29-59c2-579daad24557'),
('59859004-1469-437b-6ecb-b8d37b68af4d', '39446ba3-3071-7af6-a5a9-deaf32c96293', '3df2ebcd-6d28-2729-57c2-579daad24557'),
('598eb899-611e-226b-5acb-b8d37b68af4d', '39446ba3-3071-7af6-a5a9-deaf32c96293', '5d116bf3-28ac-3a5c-e1d2-89b22d10517e'),
('599c726f-6edf-33d2-4e4a-aea48a10ed18', '2102924a-510c-7251-a026-71cca92946bf', '1343d389-1cc2-4ab7-88f6-423b4e874d0f'),
('59c4865b-1492-3701-4469-9f77bda75690', '174ffc6c-4080-4bc3-a126-71cca92946bf', '26cb2a41-172b-4e63-8380-7ed9d1ea06ea'),
('59c8e347-352c-11cc-4195-2c566fa88632', '39446ba3-3071-7af6-a5a9-deaf32c96293', '7eff3d36-4c83-5395-5e35-0028ed526dd0'),
('59d2ec76-7794-6092-284a-aea48a10ed18', '71952621-23c8-61d2-d0eb-e423f1575e00', '6b3600cd-500f-4faf-5035-0028ed526dd0'),
('59f36647-40aa-4f17-4495-2c566fa88632', '71952621-23c8-61d2-d0eb-e423f1575e00', '6bb2a723-7c18-1df2-0b35-60b3ebf808a9'),
('5a210e9f-2605-25c6-6180-3a2297d01534', '423d5b84-2191-6cce-df3d-c9e9e9038fe2', NULL),
('5a221ce8-7d2c-4d3a-12b5-c8af08a50cbf', '79aca385-65e3-1ebe-f488-479bce9b28fc', NULL),
('5a6b9e9c-299f-6c05-5080-3a2297d01534', '74b4ef62-677e-21c3-88db-f21ac591aca5', '464cab51-7f72-16a0-51c2-579daad24557'),
('5a9a08be-1834-2965-6069-9f77bda75690', '2102924a-510c-7251-a026-71cca92946bf', NULL),
('5ac7187b-7d3e-51cf-79cb-b8d37b68af4d', '48b51439-3625-6c0c-7532-03c92da59c43', '7ad34860-1ac8-7ad7-d01d-086412a8ea97'),
('5adcbbcf-5805-1bee-5071-153b37881afe', '39446ba3-3071-7af6-a5a9-deaf32c96293', '1630913e-76d8-4524-f71d-086412a8ea97'),
('5b37ccd4-709a-49ba-2e4a-aea48a10ed18', '74b4ef62-677e-21c3-88db-f21ac591aca5', '6ec68a82-7ea5-2028-a541-c1ec321fe728'),
('5b532fb7-27be-334c-4d71-153b37881afe', '79aca385-65e3-1ebe-f488-479bce9b28fc', '233d36ab-4bd0-431e-78f6-423b4e874d0f'),
('5c1469a5-2f1b-1bba-4a95-2c566fa88632', '423d5b84-2191-6cce-df3d-c9e9e9038fe2', '22ef197e-5586-3911-a741-c1ec321fe728'),
('5c27d8f0-69ad-3699-5e69-9f77bda75690', '174ffc6c-4080-4bc3-a126-71cca92946bf', '42a13e31-2abb-6171-dc1d-086412a8ea97'),
('5c828cd6-774e-3141-5480-3a2297d01534', '48b51439-3625-6c0c-7532-03c92da59c43', '5f03d745-7702-1c85-2bc2-579daad24557'),
('5c9053fa-24e2-218e-e169-4afe230d73a5', '2102924a-510c-7251-a026-71cca92946bf', '5f03d745-7702-1c85-2bc2-579daad24557'),
('5cd7f5a6-1352-7895-016a-4afe230d73a5', '71952621-23c8-61d2-d0eb-e423f1575e00', '190d326c-39c7-2e98-8280-7ed9d1ea06ea'),
('5cf37f24-5c9d-49a9-4371-153b37881afe', '39446ba3-3071-7af6-a5a9-deaf32c96293', '2c3624a3-5c41-65f0-3c80-de64d090a2c2'),
('5d2554c8-5d6f-7f3d-5a80-3a2297d01534', '2102924a-510c-7251-a026-71cca92946bf', '79dadd0d-69fa-5e30-35c2-579daad24557'),
('5d55b480-5f5e-609d-18b5-c8af08a50cbf', '39446ba3-3071-7af6-a5a9-deaf32c96293', '60cfb854-3731-4813-5dc2-579daad24557'),
('5d92e22c-5ca8-2f33-4b69-9f77bda75690', '3541ff76-58f0-6d1a-e836-63d5d5eff719', '7a125aae-1c50-3a73-85f6-423b4e874d0f'),
('5db7e44c-5fe7-7cdf-5895-2c566fa88632', '71952621-23c8-61d2-d0eb-e423f1575e00', '61499beb-584c-2b1e-d0d2-89b22d10517e'),
('5e0d6f80-779d-39ea-3d1e-21c6d80fbd76', '3541ff76-58f0-6d1a-e836-63d5d5eff719', '28cd1599-63bf-785f-4f80-7ed9d1ea06ea'),
('5e4dd8b8-4db8-68a0-036a-4afe230d73a5', '2102924a-510c-7251-a026-71cca92946bf', '2da5cb9b-6b25-1316-f41d-086412a8ea97'),
('5e95cda4-3f52-314f-f9b4-c8af08a50cbf', '48b51439-3625-6c0c-7532-03c92da59c43', '5a841b92-791c-78df-5180-7ed9d1ea06ea'),
('5eb72262-1b88-61fc-3a4a-aea48a10ed18', '447816de-6069-15bf-de3d-c9e9e9038fe2', '76b3b772-27f3-37bf-75f6-423b4e874d0f'),
('5ec345d1-7817-5558-ec69-4afe230d73a5', '71952621-23c8-61d2-d0eb-e423f1575e00', '143e4110-751a-5474-1f80-de64d090a2c2'),
('5fa8b451-5116-5371-5180-3a2297d01534', '174ffc6c-4080-4bc3-a126-71cca92946bf', '35992438-457c-3b07-1935-60b3ebf808a9'),
('5fc77644-30f7-78aa-3d69-9f77bda75690', '447816de-6069-15bf-de3d-c9e9e9038fe2', '124cf514-442e-23dd-3880-de64d090a2c2'),
('604aee92-5a99-4b55-61cb-b8d37b68af4d', '39446ba3-3071-7af6-a5a9-deaf32c96293', '13ede5b6-19dd-563e-1980-de64d090a2c2'),
('60c19bd8-18cd-7072-4c95-2c566fa88632', '79aca385-65e3-1ebe-f488-479bce9b28fc', '62870b9a-5a0c-5677-7e80-7ed9d1ea06ea'),
('60cc3e57-3c4f-1969-4c80-3a2297d01534', '48b51439-3625-6c0c-7532-03c92da59c43', '3017e692-73fb-6331-6a80-7ed9d1ea06ea'),
('60d82e76-2c22-2ea7-4e26-978952f080e4', '79aca385-65e3-1ebe-f488-479bce9b28fc', '2fde0921-432c-64c5-0935-60b3ebf808a9'),
('60d94351-3f55-727a-5ccb-b8d37b68af4d', '48b51439-3625-6c0c-7532-03c92da59c43', '50b49b1f-3df8-4b52-db1d-086412a8ea97'),
('611c67a0-5212-570b-6680-3a2297d01534', '2102924a-510c-7251-a026-71cca92946bf', '50253399-32d6-3154-5535-0028ed526dd0'),
('611cd143-1b83-59e9-1ab5-c8af08a50cbf', '174ffc6c-4080-4bc3-a126-71cca92946bf', '595e7d51-318c-39e8-1377-d9ebc53aac3d'),
('61d44e3a-3d32-77ea-5769-9f77bda75690', '2102924a-510c-7251-a026-71cca92946bf', '4b649055-43d5-2b07-de1d-086412a8ea97'),
('6259af22-2dde-3d53-6f71-153b37881afe', '71952621-23c8-61d2-d0eb-e423f1575e00', '46325c89-599d-77ef-74f6-423b4e874d0f'),
('62da3a4f-2bb1-68ec-f869-4afe230d73a5', '3541ff76-58f0-6d1a-e836-63d5d5eff719', '66ef0b11-1892-1443-1877-d9ebc53aac3d'),
('62f4d956-1b21-74e3-076a-4afe230d73a5', '79aca385-65e3-1ebe-f488-479bce9b28fc', NULL),
('6331172c-3212-66fe-2c1e-21c6d80fbd76', '447816de-6069-15bf-de3d-c9e9e9038fe2', '1c98cac7-2784-73af-43c2-579daad24557'),
('63412807-6715-7eb0-4680-3a2297d01534', '174ffc6c-4080-4bc3-a126-71cca92946bf', '77a68c44-5111-2d8c-7d80-7ed9d1ea06ea'),
('6343a388-6766-3e1f-4e71-153b37881afe', '71952621-23c8-61d2-d0eb-e423f1575e00', '2767c0cb-250d-4ac9-99f6-423b4e874d0f'),
('63605f9a-664d-1c51-fcb4-c8af08a50cbf', '447816de-6069-15bf-de3d-c9e9e9038fe2', '57d19966-5428-4ce3-4a77-d9ebc53aac3d'),
('63a06613-7007-26f7-5971-153b37881afe', '2102924a-510c-7251-a026-71cca92946bf', '1894486a-2191-4a91-ccd2-89b22d10517e'),
('63c0365d-2b72-78d3-7ecb-b8d37b68af4d', '48b51439-3625-6c0c-7532-03c92da59c43', '401e72cc-49b0-5b4a-5335-0028ed526dd0'),
('63c3a985-5a57-67cc-146a-4afe230d73a5', '48b51439-3625-6c0c-7532-03c92da59c43', NULL),
('63f35851-6b0b-45b5-5e26-978952f080e4', '79aca385-65e3-1ebe-f488-479bce9b28fc', '1f8f0fbf-1f52-3ca3-55c2-579daad24557'),
('641d98f2-4b53-6016-3b26-978952f080e4', '423d5b84-2191-6cce-df3d-c9e9e9038fe2', '3304dddb-1b72-607f-25c2-579daad24557'),
('647c5046-661c-15d7-4f95-2c566fa88632', '3541ff76-58f0-6d1a-e836-63d5d5eff719', '592aba45-4643-52ff-c1d2-89b22d10517e'),
('64a372bf-4893-3d12-fe69-4afe230d73a5', '3541ff76-58f0-6d1a-e836-63d5d5eff719', '4d4a30d1-798d-4346-f61d-086412a8ea97'),
('64a59a25-2488-54b0-f6b4-c8af08a50cbf', '48b51439-3625-6c0c-7532-03c92da59c43', '41f1acba-3177-4b1c-c4d2-89b22d10517e'),
('64a92470-6127-1432-211e-21c6d80fbd76', '3541ff76-58f0-6d1a-e836-63d5d5eff719', NULL),
('6548dca3-6956-69f4-83cb-b8d37b68af4d', '39446ba3-3071-7af6-a5a9-deaf32c96293', '623727c0-4fb7-573d-c3d2-89b22d10517e'),
('6558b3ce-3021-5467-4295-2c566fa88632', '71952621-23c8-61d2-d0eb-e423f1575e00', '3277a4b3-5561-5d33-2a35-60b3ebf808a9'),
('657b1d3f-5184-3abf-3f26-978952f080e4', '423d5b84-2191-6cce-df3d-c9e9e9038fe2', '527e293c-2185-6d0a-5580-7ed9d1ea06ea'),
('65d3f09f-6a67-66a7-5c71-153b37881afe', '39446ba3-3071-7af6-a5a9-deaf32c96293', '6b12b154-39d3-1a5b-2280-de64d090a2c2'),
('66d7b3f1-34e2-320e-4126-978952f080e4', '39446ba3-3071-7af6-a5a9-deaf32c96293', '151fd6bf-23e6-1487-ec1d-086412a8ea97'),
('66fb5b5d-32d2-7187-4b71-153b37881afe', '74b4ef62-677e-21c3-88db-f21ac591aca5', '1ca4f185-7203-2a84-40c2-579daad24557'),
('670e5674-4966-37bf-78cb-b8d37b68af4d', '2102924a-510c-7251-a026-71cca92946bf', '3f7028bf-3771-75c5-2380-de64d090a2c2'),
('67408602-4805-48a7-224a-aea48a10ed18', '74b4ef62-677e-21c3-88db-f21ac591aca5', '39f3c493-4680-145e-42c2-579daad24557'),
('6744767f-27f6-1586-4226-978952f080e4', '423d5b84-2191-6cce-df3d-c9e9e9038fe2', '436ac860-2783-2170-e61d-086412a8ea97'),
('67459474-34ff-2fdf-73cb-b8d37b68af4d', '3541ff76-58f0-6d1a-e836-63d5d5eff719', '237092c3-5684-7bb6-0a35-60b3ebf808a9'),
('674934cc-42cf-20cf-1d4a-aea48a10ed18', '2102924a-510c-7251-a026-71cca92946bf', '15f7fc94-6dce-3bce-2680-de64d090a2c2'),
('678b4b8f-1fb0-5f7f-5471-153b37881afe', '447816de-6069-15bf-de3d-c9e9e9038fe2', NULL),
('678e52e9-466c-3bbb-67cb-b8d37b68af4d', '71952621-23c8-61d2-d0eb-e423f1575e00', '183d7fea-247d-172e-3677-d9ebc53aac3d'),
('67c57035-2754-6b56-411e-21c6d80fbd76', '2102924a-510c-7251-a026-71cca92946bf', NULL),
('67d4182e-16b5-66cb-1eb5-c8af08a50cbf', '48b51439-3625-6c0c-7532-03c92da59c43', '33589ecb-33ac-28c7-9241-c1ec321fe728'),
('67fc4866-33eb-5c63-4c26-978952f080e4', '423d5b84-2191-6cce-df3d-c9e9e9038fe2', '22bba567-6206-6bf1-0c35-60b3ebf808a9'),
('68242b8b-5d4a-6e41-4f71-153b37881afe', '48b51439-3625-6c0c-7532-03c92da59c43', '52a36f9d-42d4-6841-38c2-579daad24557'),
('6855d223-4254-63f2-3826-978952f080e4', '48b51439-3625-6c0c-7532-03c92da59c43', '184de98f-2046-1e3f-3377-d9ebc53aac3d'),
('688e7bc2-6d22-4e16-75cb-b8d37b68af4d', '447816de-6069-15bf-de3d-c9e9e9038fe2', '2111e63d-50f8-6b2b-6980-7ed9d1ea06ea'),
('68c13754-64c6-4ff7-5526-978952f080e4', '447816de-6069-15bf-de3d-c9e9e9038fe2', '79dadd0d-69fa-5e30-35c2-579daad24557'),
('68ff7bc1-1205-1efe-301e-21c6d80fbd76', '174ffc6c-4080-4bc3-a126-71cca92946bf', '6349b25b-78e2-2d06-2780-de64d090a2c2'),
('693c6bb5-53e1-483f-4b4a-aea48a10ed18', '174ffc6c-4080-4bc3-a126-71cca92946bf', '1630913e-76d8-4524-f71d-086412a8ea97'),
('69538211-4a55-2a15-0c6a-4afe230d73a5', '74b4ef62-677e-21c3-88db-f21ac591aca5', NULL),
('69b49695-51b3-3433-5969-9f77bda75690', '71952621-23c8-61d2-d0eb-e423f1575e00', '5f03d745-7702-1c85-2bc2-579daad24557'),
('69b684a9-3962-48e7-56cb-b8d37b68af4d', '71952621-23c8-61d2-d0eb-e423f1575e00', NULL),
('6a23c06d-40c7-364f-6880-3a2297d01534', '79aca385-65e3-1ebe-f488-479bce9b28fc', '69fe3947-41b8-19b2-3e77-d9ebc53aac3d'),
('6a7e1939-70fa-3a76-5271-153b37881afe', '39446ba3-3071-7af6-a5a9-deaf32c96293', '5edb2be2-7849-4909-c2d2-89b22d10517e'),
('6a9ebe01-76d0-7b35-eb69-4afe230d73a5', '2102924a-510c-7251-a026-71cca92946bf', '144bec4f-4d46-65b1-b141-c1ec321fe728'),
('6aa4b5a4-5734-2ee2-7bcb-b8d37b68af4d', '3541ff76-58f0-6d1a-e836-63d5d5eff719', '62f0ddfa-181a-15aa-90f6-423b4e874d0f'),
('6acf37bb-5f8e-320e-3969-9f77bda75690', '3541ff76-58f0-6d1a-e836-63d5d5eff719', '2c06d3cb-7ef7-4462-5e80-7ed9d1ea06ea'),
('6b191a44-6f77-7268-5fcb-b8d37b68af4d', '423d5b84-2191-6cce-df3d-c9e9e9038fe2', '3ce2b324-5bd4-45a8-4b77-d9ebc53aac3d'),
('6b89b915-629c-5d93-09b5-c8af08a50cbf', '2102924a-510c-7251-a026-71cca92946bf', '6b76d607-7d60-38a2-5680-7ed9d1ea06ea'),
('6bf6eda4-531a-7c2f-5d69-9f77bda75690', '39446ba3-3071-7af6-a5a9-deaf32c96293', '5eaa6527-768d-3ae7-1977-d9ebc53aac3d'),
('6c28eec7-48f9-7c4d-4669-9f77bda75690', '174ffc6c-4080-4bc3-a126-71cca92946bf', '2b02c531-6d94-2852-2b35-60b3ebf808a9'),
('6c3968cd-22af-740f-5795-2c566fa88632', '48b51439-3625-6c0c-7532-03c92da59c43', '395826c8-15a0-31f9-5980-7ed9d1ea06ea'),
('6c7a82d8-25f4-3046-7acb-b8d37b68af4d', '447816de-6069-15bf-de3d-c9e9e9038fe2', '248d8b12-75d2-2c81-af41-c1ec321fe728'),
('6c8a5f3d-5415-6acc-6dcb-b8d37b68af4d', '71952621-23c8-61d2-d0eb-e423f1575e00', NULL),
('6c9c3cbc-47c4-30cd-29b5-c8af08a50cbf', '74b4ef62-677e-21c3-88db-f21ac591aca5', '7c1ae6ac-6c72-7436-2dc2-579daad24557'),
('6cd7a8e6-6f13-3440-5e95-2c566fa88632', '74b4ef62-677e-21c3-88db-f21ac591aca5', '4e2c885d-5347-35dc-79f6-423b4e874d0f'),
('6cf42bd0-50ef-1f11-6026-978952f080e4', '447816de-6069-15bf-de3d-c9e9e9038fe2', NULL),
('6d0ebc44-3c8b-5fec-7471-153b37881afe', '423d5b84-2191-6cce-df3d-c9e9e9038fe2', '30f13ea5-7711-72be-63c2-579daad24557'),
('6d1662f9-12bb-6e2d-3a26-978952f080e4', '74b4ef62-677e-21c3-88db-f21ac591aca5', '643eb1df-3f3b-2eec-6e80-7ed9d1ea06ea'),
('6d395ce9-6364-2ef1-15b5-c8af08a50cbf', '71952621-23c8-61d2-d0eb-e423f1575e00', '54f4076f-3abc-2bf6-e4d2-89b22d10517e'),
('6d3b9bea-50e2-3fe2-3d95-2c566fa88632', '79aca385-65e3-1ebe-f488-479bce9b28fc', '192b3b9d-5e60-3b13-5b80-7ed9d1ea06ea'),
('6d5cc407-7288-2823-55cb-b8d37b68af4d', '79aca385-65e3-1ebe-f488-479bce9b28fc', '26942456-25a8-5ec2-8b41-c1ec321fe728'),
('6e073362-7dbf-31ec-3e1e-21c6d80fbd76', '174ffc6c-4080-4bc3-a126-71cca92946bf', '4b619cb2-5b4f-63b3-6335-0028ed526dd0'),
('6e745177-3e0c-7461-6080-3a2297d01534', '447816de-6069-15bf-de3d-c9e9e9038fe2', '2c14d4bf-4fdf-22d0-cbd2-89b22d10517e'),
('6e75c05c-1a34-5a7e-371e-21c6d80fbd76', '3541ff76-58f0-6d1a-e836-63d5d5eff719', '27852fe9-2bc5-1399-3f80-de64d090a2c2'),
('6ea7e92e-1122-2523-4c71-153b37881afe', '2102924a-510c-7251-a026-71cca92946bf', '17872e95-3d24-6d1a-32c2-579daad24557'),
('6ef118a1-6896-19c7-ee69-4afe230d73a5', '39446ba3-3071-7af6-a5a9-deaf32c96293', '7ad34860-1ac8-7ad7-d01d-086412a8ea97'),
('6f1d7ad9-5aa0-4a65-f169-4afe230d73a5', '48b51439-3625-6c0c-7532-03c92da59c43', '2111e63d-50f8-6b2b-6980-7ed9d1ea06ea'),
('6f1fa8c1-78e8-2e7a-08b5-c8af08a50cbf', '79aca385-65e3-1ebe-f488-479bce9b28fc', '322105dd-142f-392d-2fc2-579daad24557'),
('6f4216f5-1976-7ef5-4869-9f77bda75690', '39446ba3-3071-7af6-a5a9-deaf32c96293', '22e1c5f6-3888-6d33-6435-0028ed526dd0'),
('6f51908f-2913-7210-7371-153b37881afe', '71952621-23c8-61d2-d0eb-e423f1575e00', '6aaa3ade-5fea-78c5-7880-7ed9d1ea06ea'),
('6f7134cf-4310-566e-5169-9f77bda75690', '447816de-6069-15bf-de3d-c9e9e9038fe2', '31ae1818-7baf-1872-1e77-d9ebc53aac3d'),
('6f8e6e4a-748c-69d8-491e-21c6d80fbd76', '3541ff76-58f0-6d1a-e836-63d5d5eff719', '1737c16a-1277-1be3-3bc2-579daad24557'),
('6fc50d1b-516b-7e14-5a26-978952f080e4', '48b51439-3625-6c0c-7532-03c92da59c43', '2efc0ff3-37c0-286f-bbd2-89b22d10517e'),
('6fcbca4a-7938-4339-51cb-b8d37b68af4d', '3541ff76-58f0-6d1a-e836-63d5d5eff719', '619ecbc4-37bc-19ea-6ff6-423b4e874d0f'),
('6fe7520c-5758-2461-3a69-9f77bda75690', '48b51439-3625-6c0c-7532-03c92da59c43', '255b28ba-2177-6baf-0835-60b3ebf808a9'),
('70a693b5-1a5f-4f47-391e-21c6d80fbd76', '74b4ef62-677e-21c3-88db-f21ac591aca5', '3925af30-4d16-2b1f-93f6-423b4e874d0f'),
('70edc7b9-702f-70b2-3d71-153b37881afe', '48b51439-3625-6c0c-7532-03c92da59c43', '1c903ec2-2941-7cc6-dcd2-89b22d10517e'),
('71400769-26cc-4898-344a-aea48a10ed18', '74b4ef62-677e-21c3-88db-f21ac591aca5', '72b3a7fb-5af1-655b-5fc2-579daad24557'),
('71470624-7685-2fae-1fb5-c8af08a50cbf', '79aca385-65e3-1ebe-f488-479bce9b28fc', '6e1ed17d-2114-41fc-9e41-c1ec321fe728'),
('71ae1697-4c94-56d3-86cb-b8d37b68af4d', '3541ff76-58f0-6d1a-e836-63d5d5eff719', '58afd6b5-2205-64f6-9341-c1ec321fe728'),
('71f0ce54-5d84-2d59-2f4a-aea48a10ed18', '74b4ef62-677e-21c3-88db-f21ac591aca5', '667467e2-6216-209e-8180-7ed9d1ea06ea'),
('724a3873-137c-6563-3a95-2c566fa88632', '423d5b84-2191-6cce-df3d-c9e9e9038fe2', '6d7def1b-4b7e-52aa-8f41-c1ec321fe728'),
('7276780d-5d78-49c2-4780-3a2297d01534', '48b51439-3625-6c0c-7532-03c92da59c43', '34e0b175-5b50-44af-8af6-423b4e874d0f'),
('7286948c-689b-15b7-6a71-153b37881afe', '74b4ef62-677e-21c3-88db-f21ac591aca5', NULL),
('72a39eb9-1c5d-66d3-ff69-4afe230d73a5', '71952621-23c8-61d2-d0eb-e423f1575e00', '257f267d-1259-4c3b-2e80-de64d090a2c2'),
('72b0b202-47e4-7778-7dcb-b8d37b68af4d', '423d5b84-2191-6cce-df3d-c9e9e9038fe2', '4155b8df-1bec-5054-7480-7ed9d1ea06ea'),
('731eb9ff-581b-14c8-3126-978952f080e4', '74b4ef62-677e-21c3-88db-f21ac591aca5', '57d4e925-6e28-208d-9741-c1ec321fe728'),
('732b3277-5dd6-4ff5-4d80-3a2297d01534', '71952621-23c8-61d2-d0eb-e423f1575e00', '66c1435b-3547-772d-50c2-579daad24557'),
('73462824-20e7-13e7-5d26-978952f080e4', '71952621-23c8-61d2-d0eb-e423f1575e00', '1c98cac7-2784-73af-43c2-579daad24557'),
('73a25de2-3936-33ca-6771-153b37881afe', '74b4ef62-677e-21c3-88db-f21ac591aca5', '485c2f8b-26ef-7313-f01d-086412a8ea97'),
('73a7a5c9-47c2-34ab-5bcb-b8d37b68af4d', '447816de-6069-15bf-de3d-c9e9e9038fe2', '2767c0cb-250d-4ac9-99f6-423b4e874d0f'),
('73c38ab7-7550-1ab4-3726-978952f080e4', '74b4ef62-677e-21c3-88db-f21ac591aca5', '1208b54a-66ee-355a-46c2-579daad24557'),
('740091d7-52fa-1be8-26b5-c8af08a50cbf', '74b4ef62-677e-21c3-88db-f21ac591aca5', '248d8b12-75d2-2c81-af41-c1ec321fe728'),
('741731fb-4dd0-50f8-4280-3a2297d01534', '48b51439-3625-6c0c-7532-03c92da59c43', '1b05fdba-145b-7ab0-8d41-c1ec321fe728'),
('742938d1-6a57-1510-5269-9f77bda75690', '79aca385-65e3-1ebe-f488-479bce9b28fc', '79dadd0d-69fa-5e30-35c2-579daad24557'),
('74b3a1b8-78a2-3823-6226-978952f080e4', '39446ba3-3071-7af6-a5a9-deaf32c96293', NULL),
('74dd00a8-2b7d-14b7-5326-978952f080e4', '3541ff76-58f0-6d1a-e836-63d5d5eff719', '6b550b8f-7ff9-51bc-0f77-d9ebc53aac3d'),
('751d9b3c-4512-268d-2826-978952f080e4', '48b51439-3625-6c0c-7532-03c92da59c43', '1c81ee21-5452-337b-3c77-d9ebc53aac3d'),
('7538f81c-5df4-3ddf-5b69-9f77bda75690', '447816de-6069-15bf-de3d-c9e9e9038fe2', '21ae5078-5e68-3790-6af6-423b4e874d0f'),
('7599f369-721b-12c1-4269-9f77bda75690', '48b51439-3625-6c0c-7532-03c92da59c43', '234865cb-5d80-7244-70f6-423b4e874d0f'),
('75bbfdb1-1da3-4cef-116a-4afe230d73a5', '74b4ef62-677e-21c3-88db-f21ac591aca5', '705a21b7-6a47-5cdc-3780-de64d090a2c2'),
('762efeb2-1b97-4b93-4f80-3a2297d01534', '2102924a-510c-7251-a026-71cca92946bf', '65ecf5c2-5298-156e-d51d-086412a8ea97'),
('76607692-1a71-7b1e-0d6a-4afe230d73a5', '71952621-23c8-61d2-d0eb-e423f1575e00', '23fe9ba6-680a-2bb3-7a80-7ed9d1ea06ea'),
('77842119-1980-5d66-64cb-b8d37b68af4d', '71952621-23c8-61d2-d0eb-e423f1575e00', NULL),
('77ddb4fe-38fe-6f30-464a-aea48a10ed18', '74b4ef62-677e-21c3-88db-f21ac591aca5', '6b9348f5-1362-7ba5-1235-60b3ebf808a9'),
('77f9db4f-5327-23f3-2b26-978952f080e4', '71952621-23c8-61d2-d0eb-e423f1575e00', '61499beb-584c-2b1e-d0d2-89b22d10517e'),
('7800b12e-7d2d-7572-394a-aea48a10ed18', '71952621-23c8-61d2-d0eb-e423f1575e00', '11a8748f-3464-740c-28c2-579daad24557'),
('7836ad8f-67e8-4309-00b5-c8af08a50cbf', '74b4ef62-677e-21c3-88db-f21ac591aca5', '183d7fea-247d-172e-3677-d9ebc53aac3d'),
('7874357d-7110-180b-63cb-b8d37b68af4d', '39446ba3-3071-7af6-a5a9-deaf32c96293', '56867833-46fe-3f3e-cfd2-89b22d10517e'),
('78f4ca4e-1b23-4e61-6d80-3a2297d01534', '3541ff76-58f0-6d1a-e836-63d5d5eff719', '1f85f165-3ed3-370a-b7d2-89b22d10517e'),
('79035b8c-21bc-5e66-66cb-b8d37b68af4d', '39446ba3-3071-7af6-a5a9-deaf32c96293', '1aae7de9-58a5-49fe-3a77-d9ebc53aac3d'),
('794ca02a-1314-6ec3-df69-4afe230d73a5', '79aca385-65e3-1ebe-f488-479bce9b28fc', '143e4110-751a-5474-1f80-de64d090a2c2'),
('794e8940-31b5-5b6e-514a-aea48a10ed18', '79aca385-65e3-1ebe-f488-479bce9b28fc', '35992438-457c-3b07-1935-60b3ebf808a9'),
('7971e10c-2c4e-420e-5a95-2c566fa88632', '2102924a-510c-7251-a026-71cca92946bf', '5f4b1d0a-247b-7049-4435-0028ed526dd0'),
('799e5420-3e78-39b7-4871-153b37881afe', '79aca385-65e3-1ebe-f488-479bce9b28fc', '35ec2e7b-17b3-1b63-6080-7ed9d1ea06ea'),
('79c13594-4781-1b7c-204a-aea48a10ed18', '39446ba3-3071-7af6-a5a9-deaf32c96293', '481183cb-5a6c-795b-68f6-423b4e874d0f'),
('79cb8357-27d8-4831-6ccb-b8d37b68af4d', '74b4ef62-677e-21c3-88db-f21ac591aca5', '4a9854e8-12ac-72ac-2877-d9ebc53aac3d'),
('79f7c405-2e1f-3e93-4b95-2c566fa88632', '79aca385-65e3-1ebe-f488-479bce9b28fc', NULL),
('7a047963-5ae2-3fb9-5069-9f77bda75690', '423d5b84-2191-6cce-df3d-c9e9e9038fe2', '741b0ac2-17ca-4d0a-ae41-c1ec321fe728'),
('7a7d008f-16e6-64f9-234a-aea48a10ed18', '174ffc6c-4080-4bc3-a126-71cca92946bf', '144bec4f-4d46-65b1-b141-c1ec321fe728'),
('7a96d02f-2568-2a73-62cb-b8d37b68af4d', '71952621-23c8-61d2-d0eb-e423f1575e00', '696881d0-44d2-217d-7c80-7ed9d1ea06ea'),
('7b0f65a1-28c0-468d-5595-2c566fa88632', '447816de-6069-15bf-de3d-c9e9e9038fe2', '4a594072-7a23-18da-c9d2-89b22d10517e'),
('7b38ca60-21fb-211f-5b71-153b37881afe', '3541ff76-58f0-6d1a-e836-63d5d5eff719', '6349b25b-78e2-2d06-2780-de64d090a2c2'),
('7b4488cf-608a-454d-5f69-9f77bda75690', '423d5b84-2191-6cce-df3d-c9e9e9038fe2', '35a11d1c-179b-2015-3a80-de64d090a2c2'),
('7bb00408-72d6-3e72-4795-2c566fa88632', '39446ba3-3071-7af6-a5a9-deaf32c96293', '3f9e1122-6ac0-3e96-8680-7ed9d1ea06ea'),
('7bb9de20-20fd-692d-4526-978952f080e4', '2102924a-510c-7251-a026-71cca92946bf', '5e018773-114a-3517-54c2-579daad24557'),
('7bdc5e2d-39c9-61af-374a-aea48a10ed18', '39446ba3-3071-7af6-a5a9-deaf32c96293', '5f03d745-7702-1c85-2bc2-579daad24557'),
('7be690b2-13cd-5e17-5371-153b37881afe', '71952621-23c8-61d2-d0eb-e423f1575e00', '6d7def1b-4b7e-52aa-8f41-c1ec321fe728'),
('7c1eec59-79ff-4509-5780-3a2297d01534', '48b51439-3625-6c0c-7532-03c92da59c43', '65334c99-4eec-773c-2c77-d9ebc53aac3d'),
('7cb1ec7e-2c13-2c77-f069-4afe230d73a5', '2102924a-510c-7251-a026-71cca92946bf', '11ea67a8-36b3-7e4b-3e80-de64d090a2c2'),
('7cc53bdf-6f4d-73aa-5f26-978952f080e4', '74b4ef62-677e-21c3-88db-f21ac591aca5', NULL),
('7cd00cfc-270f-6728-5126-978952f080e4', '423d5b84-2191-6cce-df3d-c9e9e9038fe2', '7a301ea4-331e-73f6-1a77-d9ebc53aac3d'),
('7d48beff-19b8-521b-5469-9f77bda75690', '423d5b84-2191-6cce-df3d-c9e9e9038fe2', '7eebdc34-6c41-1ab4-5735-0028ed526dd0'),
('7d7bed68-4449-13bd-6269-9f77bda75690', '74b4ef62-677e-21c3-88db-f21ac591aca5', '6b9348f5-1362-7ba5-1235-60b3ebf808a9'),
('7d97531a-6272-7b2d-4569-9f77bda75690', '74b4ef62-677e-21c3-88db-f21ac591aca5', '53f68d51-267f-2d1e-8241-c1ec321fe728'),
('7d9fe009-31b1-5cd1-4971-153b37881afe', '447816de-6069-15bf-de3d-c9e9e9038fe2', '199db575-444b-2633-6880-7ed9d1ea06ea'),
('7e336cda-7f4c-3a8e-3895-2c566fa88632', '71952621-23c8-61d2-d0eb-e423f1575e00', '14eefd80-16e7-2f31-fd1d-086412a8ea97'),
('7e7f7dfa-4ab5-1713-6195-2c566fa88632', '48b51439-3625-6c0c-7532-03c92da59c43', '53a94363-7679-3c29-59c2-579daad24557'),
('7ea21240-4ff4-2ea8-106a-4afe230d73a5', '39446ba3-3071-7af6-a5a9-deaf32c96293', '485c2f8b-26ef-7313-f01d-086412a8ea97'),
('7f2f326b-4385-3beb-244a-aea48a10ed18', '71952621-23c8-61d2-d0eb-e423f1575e00', '1518ced5-6993-37f8-6180-7ed9d1ea06ea'),
('7f474934-4618-4706-4d69-9f77bda75690', '174ffc6c-4080-4bc3-a126-71cca92946bf', NULL),
('7fc94edc-2827-7327-1f1e-21c6d80fbd76', '447816de-6069-15bf-de3d-c9e9e9038fe2', '2872c174-68d3-29c1-4935-0028ed526dd0'),
('7fdb190a-4acb-5b68-424a-aea48a10ed18', '2102924a-510c-7251-a026-71cca92946bf', '17f16893-6d79-4a46-b041-c1ec321fe728');

-- 
-- Restore previous SQL mode
-- 
/*!40101 SET SQL_MODE=@OLD_SQL_MODE */;

-- 
-- Enable foreign keys
-- 
/*!40014 SET FOREIGN_KEY_CHECKS = @OLD_FOREIGN_KEY_CHECKS */;